osm_id,osm_type,name,tags,geometry_wkt
49396745,way,MDR22,"{""bridge"": ""yes"", ""highway"": ""secondary"", ""maxspeed"": ""30"", ""name"": ""MDR22"", ""ref"": ""MDR22""}","LINESTRING (77.3096064 31.275368, 77.3095397 31.2754695)"
1286693626,way,,"{""bridge"": ""yes"", ""highway"": ""track"", ""layer"": ""1""}","LINESTRING (77.1581514 31.2305291, 77.1575231 31.2309819)"
1108068980,way,,"{""bridge"": ""yes"", ""highway"": ""unclassified"", ""layer"": ""1""}","LINESTRING (77.2314439 31.3526268, 77.2318093 31.3526043)"
1108068971,way,,"{""bridge"": ""yes"", ""highway"": ""unclassified"", ""layer"": ""1""}","LINESTRING (77.2267156 31.3528733, 77.2262337 31.352737)"
1108068948,way,,"{""bridge"": ""yes"", ""highway"": ""service"", ""layer"": ""1""}","LINESTRING (77.2303918 31.357276, 77.2304826 31.3573499)"
1108068960,way,,"{""bridge"": ""yes"", ""highway"": ""unclassified"", ""layer"": ""1""}","LINESTRING (77.2146305 31.3660199, 77.2145319 31.3658038)"
1107873378,way,,"{""bridge"": ""yes"", ""highway"": ""unclassified"", ""layer"": ""1""}","LINESTRING (77.344242 31.3359637, 77.3445488 31.3357616)"
737889195,way,,"{""bridge"": ""yes"", ""highway"": ""path"", ""layer"": ""1""}","LINESTRING (77.3863664 31.3595036, 77.3868267 31.3600354)"
428152450,way,,"{""bridge"": ""yes"", ""highway"": ""unclassified""}","LINESTRING (77.1269918 31.2458279, 77.1253902 31.2458101)"
49395432,way,SH13,"{""bridge"": ""yes"", ""highway"": ""primary"", ""lanes"": ""2"", ""layer"": ""1"", ""maxspeed"": ""30"", ""name"": ""SH13"", ""ref"": ""State Highway 13""}","LINESTRING (77.0876589 31.2476809, 77.08695691560372 31.24676597694071)"
794939011,way,,"{""bridge"": ""yes"", ""highway"": ""footway"", ""layer"": ""1""}","LINESTRING (77.0802498 31.2974609, 77.0802793 31.2973051)"
660718522,way,,"{""bridge"": ""yes"", ""highway"": ""primary"", ""layer"": ""1"", ""ref"": ""SH13"", ""surface"": ""asphalt""}","LINESTRING (77.1342708 31.3850383, 77.1344143 31.3850257, 77.1345645 31.3849983)"
1346876483,way,,"{""bridge"": ""yes"", ""highway"": ""primary"", ""layer"": ""1"", ""ref"": ""SH13"", ""surface"": ""asphalt""}","LINESTRING (77.1250159 31.3873349, 77.1252103 31.3872559)"
794912956,way,,"{""bridge"": ""yes"", ""highway"": ""footway"", ""layer"": ""1""}","LINESTRING (77.0524956 31.3878203, 77.0526472 31.3877276)"
794912953,way,,"{""bridge"": ""yes"", ""highway"": ""footway"", ""layer"": ""1""}","LINESTRING (77.0570903 31.398397, 77.0570232 31.3981646)"
794912952,way,,"{""bridge"": ""yes"", ""highway"": ""footway"", ""layer"": ""1""}","LINESTRING (77.0603022 31.3999653, 77.0603961 31.399734)"
794912951,way,,"{""bridge"": ""yes"", ""highway"": ""footway"", ""layer"": ""1""}","LINESTRING (77.0693895 31.4064028, 77.0691857 31.4063387)"
794912962,way,,"{""bridge"": ""yes"", ""highway"": ""footway"", ""layer"": ""1""}","LINESTRING (77.0486802 31.33502, 77.0483851 31.3350612)"
1110285105,way,,"{""bridge"": ""yes"", ""highway"": ""track"", ""layer"": ""1""}","LINESTRING (76.9530299 31.3386144, 76.952865 31.3390623)"
794912958,way,,"{""bridge"": ""yes"", ""highway"": ""footway"", ""layer"": ""1""}","LINESTRING (77.0488103 31.3697311, 77.0486467 31.3696361)"
794912957,way,,"{""bridge"": ""yes"", ""highway"": ""footway"", ""layer"": ""1""}","LINESTRING (77.0517084 31.3817261, 77.0516708 31.3815406)"
1333920247,way,,"{""bridge"": ""yes"", ""highway"": ""unclassified"", ""layer"": ""1""}","LINESTRING (76.9874963 31.4665381, 76.9878611 31.4664306)"
1110610144,way,,"{""bridge"": ""yes"", ""highway"": ""unclassified"", ""layer"": ""1""}","LINESTRING (76.9601807 31.4754737, 76.9601861 31.4756979)"
1108068956,way,,"{""bridge"": ""yes"", ""highway"": ""track"", ""layer"": ""1""}","LINESTRING (77.2139715 31.376054, 77.2140051 31.3762915)"
1108068950,way,,"{""bridge"": ""yes"", ""highway"": ""unclassified"", ""layer"": ""1""}","LINESTRING (77.2258637 31.38558, 77.2260312 31.3854802)"
1347873884,way,,"{""bridge"": ""yes"", ""highway"": ""secondary"", ""layer"": ""1"", ""ref"": ""MDR21"", ""surface"": ""asphalt""}","LINESTRING (77.2062082 31.4077427, 77.2062169 31.4078817)"
1347873886,way,,"{""bridge"": ""yes"", ""highway"": ""tertiary"", ""layer"": ""1""}","LINESTRING (77.19971 31.4276423, 77.1994713 31.4276561)"
1347880282,way,,"{""bridge"": ""yes"", ""highway"": ""unclassified"", ""layer"": ""1"", ""surface"": ""unpaved""}","LINESTRING (77.2335716 31.4937838, 77.23342 31.4938273)"
1347880283,way,,"{""bridge"": ""yes"", ""highway"": ""unclassified"", ""layer"": ""1""}","LINESTRING (77.2283761 31.5048653, 77.2285853 31.5048871)"
609298372,way,,"{""bridge"": ""yes"", ""highway"": ""footway"", ""layer"": ""1""}","LINESTRING (77.2249872 31.5119915, 77.2249362 31.5118886)"
609298362,way,,"{""bridge"": ""yes"", ""highway"": ""unclassified"", ""layer"": ""1"", ""surface"": ""unpaved""}","LINESTRING (77.2242549 31.5120217, 77.2240067 31.512319)"
1351564895,way,,"{""bridge"": ""yes"", ""highway"": ""unclassified"", ""layer"": ""1""}","LINESTRING (77.2206084 31.5213646, 77.2210054 31.5212869)"
1108378701,way,,"{""bridge"": ""yes"", ""highway"": ""unclassified"", ""level"": ""1""}","LINESTRING (77.215586 31.5309557, 77.215755 31.5307385)"
547285435,way,,"{""bridge"": ""yes"", ""highway"": ""secondary"", ""layer"": ""1"", ""ref"": ""MDR21""}","LINESTRING (77.3844364 31.3629086, 77.384879 31.3627185)"
1018379452,way,,"{""bridge"": ""yes"", ""highway"": ""secondary"", ""layer"": ""1"", ""ref"": ""MDR21"", ""surface"": ""asphalt""}","LINESTRING (77.3332357 31.3662409, 77.3328036 31.3659553)"
1334593440,way,,"{""bridge"": ""yes"", ""highway"": ""unclassified"", ""layer"": ""1""}","LINESTRING (77.2734801 31.4641108, 77.2734654 31.46393)"
1105529678,way,,"{""bridge"": ""yes"", ""highway"": ""unclassified"", ""layer"": ""1""}","LINESTRING (77.3257014 31.4699949, 77.325146 31.4700804)"
737892494,way,,"{""bridge"": ""yes"", ""highway"": ""track"", ""layer"": ""1""}","LINESTRING (77.3235932 31.4746364, 77.3236359 31.4746748)"
557920324,way,,"{""bridge"": ""yes"", ""highway"": ""track"", ""layer"": ""1""}","LINESTRING (77.3014703 31.5626668, 77.3016849 31.5627171)"
1108393750,way,,"{""bridge"": ""yes"", ""highway"": ""unclassified"", ""level"": ""1""}","LINESTRING (77.135731 31.4105584, 77.1359589 31.4107615)"
1345046505,way,,"{""bridge"": ""yes"", ""highway"": ""unclassified"", ""layer"": ""1""}","LINESTRING (77.1323893 31.4166398, 77.1325931 31.4166077)"
1345206122,way,,"{""bridge"": ""yes"", ""highway"": ""primary"", ""layer"": ""1"", ""ref"": ""SH13"", ""surface"": ""asphalt""}","LINESTRING (77.0729059 31.4409252, 77.0730588 31.4408634)"
529376133,way,,"{""bridge"": ""yes"", ""highway"": ""residential"", ""layer"": ""1"", ""oneway"": ""no""}","LINESTRING (77.1223293 31.4759506, 77.1224181 31.4758013)"
529376135,way,Jahal Devidarh Road,"{""bridge"": ""yes"", ""highway"": ""unclassified"", ""layer"": ""1"", ""name"": ""Jahal Devidarh Road"", ""oneway"": ""no""}","LINESTRING (77.1083292 31.4781162, 77.1079835 31.477977)"
529445729,way,Jahal Road,"{""bridge"": ""yes"", ""highway"": ""unclassified"", ""layer"": ""1"", ""name"": ""Jahal Road"", ""oneway"": ""no""}","LINESTRING (77.0902962 31.4923948, 77.0901645 31.4928095)"
529376137,way,Jahal Devidarh Road,"{""bridge"": ""yes"", ""highway"": ""unclassified"", ""layer"": ""1"", ""name"": ""Jahal Devidarh Road"", ""oneway"": ""no""}","LINESTRING (77.0745953 31.5058703, 77.074845 31.5055019)"
529445718,way,Jahal Road,"{""bridge"": ""yes"", ""highway"": ""unclassified"", ""layer"": ""1"", ""name"": ""Jahal Road"", ""oneway"": ""no""}","LINESTRING (77.0725666 31.5164043, 77.0725705 31.5162469)"
529376141,way,Jacch Lot Road,"{""bridge"": ""yes"", ""highway"": ""unclassified"", ""layer"": ""1"", ""name"": ""Jacch Lot Road"", ""oneway"": ""no""}","LINESTRING (77.0753188 31.5185157, 77.0757023 31.518538, 77.0761084 31.5184836, 77.0765483 31.51863, 77.0768487 31.5187123, 77.0766234 31.5189958, 77.0764196 31.5191787, 77.0763659 31.5195995, 77.0761621 31.5201665, 77.0762479 31.5209713, 77.0763659 31.5211542, 77.0769024 31.5210262, 77.0772135 31.5209073, 77.0776182 31.5211114)"
529445714,way,Jacch Road,"{""bridge"": ""yes"", ""highway"": ""unclassified"", ""layer"": ""1"", ""name"": ""Jacch Road"", ""oneway"": ""no""}","LINESTRING (77.055204 31.5286492, 77.0553963 31.5287082)"
1345233487,way,,"{""bridge"": ""yes"", ""highway"": ""unclassified"", ""layer"": ""1""}","LINESTRING (77.0248836 31.4794574, 77.0248284 31.4793801)"
1110610155,way,,"{""bridge"": ""yes"", ""highway"": ""unclassified"", ""layer"": ""1""}","LINESTRING (76.9497335 31.4807509, 76.9498247 31.4809248)"
1110610152,way,,"{""bridge"": ""yes"", ""highway"": ""unclassified"", ""layer"": ""1""}","LINESTRING (76.9503906 31.4845423, 76.9503075 31.4844519)"
1110883522,way,,"{""bridge"": ""yes"", ""highway"": ""tertiary"", ""layer"": ""1""}","LINESTRING (76.9616397 31.508029, 76.9613054 31.5080355)"
1107591288,way,,"{""bridge"": ""yes"", ""highway"": ""track"", ""layer"": ""1""}","LINESTRING (77.0523253 31.5326863, 77.0521885 31.5326098)"
529445708,way,,"{""bridge"": ""yes"", ""highway"": ""unclassified"", ""layer"": ""1"", ""oneway"": ""no""}","LINESTRING (77.0407149 31.5361987, 77.0408784 31.5364535)"
529376143,way,,"{""bridge"": ""yes"", ""highway"": ""unclassified"", ""layer"": ""1"", ""oneway"": ""no""}","LINESTRING (77.0305171 31.5424882, 77.030595 31.5424013, 77.0307508 31.5423503, 77.0308347 31.542386)"
1104543689,way,,"{""bridge"": ""yes"", ""highway"": ""secondary"", ""layer"": ""1""}","LINESTRING (77.0317367 31.5538309, 77.0321712 31.5539841)"
1091238579,way,,"{""bridge"": ""yes"", ""highway"": ""unclassified"", ""layer"": ""1""}","LINESTRING (76.9493955 31.5562331, 76.9489852 31.5564959)"
1091238578,way,,"{""bridge"": ""yes"", ""highway"": ""unclassified"", ""layer"": ""1""}","LINESTRING (76.9607949 31.5634484, 76.9604838 31.5638049)"
1460549554,way,,"{""bridge"": ""yes"", ""highway"": ""tertiary"", ""layer"": ""1"", ""surface"": ""asphalt""}","LINESTRING (77.0522982 31.5757999, 77.0527355 31.5759257)"
1036656675,way,,"{""bridge"": ""yes"", ""highway"": ""unclassified"", ""layer"": ""1""}","LINESTRING (77.0543748 31.5968432, 77.0548256 31.5962716)"
1036656678,way,,"{""bridge"": ""yes"", ""highway"": ""unclassified"", ""layer"": ""1""}","LINESTRING (77.069054 31.6052217, 77.0690121 31.6055422)"
1036656679,way,,"{""bridge"": ""yes"", ""highway"": ""tertiary"", ""layer"": ""1"", ""surface"": ""unpaved""}","LINESTRING (77.0740457 31.6077307, 77.0734998 31.6078294)"
1036656682,way,,"{""bridge"": ""yes"", ""highway"": ""unclassified"", ""layer"": ""1""}","LINESTRING (77.0723293 31.6093418, 77.072593 31.6098096)"
1036656681,way,,"{""bridge"": ""yes"", ""highway"": ""unclassified"", ""layer"": ""1""}","LINESTRING (77.0691426 31.6137702, 77.0688248 31.6144492)"
1493154579,way,,"{""bridge"": ""yes"", ""highway"": ""tertiary"", ""layer"": ""1"", ""surface"": ""asphalt""}","LINESTRING (77.0599696 31.6168864, 77.0597416 31.6168179)"
1036656687,way,,"{""bridge"": ""yes"", ""highway"": ""unclassified"", ""layer"": ""1""}","LINESTRING (77.0668768 31.6338877, 77.0674985 31.6340693)"
1036656690,way,,"{""bridge"": ""yes"", ""highway"": ""unclassified"", ""layer"": ""1""}","LINESTRING (77.0673625 31.6348167, 77.0666376 31.6346207)"
733870260,way,,"{""bridge"": ""yes"", ""highway"": ""tertiary"", ""layer"": ""1""}","LINESTRING (77.0932529 31.6557582, 77.0926228 31.6554157)"
1092219616,way,,"{""bridge"": ""yes"", ""highway"": ""unclassified"", ""layer"": ""1""}","LINESTRING (76.7898658 31.5762252, 76.7897263 31.5759259)"
1341428552,way,,"{""bridge"": ""yes"", ""highway"": ""unclassified"", ""layer"": ""1""}","LINESTRING (76.7739117 31.605221, 76.7742514 31.605246)"
1092210301,way,,"{""bridge"": ""yes"", ""highway"": ""unclassified"", ""layer"": ""1""}","LINESTRING (76.7748696 31.6064784, 76.7748905 31.6066659)"
1122151867,way,,"{""bridge"": ""yes"", ""highway"": ""unclassified"", ""layer"": ""1""}","LINESTRING (76.7948996 31.6560207, 76.7946763 31.6559637)"
1092718316,way,,"{""bridge"": ""yes"", ""highway"": ""primary"", ""layer"": ""1""}","LINESTRING (76.7343441 31.5765269, 76.7340758 31.5767702)"
1092718314,way,,"{""bridge"": ""yes"", ""highway"": ""primary"", ""layer"": ""1""}","LINESTRING (76.7330191 31.5846511, 76.7328541 31.584955)"
49360453,way,Slapper Kol Dam Link Road,"{""bridge"": ""yes"", ""highway"": ""tertiary"", ""layer"": ""1"", ""maxspeed"": ""30"", ""name"": ""Slapper Kol Dam Link Road"", ""ref"": ""Slapper Kol Dam Link Road""}","LINESTRING (76.88182901457493 31.386941938626236, 76.8828615 31.3867339)"
1008636086,way,,"{""bridge"": ""yes"", ""highway"": ""path""}","LINESTRING (76.8757153 31.4136847, 76.8762061 31.4131582)"
1110583579,way,,"{""bridge"": ""yes"", ""highway"": ""unclassified"", ""layer"": ""1""}","LINESTRING (76.8710589 31.4177889, 76.8713057 31.4177957)"
1332665365,way,,"{""bridge"": ""yes"", ""highway"": ""unclassified"", ""layer"": ""1""}","LINESTRING (76.8964286 31.4254772, 76.8966727 31.4253616)"
1092219596,way,,"{""bridge"": ""yes"", ""highway"": ""unclassified"", ""layer"": ""1""}","LINESTRING (76.8673468 31.4786819, 76.8676673 31.4786065)"
1341428137,way,,"{""bridge"": ""yes"", ""highway"": ""unclassified"", ""layer"": ""1""}","LINESTRING (76.8700719 31.4832293, 76.8697795 31.4831115)"
1286280973,way,,"{""bridge"": ""yes"", ""highway"": ""unclassified"", ""layer"": ""1""}","LINESTRING (76.8244366 31.4197834, 76.8247087 31.4184945)"
1286271017,way,,"{""bridge"": ""yes"", ""highway"": ""trunk"", ""layer"": ""1"", ""oneway"": ""yes""}","LINESTRING (76.8078887 31.4261386, 76.8077427 31.4261195, 76.8076079 31.4261019, 76.8074023 31.4260727, 76.8072214 31.426029, 76.8070763 31.42597)"
1286271018,way,,"{""bridge"": ""yes"", ""highway"": ""trunk"", ""layer"": ""1"", ""oneway"": ""yes""}","LINESTRING (76.8070475 31.4260737, 76.8072078 31.4261475, 76.8074345 31.4262011, 76.8076826 31.4262354, 76.8078683 31.426254)"
1131816151,way,,"{""bridge"": ""yes"", ""highway"": ""unclassified"", ""layer"": ""1""}","LINESTRING (76.8082614 31.4271407, 76.8079653 31.4272075)"
1124520052,way,,"{""bridge"": ""yes"", ""highway"": ""unclassified"", ""layer"": ""1""}","LINESTRING (76.8359327 31.4352143, 76.8356726 31.4353642)"
1078911533,way,,"{""bridge"": ""yes"", ""highway"": ""trunk"", ""layer"": ""1"", ""oneway"": ""yes"", ""source:bridge"": ""Esri""}","LINESTRING (76.8311164 31.4361954, 76.8304001 31.4363336, 76.8303068 31.4363497, 76.8302155 31.4363585, 76.8301236 31.4363607, 76.8300317 31.4363561, 76.829945 31.4363455, 76.8298596 31.4363289, 76.8297719 31.4363052)"
1078911534,way,,"{""bridge"": ""yes"", ""highway"": ""trunk"", ""layer"": ""1"", ""oneway"": ""yes"", ""source:bridge"": ""Esri""}","LINESTRING (76.8297279 31.4364056, 76.829832 31.4364156, 76.8299258 31.4364339, 76.8300211 31.4364455, 76.8301219 31.4364506, 76.8302228 31.4364482, 76.8303232 31.4364385, 76.8304221 31.4364215, 76.8311396 31.436283)"
1092393058,way,,"{""bridge"": ""yes"", ""highway"": ""primary"", ""layer"": ""1""}","LINESTRING (76.8106462 31.4397432, 76.8109989 31.439781)"
1289342818,way,,"{""bridge"": ""yes"", ""highway"": ""trunk"", ""layer"": ""1"", ""motorroad"": ""no"", ""ref"": ""NH154"", ""ref:old"": ""NH21""}","LINESTRING (76.8544851 31.4479126, 76.8540668 31.4484963)"
1286280980,way,,"{""bridge"": ""yes"", ""highway"": ""trunk"", ""layer"": ""1"", ""oneway"": ""yes""}","LINESTRING (76.8544814 31.451536, 76.8542697 31.451399, 76.8541037 31.4512185, 76.8539547 31.4509882)"
1286280981,way,,"{""bridge"": ""yes"", ""highway"": ""trunk"", ""layer"": ""1"", ""oneway"": ""yes""}","LINESTRING (76.8537847 31.4511192, 76.8539564 31.4513469, 76.8542148 31.4515468, 76.8543907 31.4516428)"
1092393067,way,,"{""bridge"": ""yes"", ""highway"": ""tertiary"", ""layer"": ""1""}","LINESTRING (76.8604695 31.4581388, 76.8601169 31.4581999)"
1092393061,way,,"{""bridge"": ""yes"", ""highway"": ""primary"", ""layer"": ""1""}","LINESTRING (76.8008119 31.4614202, 76.8009648 31.461562)"
1092393070,way,,"{""bridge"": ""yes"", ""highway"": ""unclassified"", ""layer"": ""1""}","LINESTRING (76.8302867 31.4723031, 76.8304798 31.4725753)"
1092219607,way,,"{""bridge"": ""yes"", ""highway"": ""unclassified"", ""layer"": ""1""}","LINESTRING (76.8478605 31.5051912, 76.8477184 31.5049511)"
1341428288,way,,"{""bridge"": ""yes"", ""highway"": ""unclassified"", ""layer"": ""1""}","LINESTRING (76.857031 31.5070058, 76.8569653 31.5067806)"
302407855,way,,"{""bridge"": ""yes"", ""highway"": ""primary"", ""motorroad"": ""no"", ""oneway"": ""no"", ""ref:old"": ""NH21""}","LINESTRING (76.8824691 31.5172114, 76.8826877 31.5171187, 76.8828677 31.5171209, 76.8830736 31.517147)"
1366191577,way,,"{""bridge"": ""yes"", ""highway"": ""trunk"", ""layer"": ""1"", ""oneway"": ""yes"", ""ref"": ""NH154"", ""ref:old"": ""NH21""}","LINESTRING (76.8764373 31.5204115, 76.8763306 31.5202225)"
1366191575,way,,"{""bridge"": ""yes"", ""highway"": ""trunk"", ""layer"": ""1"", ""oneway"": ""yes"", ""ref"": ""NH154"", ""ref:old"": ""NH21""}","LINESTRING (76.8761748 31.5203003, 76.8762717 31.5204715)"
43569862,way,Sundarnagar Rohanda Link Road,"{""bridge"": ""yes"", ""highway"": ""tertiary"", ""layer"": ""1"", ""maxspeed"": ""30"", ""name"": ""Sundarnagar Rohanda Link Road"", ""ref"": ""Sundarnagar Rohanda Link Road""}","LINESTRING (76.9124233 31.5264008, 76.9125405 31.5266429)"
45897680,way,Sundernagar Town Lane,"{""bridge"": ""yes"", ""highway"": ""unclassified"", ""layer"": ""1"", ""maxspeed"": ""20"", ""name"": ""Sundernagar Town Lane"", ""width"": ""3""}","LINESTRING (76.8828888 31.5288254, 76.8830477 31.5287551)"
45897684,way,Sundernagar Town Lane,"{""bridge"": ""yes"", ""highway"": ""unclassified"", ""layer"": ""-1"", ""maxspeed"": ""20"", ""name"": ""Sundernagar Town Lane"", ""width"": ""4""}","LINESTRING (76.8852007 31.529317, 76.8852661 31.5293016)"
1091966171,way,Sundernagar-Kalkhar Road,"{""bridge"": ""yes"", ""highway"": ""secondary"", ""lanes"": ""1"", ""layer"": ""1"", ""name"": ""Sundernagar-Kalkhar Road""}","LINESTRING (76.8792075 31.5305145, 76.8793336 31.5308345)"
1366191580,way,,"{""bridge"": ""yes"", ""highway"": ""trunk"", ""layer"": ""1"", ""oneway"": ""yes"", ""ref"": ""NH154"", ""ref:old"": ""NH21""}","LINESTRING (76.8803474 31.5310502, 76.8799504 31.530309)"
1366191581,way,,"{""bridge"": ""yes"", ""highway"": ""trunk"", ""layer"": ""1"", ""oneway"": ""yes"", ""ref"": ""NH154"", ""ref:old"": ""NH21""}","LINESTRING (76.8798016 31.5303549, 76.8801806 31.5310623)"
45851910,way,Old Sundernagar - Bhojpur Road,"{""bridge"": ""yes"", ""highway"": ""unclassified"", ""layer"": ""-1"", ""maxspeed"": ""20"", ""name"": ""Old Sundernagar - Bhojpur Road"", ""width"": ""4""}","LINESTRING (76.8918685 31.5347816, 76.8916289 31.5347096)"
1366191585,way,,"{""bridge"": ""yes"", ""highway"": ""trunk"", ""layer"": ""1"", ""oneway"": ""yes"", ""ref"": ""NH154"", ""ref:old"": ""NH21""}","LINESTRING (76.8838788 31.5355677, 76.883754 31.5354662)"
1366191583,way,,"{""bridge"": ""yes"", ""highway"": ""trunk"", ""layer"": ""1"", ""oneway"": ""yes"", ""ref"": ""NH154"", ""ref:old"": ""NH21""}","LINESTRING (76.8836775 31.5355484, 76.8837932 31.5356379)"
761379552,way,,"{""bridge"": ""yes"", ""highway"": ""tertiary"", ""layer"": ""1""}","LINESTRING (76.8965708 31.5411116, 76.8970437 31.5408665)"
1366191587,way,,"{""bridge"": ""yes"", ""highway"": ""trunk"", ""layer"": ""1"", ""oneway"": ""yes"", ""ref"": ""NH154"", ""ref:old"": ""NH21""}","LINESTRING (76.8917704 31.5433792, 76.8915722 31.543215)"
1366191589,way,,"{""bridge"": ""yes"", ""highway"": ""trunk"", ""layer"": ""1"", ""oneway"": ""yes"", ""ref"": ""NH154"", ""ref:old"": ""NH21""}","LINESTRING (76.8914908 31.5432847, 76.8916914 31.5434566)"
1091107410,way,,"{""bridge"": ""yes"", ""highway"": ""tertiary"", ""layer"": ""1""}","LINESTRING (76.892809 31.5449942, 76.8935251 31.5450514)"
1366191591,way,,"{""bridge"": ""yes"", ""highway"": ""trunk"", ""layer"": ""1"", ""oneway"": ""yes"", ""ref"": ""NH154"", ""ref:old"": ""NH21""}","LINESTRING (76.8923644 31.5462189, 76.8923742 31.5459579)"
1366191593,way,,"{""bridge"": ""yes"", ""highway"": ""trunk"", ""layer"": ""1"", ""oneway"": ""yes"", ""ref"": ""NH154"", ""ref:old"": ""NH21""}","LINESTRING (76.8922506 31.5459738, 76.8922298 31.5462349)"
1091238580,way,,"{""bridge"": ""yes"", ""highway"": ""unclassified"", ""layer"": ""1""}","LINESTRING (76.9396055 31.5466377, 76.9394727 31.5471075)"
1366191600,way,,"{""bridge"": ""yes"", ""highway"": ""trunk"", ""layer"": ""1"", ""oneway"": ""yes"", ""ref"": ""NH154"", ""ref:old"": ""NH21""}","LINESTRING (76.8923049 31.5478019, 76.8923347 31.5470104)"
1366191598,way,,"{""bridge"": ""yes"", ""highway"": ""trunk"", ""layer"": ""1"", ""oneway"": ""yes"", ""ref"": ""NH154"", ""ref:old"": ""NH21""}","LINESTRING (76.8921813 31.5470794, 76.8921384 31.5478542)"
1091966164,way,,"{""bridge"": ""yes"", ""highway"": ""tertiary"", ""layer"": ""1""}","LINESTRING (76.8752003 31.5506424, 76.8750608 31.5502972)"
1091238581,way,,"{""bridge"": ""yes"", ""highway"": ""unclassified"", ""layer"": ""1""}","LINESTRING (76.920649 31.5533704, 76.9209909 31.5537246)"
1366191597,way,,"{""bridge"": ""yes"", ""highway"": ""trunk"", ""layer"": ""1"", ""oneway"": ""yes"", ""ref"": ""NH154"", ""ref:old"": ""NH21""}","LINESTRING (76.8952715 31.5541296, 76.8951319 31.5540907)"
1366191595,way,,"{""bridge"": ""yes"", ""highway"": ""trunk"", ""layer"": ""1"", ""oneway"": ""yes"", ""ref"": ""NH154"", ""ref:old"": ""NH21""}","LINESTRING (76.8951097 31.5541627, 76.8952432 31.5541995)"
62683773,way,,"{""bridge"": ""yes"", ""highway"": ""primary"", ""layer"": ""1"", ""motorroad"": ""no"", ""ref:old"": ""NH21""}","LINESTRING (76.9014792 31.5553302, 76.9016163 31.5560557)"
1091238582,way,,"{""bridge"": ""yes"", ""highway"": ""unclassified"", ""layer"": ""1""}","LINESTRING (76.9100502 31.5569553, 76.9099697 31.5564959)"
1091107412,way,,"{""bridge"": ""yes"", ""highway"": ""tertiary"", ""layer"": ""1""}","LINESTRING (76.886369 31.5596111, 76.8866667 31.5594306)"
1091107419,way,,"{""bridge"": ""yes"", ""highway"": ""tertiary"", ""layer"": ""1""}","LINESTRING (76.880393 31.5784966, 76.8803783 31.5787902)"
1091107416,way,,"{""bridge"": ""yes"", ""highway"": ""tertiary"", ""layer"": ""1""}","LINESTRING (76.8932918 31.5934647, 76.8930477 31.593042)"
1334600518,way,,"{""bridge"": ""yes"", ""highway"": ""track"", ""layer"": ""1""}","LINESTRING (77.0278797 31.5677586, 77.0276275 31.5673198)"
1108422252,way,,"{""bridge"": ""yes"", ""highway"": ""unclassified"", ""level"": ""1""}","LINESTRING (77.0208549 31.5698702, 77.0207195 31.5694908)"
1108422256,way,,"{""bridge"": ""yes"", ""highway"": ""unclassified"", ""level"": ""1""}","LINESTRING (77.0273888 31.5728478, 77.0276356 31.5729963)"
1345205867,way,,"{""bridge"": ""yes"", ""highway"": ""secondary"", ""layer"": ""1"", ""ref"": ""MDR24"", ""surface"": ""asphalt""}","LINESTRING (76.9637664 31.5776417, 76.9642013 31.5776236)"
1036656674,way,,"{""bridge"": ""yes"", ""highway"": ""tertiary"", ""layer"": ""1"", ""surface"": ""asphalt""}","LINESTRING (77.0456827 31.5824421, 77.0457136 31.5820222)"
1107591271,way,,"{""bridge"": ""yes"", ""highway"": ""unclassified"", ""layer"": ""1"", ""surface"": ""asphalt""}","LINESTRING (77.0448647 31.5827958, 77.0450887 31.5829146)"
1345688385,way,,"{""bridge"": ""yes"", ""highway"": ""unclassified"", ""layer"": ""1""}","LINESTRING (76.9779879 31.5960669, 76.9781381 31.5962176)"
1345638396,way,,"{""bridge"": ""yes"", ""highway"": ""unclassified"", ""layer"": ""1""}","LINESTRING (76.9839504 31.6351391, 76.9837949 31.6350729)"
1352030547,way,,"{""bridge"": ""yes"", ""highway"": ""trunk"", ""layer"": ""1"", ""oneway"": ""yes"", ""ref"": ""NH3""}","LINESTRING (76.9491636 31.6427062, 76.9482675 31.6423674, 76.9474804 31.6419556, 76.9453638 31.6407189)"
45019481,way,Mandi Ner Chowk Link Road,"{""bridge"": ""yes"", ""highway"": ""tertiary"", ""lanes"": ""2"", ""layer"": ""1"", ""maxspeed"": ""40"", ""name"": ""Mandi Ner Chowk Link Road"", ""ref"": ""Mandi Ner Chowk Link""}","LINESTRING (76.9503119 31.6412549, 76.9493451 31.6422374)"
1091238585,way,,"{""bridge"": ""yes"", ""highway"": ""tertiary"", ""layer"": ""1""}","LINESTRING (76.8987447 31.5936223, 76.8997881 31.5931128)"
62683806,way,,"{""bridge"": ""yes"", ""highway"": ""primary"", ""layer"": ""1"", ""motorroad"": ""no"", ""ref:old"": ""NH21""}","LINESTRING (76.9238927 31.5973471, 76.9231325 31.5986684)"
626703599,way,,"{""bridge"": ""yes"", ""highway"": ""trunk"", ""layer"": ""1"", ""oneway"": ""yes"", ""ref"": ""NH154""}","LINESTRING (76.9243732 31.5977586, 76.9239291 31.5987246)"
626703597,way,,"{""bridge"": ""yes"", ""highway"": ""trunk"", ""layer"": ""1"", ""oneway"": ""yes"", ""ref"": ""NH154""}","LINESTRING (76.9240151 31.5987512, 76.9244792 31.59777)"
44169543,way,SH32 Ner Chowk Jahu Road,"{""bridge"": ""yes"", ""highway"": ""primary"", ""lanes"": ""2"", ""layer"": ""1"", ""maxspeed"": ""30"", ""name"": ""SH32 Ner Chowk Jahu Road"", ""ref"": ""SH32""}","LINESTRING (76.8722847 31.6001495, 76.8720782 31.6001935)"
44169097,way,SH32 Ner Chowk Jahu Road,"{""bridge"": ""yes"", ""highway"": ""secondary"", ""lanes"": ""2"", ""layer"": ""1"", ""maxspeed"": ""30"", ""name"": ""SH32 Ner Chowk Jahu Road"", ""ref"": ""SH32""}","LINESTRING (76.9027107 31.6010024, 76.9021296 31.6008732)"
1409257949,way,,"{""bridge"": ""yes"", ""highway"": ""unclassified"", ""layer"": ""1""}","LINESTRING (76.8902591 31.6314034, 76.890226 31.6313002, 76.8901724 31.6312294, 76.8896815 31.6310171)"
1409257946,way,,"{""bridge"": ""yes"", ""highway"": ""unclassified"", ""layer"": ""1""}","LINESTRING (76.8849812 31.6370762, 76.8850762 31.6372757)"
1091107399,way,,"{""bridge"": ""yes"", ""highway"": ""unclassified"", ""layer"": ""1""}","LINESTRING (76.8745351 31.6390509, 76.8744063 31.638576)"
1426463706,way,Mandi Rewalsar Road,"{""bridge"": ""yes"", ""highway"": ""secondary"", ""lanes"": ""2"", ""layer"": ""1"", ""maxspeed"": ""30"", ""name"": ""Mandi Rewalsar Road"", ""ref"": ""MDR26""}","LINESTRING (76.8808065 31.6545409, 76.8808837 31.6538709)"
1341428295,way,,"{""bridge"": ""yes"", ""highway"": ""unclassified"", ""layer"": ""1""}","LINESTRING (76.8394395 31.5082437, 76.8396665 31.508309)"
1091966528,way,,"{""bridge"": ""yes"", ""highway"": ""unclassified"", ""layer"": ""1""}","LINESTRING (76.8499178 31.5262003, 76.8496415 31.5267033)"
1092210316,way,,"{""bridge"": ""yes"", ""highway"": ""unclassified"", ""layer"": ""1""}","LINESTRING (76.8125546 31.6113679, 76.8123829 31.6113542)"
44169968,way,Kalkhar Rewalsar Road,"{""bridge"": ""yes"", ""highway"": ""secondary"", ""lanes"": ""2"", ""layer"": ""1"", ""maxspeed"": ""30"", ""name"": ""Kalkhar Rewalsar Road"", ""ref"": ""MDR26""}","LINESTRING (76.831704 31.6315569, 76.8319516 31.6316958)"
1120884431,way,,"{""bridge"": ""yes"", ""highway"": ""unclassified"", ""layer"": ""1""}","LINESTRING (76.855765 31.6870068, 76.8555102 31.6868722)"
1120217961,way,,"{""bridge"": ""yes"", ""highway"": ""unclassified"", ""layer"": ""1""}","LINESTRING (76.8556175 31.7329237, 76.8554726 31.7331769)"
1124651932,way,,"{""bridge"": ""yes"", ""highway"": ""unclassified"", ""layer"": ""1""}","LINESTRING (76.8081343 31.7429492, 76.8082067 31.7427667)"
242518792,way,,"{""bridge"": ""yes"", ""highway"": ""trunk"", ""lanes"": ""2"", ""layer"": ""1"", ""maxspeed"": ""50"", ""ref"": ""NH3"", ""ref:old"": ""NH70""}","LINESTRING (76.8595999 31.7552488, 76.8597181 31.7546751)"
1124784400,way,,"{""bridge"": ""yes"", ""highway"": ""unclassified"", ""layer"": ""1""}","LINESTRING (76.8573287 31.7706181, 76.8573502 31.7708758)"
1124651926,way,,"{""bridge"": ""yes"", ""highway"": ""tertiary"", ""layer"": ""1""}","LINESTRING (76.8009379 31.7735277, 76.8008575 31.7737079)"
1353368605,way,,"{""bridge"": ""yes"", ""highway"": ""trunk"", ""layer"": ""1"", ""oneway"": ""yes"", ""ref"": ""NH3""}","LINESTRING (76.9452874 31.6407933, 76.9474477 31.6420629, 76.9482348 31.6424747, 76.9491134 31.6428203)"
387926367,way,,"{""bridge"": ""yes"", ""highway"": ""footway""}","LINESTRING (76.9525422 31.64663, 76.9521939 31.6463632)"
1353368610,way,,"{""bridge"": ""yes"", ""highway"": ""trunk"", ""layer"": ""1"", ""oneway"": ""yes"", ""ref"": ""NH3""}","LINESTRING (76.951299 31.6466202, 76.9512587 31.6471891)"
1352030553,way,,"{""bridge"": ""yes"", ""highway"": ""trunk"", ""layer"": ""1"", ""oneway"": ""yes"", ""ref"": ""NH3""}","LINESTRING (76.9513659 31.6472029, 76.951417 31.6466164)"
1099749364,way,,"{""bridge"": ""yes"", ""highway"": ""unclassified"", ""layer"": ""1""}","LINESTRING (77.0472881 31.6538974, 77.0476288 31.6537216)"
1352030554,way,,"{""bridge"": ""yes"", ""highway"": ""trunk"", ""layer"": ""1"", ""oneway"": ""yes"", ""ref"": ""NH3""}","LINESTRING (76.948359 31.6586759, 76.9483715 31.6583256, 76.9482796 31.6573496, 76.9482901 31.6566144, 76.9484792 31.6553417, 76.9484087 31.6542337)"
1353368612,way,,"{""bridge"": ""yes"", ""highway"": ""trunk"", ""layer"": ""1"", ""oneway"": ""yes"", ""ref"": ""NH3""}","LINESTRING (76.9482678 31.654248, 76.9483111 31.6553735, 76.9481127 31.6566064, 76.9481395 31.6573416, 76.948228 31.6583232, 76.9482003 31.6586763)"
387926373,way,,"{""bridge"": ""yes"", ""highway"": ""unclassified""}","LINESTRING (76.9463596 31.6581262, 76.9464366 31.6578222, 76.9464717 31.6577626, 76.9465487 31.657715, 76.9478054 31.6574468, 76.9479104 31.6574825, 76.9479874 31.65756, 76.9481625 31.6577835)"
1099749362,way,,"{""bridge"": ""yes"", ""highway"": ""unclassified"", ""layer"": ""1""}","LINESTRING (77.0457244 31.6623882, 77.045542 31.6621188)"
1099749344,way,,"{""bridge"": ""yes"", ""highway"": ""unclassified"", ""layer"": ""1""}","LINESTRING (76.9898942 31.6778358, 76.9901141 31.6776327)"
208835614,way,Mandi Rewalsar Road,"{""bridge"": ""yes"", ""highway"": ""secondary"", ""lanes"": ""2"", ""layer"": ""1"", ""maxspeed"": ""30"", ""name"": ""Mandi Rewalsar Road"", ""ref"": ""MDR26""}","LINESTRING (76.8987052 31.6659143, 76.8979427 31.6652107)"
62229227,way,,"{""bridge"": ""yes"", ""highway"": ""trunk"", ""ref"": ""NH154"", ""ref:old"": ""NH21""}","LINESTRING (76.935538 31.6915214, 76.9364999 31.6917145)"
104236888,way,,"{""bridge"": ""yes"", ""highway"": ""trunk"", ""lanes"": ""2"", ""layer"": ""1"", ""maxspeed"": ""50"", ""ref"": ""NH3;NH154"", ""ref:old"": ""NH70"", ""shoulder"": ""no""}","LINESTRING (76.9339889 31.7054889, 76.9348364 31.7055757)"
278851830,way,,"{""bridge"": ""yes"", ""highway"": ""trunk"", ""lanes"": ""1"", ""layer"": ""1"", ""ref"": ""NH3;NH154"", ""ref:old"": ""NH70""}","LINESTRING (76.9349536 31.7065144, 76.9339835 31.7068112)"
1121098690,way,,"{""bridge"": ""yes"", ""highway"": ""unclassified"", ""layer"": ""1""}","LINESTRING (76.8840221 31.7074957, 76.8839765 31.7072356)"
444373169,way,,"{""bridge"": ""yes"", ""highway"": ""residential""}","LINESTRING (76.9287114 31.7085975, 76.9288775 31.708723)"
1198047553,way,,"{""bridge"": ""yes"", ""highway"": ""footway""}","LINESTRING (76.9290415 31.7102279, 76.9289042 31.7103603)"
278851832,way,,"{""bridge"": ""yes"", ""damage:type"": ""flood"", ""destroyed:highway"": ""pedestrian"", ""layer"": ""1"", ""status"": ""inactive""}","LINESTRING (76.935517 31.7111106, 76.9347983 31.7111738)"
444373168,way,,"{""bridge"": ""yes"", ""highway"": ""unclassified""}","LINESTRING (76.9286203 31.7118898, 76.9287599 31.7119108)"
62229232,way,Victoria Bridge,"{""abandoned:highway"": ""secondary"", ""bridge"": ""yes"", ""end_date"": ""2019"", ""layer"": ""1"", ""name"": ""Victoria Bridge"", ""start_date"": ""1877""}","LINESTRING (76.9334642 31.7131718, 76.9332174 31.7124506)"
1099749357,way,,"{""bridge"": ""yes"", ""highway"": ""unclassified"", ""layer"": ""1""}","LINESTRING (77.0342016 31.690444, 77.0341212 31.6902158)"
387929446,way,,"{""bridge"": ""yes"", ""highway"": ""trunk"", ""lanes"": ""2"", ""layer"": ""1"", ""maxspeed"": ""50"", ""ref"": ""NH3"", ""ref:old"": ""NH21"", ""surface"": ""asphalt""}","LINESTRING (77.0413421 31.6911226, 77.0413955 31.6909954)"
387928970,way,,"{""bridge"": ""yes"", ""highway"": ""footway"", ""layer"": ""1""}","LINESTRING (77.0433409 31.6949068, 77.0437393 31.6952097)"
444365987,way,,"{""bridge"": ""yes"", ""highway"": ""secondary"", ""lanes"": ""2"", ""layer"": ""1"", ""maxspeed"": ""50"", ""ref"": ""NH3"", ""ref:old"": ""NH21""}","LINESTRING (76.9491579 31.6984273, 76.9495482 31.6984452)"
1353368627,way,,"{""bridge"": ""yes"", ""highway"": ""trunk"", ""layer"": ""1"", ""oneway"": ""yes"", ""ref"": ""NH3""}","LINESTRING (76.9637517 31.6997816, 76.9635946 31.6997031)"
1353368626,way,,"{""bridge"": ""yes"", ""highway"": ""trunk"", ""layer"": ""1"", ""oneway"": ""yes"", ""ref"": ""NH3""}","LINESTRING (76.963489 31.6997696, 76.9636471 31.6998426)"
191461697,way,,"{""bridge"": ""yes"", ""highway"": ""trunk"", ""lanes"": ""2"", ""layer"": ""1"", ""maxspeed"": ""50"", ""ref"": ""NH154"", ""ref:old"": ""NH20""}","LINESTRING (76.9444498 31.7011969, 76.9432124 31.7007855)"
1353368630,way,,"{""bridge"": ""yes"", ""highway"": ""trunk"", ""lanes"": ""2"", ""layer"": ""1"", ""maxspeed"": ""50"", ""oneway"": ""yes"", ""ref"": ""NH3"", ""ref:old"": ""NH21""}","LINESTRING (76.9755238 31.7022717, 76.9752595 31.7020253)"
1353368632,way,,"{""bridge"": ""yes"", ""highway"": ""trunk"", ""lanes"": ""2"", ""layer"": ""1"", ""maxspeed"": ""50"", ""oneway"": ""yes"", ""ref"": ""NH3"", ""ref:old"": ""NH21""}","LINESTRING (76.9751674 31.7021027, 76.9754364 31.7023513)"
444316160,way,,"{""bridge"": ""yes"", ""highway"": ""trunk"", ""lanes"": ""2"", ""layer"": ""1"", ""maxspeed"": ""50"", ""ref"": ""NH3"", ""ref:old"": ""NH21"", ""surface"": ""asphalt""}","LINESTRING (77.0302456 31.7067178, 77.0304092 31.7066117)"
1122151866,way,,"{""bridge"": ""yes"", ""highway"": ""unclassified"", ""layer"": ""1""}","LINESTRING (76.7952356 31.6575002, 76.795021 31.6573723)"
1122151873,way,,"{""bridge"": ""yes"", ""highway"": ""unclassified"", ""layer"": ""1""}","LINESTRING (76.7888539 31.668477, 76.7890044 31.6689578)"
1122151874,way,,"{""bridge"": ""yes"", ""highway"": ""unclassified"", ""layer"": ""1""}","LINESTRING (76.7847964 31.6720755, 76.7847535 31.6719648)"
1122151876,way,,"{""bridge"": ""yes"", ""highway"": ""unclassified"", ""layer"": ""1""}","LINESTRING (76.7823476 31.6759412, 76.7822644 31.6757746)"
1339705644,way,,"{""bridge"": ""yes"", ""highway"": ""unclassified"", ""layer"": ""1""}","LINESTRING (76.7691378 31.7223579, 76.7688338 31.722489)"
1339705640,way,,"{""bridge"": ""yes"", ""highway"": ""unclassified"", ""layer"": ""1""}","LINESTRING (76.7654094 31.7253131, 76.7656428 31.7251466)"
1339705643,way,,"{""bridge"": ""yes"", ""highway"": ""unclassified"", ""layer"": ""1""}","LINESTRING (76.768569 31.7260842, 76.7683652 31.7257443)"
1339705642,way,,"{""bridge"": ""yes"", ""highway"": ""unclassified"", ""layer"": ""1""}","LINESTRING (76.7563596 31.7306573, 76.7564481 31.7306276)"
1124651939,way,,"{""bridge"": ""yes"", ""highway"": ""unclassified"", ""layer"": ""1""}","LINESTRING (76.7939052 31.7479376, 76.7941681 31.7481725)"
1339705369,way,,"{""bridge"": ""yes"", ""highway"": ""tertiary"", ""layer"": ""1""}","LINESTRING (76.7845215 31.7757521, 76.7843807 31.7755161)"
191612013,way,,"{""bridge"": ""no"", ""highway"": ""track""}","LINESTRING (76.9980929 31.7833958, 76.9979933 31.7833604, 76.9979327 31.7833432, 76.9978998 31.7833271, 76.9978859 31.7833067)"
191346909,way,,"{""bridge"": ""yes"", ""highway"": ""secondary"", ""ref"": ""MDR19""}","LINESTRING (77.0317182 31.7965278, 77.0312731 31.796438)"
1351034856,way,Mandi-Bajaura Road,"{""bridge"": ""yes"", ""highway"": ""secondary"", ""lanes"": ""2"", ""layer"": ""1"", ""name"": ""Mandi-Bajaura Road"", ""ref"": ""MDR23"", ""surface"": ""asphalt""}","LINESTRING (77.0148561 31.7988045, 77.0147162 31.7987691)"
1351034854,way,,"{""bridge"": ""yes"", ""highway"": ""tertiary"", ""layer"": ""1""}","LINESTRING (77.0152867 31.7991894, 77.015485 31.799271)"
1098957906,way,,"{""bridge"": ""yes"", ""highway"": ""tertiary"", ""layer"": ""1""}","LINESTRING (77.015229 31.8014052, 77.015173 31.8015971)"
680108365,way,,"{""bridge"": ""yes"", ""highway"": ""trunk"", ""lanes"": ""2"", ""layer"": ""1"", ""maxspeed"": ""50"", ""ref"": ""NH154"", ""ref:old"": ""NH20""}","LINESTRING (76.9461017 31.8036721, 76.9466786 31.8037909)"
1098957893,way,,"{""bridge"": ""yes"", ""highway"": ""unclassified"", ""layer"": ""1""}","LINESTRING (76.9755135 31.8178883, 76.9748913 31.8176878)"
1358135015,way,,"{""bridge"": ""yes"", ""highway"": ""road"", ""layer"": ""1""}","LINESTRING (76.9746542 31.8293355, 76.9746559 31.8294917)"
1358137475,way,,"{""bridge"": ""yes"", ""highway"": ""residential"", ""layer"": ""1""}","LINESTRING (76.9946753 31.8328651, 76.9947852 31.8327089)"
1358138579,way,,"{""bridge"": ""yes"", ""highway"": ""path"", ""layer"": ""1""}","LINESTRING (76.99546 31.8342288, 76.9955986 31.8342091)"
1124651921,way,,"{""bridge"": ""yes"", ""highway"": ""unclassified"", ""layer"": ""1""}","LINESTRING (76.8067878 31.773587, 76.8067825 31.773725)"
1124784402,way,,"{""bridge"": ""yes"", ""highway"": ""unclassified"", ""layer"": ""1""}","LINESTRING (76.8511435 31.7831909, 76.8511623 31.7834964)"
1124784398,way,,"{""bridge"": ""yes"", ""highway"": ""unclassified"", ""layer"": ""1""}","LINESTRING (76.8558508 31.7908514, 76.8563068 31.7908468)"
1124784405,way,,"{""bridge"": ""yes"", ""highway"": ""unclassified"", ""layer"": ""1""}","LINESTRING (76.8444675 31.7960401, 76.8441966 31.7962134)"
1124784409,way,,"{""bridge"": ""yes"", ""highway"": ""unclassified"", ""layer"": ""1""}","LINESTRING (76.8413535 31.805922, 76.8415466 31.8055049)"
1120681844,way,Nohali Kotli road,"{""bridge"": ""yes"", ""highway"": ""secondary"", ""lanes"": ""1"", ""layer"": ""1"", ""maxspeed"": ""40"", ""name"": ""Nohali Kotli road"", ""ref"": ""MDR 57""}","LINESTRING (76.8447394 31.8270204, 76.8452066 31.8276098)"
485716791,way,,"{""bridge"": ""yes"", ""highway"": ""unclassified"", ""layer"": ""1"", ""source"": ""bing"", ""source:bridge"": ""bing""}","LINESTRING (76.8036101 31.8407171, 76.8035833 31.8407787)"
485716789,way,,"{""bridge"": ""yes"", ""highway"": ""unclassified"", ""layer"": ""1"", ""source"": ""bing"", ""source:bridge"": ""bing""}","LINESTRING (76.8039507 31.8409427, 76.8038756 31.841002)"
1095274620,way,,"{""bridge"": ""yes"", ""highway"": ""unclassified"", ""layer"": ""1""}","LINESTRING (76.8311021 31.8485856, 76.8312281 31.8483236)"
1120681833,way,,"{""bridge"": ""yes"", ""highway"": ""unclassified"", ""layer"": ""1""}","LINESTRING (76.8596086 31.8570244, 76.8598312 31.8571748)"
761379549,way,New Victoria Bridge,"{""bridge"": ""yes"", ""highway"": ""secondary"", ""name"": ""New Victoria Bridge"", ""name:etymology:wikidata"": ""Q9439"", ""start_date"": ""2019""}","LINESTRING (76.9320309 31.7125727, 76.9330662 31.7132983)"
1316137154,way,,"{""bridge"": ""yes"", ""highway"": ""residential"", ""layer"": ""1""}","LINESTRING (76.9289413 31.713266, 76.9290651 31.7131169)"
1121098682,way,,"{""bridge"": ""yes"", ""highway"": ""unclassified"", ""layer"": ""1""}","LINESTRING (76.9023254 31.7156622, 76.9020921 31.7154796)"
1120217963,way,,"{""bridge"": ""yes"", ""highway"": ""unclassified"", ""layer"": ""1""}","LINESTRING (76.8605098 31.7304553, 76.8603435 31.7302454)"
1120681865,way,,"{""bridge"": ""yes"", ""highway"": ""unclassified"", ""layer"": ""1""}","LINESTRING (76.9103157 31.8032186, 76.9108602 31.8030567)"
1339705796,way,,"{""bridge"": ""yes"", ""highway"": ""tertiary"", ""layer"": ""1""}","LINESTRING (76.9223401 31.8664875, 76.9223883 31.8662233)"
640912482,way,,"{""bridge"": ""yes"", ""highway"": ""trunk"", ""lanes"": ""2"", ""layer"": ""1"", ""maxspeed"": ""50"", ""ref"": ""NH154"", ""ref:old"": ""NH20""}","LINESTRING (76.92953 31.8672, 76.9293898 31.8665092)"
640912484,way,,"{""bridge"": ""yes"", ""highway"": ""trunk"", ""lanes"": ""2"", ""layer"": ""1"", ""maxspeed"": ""50"", ""ref"": ""NH154"", ""ref:old"": ""NH20""}","LINESTRING (76.907347 31.8946895, 76.9074826 31.894518)"
515640597,way,,"{""bridge"": ""yes"", ""highway"": ""trunk"", ""lanes"": ""2"", ""layer"": ""1"", ""maxspeed"": ""50"", ""ref"": ""NH154"", ""ref:old"": ""NH20""}","LINESTRING (76.8718134 31.948087, 76.8719572 31.9480234)"
1339706065,way,,"{""bridge"": ""yes"", ""highway"": ""unclassified"", ""layer"": ""1"", ""surface"": ""unpaved""}","LINESTRING (76.9131375 31.9560287, 76.9130302 31.956122)"
1095274628,way,,"{""bridge"": ""yes"", ""highway"": ""unclassified"", ""layer"": ""1""}","LINESTRING (76.7614827 31.8591066, 76.7614344 31.8593458)"
485706673,way,,"{""bridge"": ""yes"", ""highway"": ""primary"", ""lanes"": ""2"", ""layer"": ""1"", ""ref"": ""SH19"", ""source:bridge"": ""bing"", ""source:geometry"": ""bing"", ""source:lanes"": ""bing""}","LINESTRING (76.7828632 31.8817146, 76.7828659 31.8816235)"
485706681,way,,"{""bridge"": ""yes"", ""highway"": ""primary"", ""lanes"": ""2"", ""layer"": ""1"", ""ref"": ""SH19"", ""source:bridge"": ""bing"", ""source:geometry"": ""bing"", ""source:lanes"": ""bing""}","LINESTRING (76.7853577 31.8874812, 76.7853657 31.8873833)"
485706687,way,,"{""bridge"": ""yes"", ""highway"": ""primary"", ""lanes"": ""2"", ""layer"": ""1"", ""ref"": ""SH19"", ""source:bridge"": ""bing"", ""source:geometry"": ""bing"", ""source:lanes"": ""bing""}","LINESTRING (76.7838114 31.8905124, 76.7838999 31.8903963)"
1095274639,way,,"{""bridge"": ""yes"", ""highway"": ""unclassified"", ""layer"": ""1""}","LINESTRING (76.7894688 31.8910542, 76.7894822 31.890774)"
485706690,way,,"{""bridge"": ""yes"", ""highway"": ""primary"", ""layer"": ""1"", ""ref"": ""SH19"", ""source:bridge"": ""bing"", ""source:geometry"": ""bing""}","LINESTRING (76.7859491 31.8939216, 76.7858713 31.8938396)"
699270326,way,Ahju - Basahi - Jogindernagar Link Road,"{""bridge"": ""yes"", ""highway"": ""tertiary"", ""layer"": ""1"", ""maxspeed"": ""30"", ""name"": ""Ahju - Basahi - Jogindernagar Link Road"", ""surface"": ""asphalt"", ""width"": ""4""}","LINESTRING (76.7623249 31.9000811, 76.762463 31.899924)"
485706699,way,,"{""bridge"": ""yes"", ""highway"": ""primary"", ""lanes"": ""2"", ""layer"": ""1"", ""ref"": ""SH19"", ""source:bridge"": ""bing"", ""source:geometry"": ""bing"", ""source:lanes"": ""bing""}","LINESTRING (76.7871507 31.9018347, 76.7872231 31.9017186)"
1095274641,way,,"{""bridge"": ""yes"", ""highway"": ""unclassified"", ""layer"": ""1""}","LINESTRING (76.7914939 31.9022102, 76.7913544 31.9018937)"
485706702,way,,"{""bridge"": ""yes"", ""highway"": ""secondary"", ""lanes"": ""2"", ""layer"": ""1"", ""source:bridge"": ""bing"", ""source:geometry"": ""bing"", ""source:lanes"": ""bing""}","LINESTRING (76.7879232 31.9028184, 76.7878722 31.9027638)"
1120681830,way,,"{""bridge"": ""yes"", ""highway"": ""track"", ""layer"": ""1""}","LINESTRING (76.853874 31.8624668, 76.8538499 31.8629429)"
1095274643,way,,"{""bridge"": ""yes"", ""highway"": ""unclassified"", ""layer"": ""1"", ""source"": ""bing""}","LINESTRING (76.8008119 31.9033168, 76.8007153 31.9035855)"
485691370,way,,"{""bridge"": ""yes"", ""highway"": ""unclassified"", ""layer"": ""1"", ""source"": ""bing"", ""source:bridge"": ""bing""}","LINESTRING (76.8112819 31.912815, 76.8111934 31.9127535)"
485691372,way,,"{""bridge"": ""yes"", ""highway"": ""unclassified"", ""layer"": ""1"", ""source"": ""bing"", ""source:bridge"": ""bing""}","LINESTRING (76.81118 31.9132612, 76.8113221 31.9130404)"
485691374,way,,"{""bridge"": ""yes"", ""highway"": ""unclassified"", ""layer"": ""1"", ""source"": ""bing"", ""source:bridge"": ""bing""}","LINESTRING (76.808935 31.9134365, 76.809002 31.9133933)"
485691377,way,,"{""bridge"": ""yes"", ""highway"": ""unclassified"", ""layer"": ""1"", ""source"": ""bing"", ""source:bridge"": ""bing""}","LINESTRING (76.807909 31.9135959, 76.8079948 31.9136824)"
485693371,way,,"{""bridge"": ""yes"", ""highway"": ""unclassified"", ""layer"": ""1"", ""source"": ""bing"", ""source:bridge"": ""bing""}","LINESTRING (76.8011653 31.9228087, 76.8011921 31.9229362)"
1302643407,way,,"{""bridge"": ""yes"", ""highway"": ""unclassified"", ""layer"": ""1"", ""source"": ""bing""}","LINESTRING (76.8036416 31.9240662, 76.8032997 31.9245613)"
485691368,way,,"{""bridge"": ""yes"", ""highway"": ""unclassified"", ""lanes"": ""1"", ""layer"": ""1"", ""source"": ""bing"", ""source:bridge"": ""bing"", ""source:lanes"": ""bing""}","LINESTRING (76.8011954 31.9268777, 76.8007529 31.9268026)"
1469383613,way,Nohali Kotli road,"{""bridge"": ""yes"", ""highway"": ""secondary"", ""lanes"": ""1"", ""layer"": ""1"", ""maxspeed"": ""40"", ""name"": ""Nohali Kotli road"", ""ref"": ""MDR 57""}","LINESTRING (76.8007201 31.9268216, 76.8006036 31.9268821)"
557920326,way,,"{""bridge"": ""yes"", ""highway"": ""path"", ""layer"": ""1""}","LINESTRING (77.2113723 31.5460057, 77.2115077 31.5461188)"
557920331,way,,"{""bridge"": ""yes"", ""highway"": ""tertiary"", ""layer"": ""1""}","LINESTRING (77.2087826 31.546864, 77.2091782 31.546872)"
1106478822,way,,"{""bridge"": ""yes"", ""highway"": ""path"", ""layer"": ""1""}","LINESTRING (77.1635511 31.5548412, 77.1636504 31.5545669)"
1481179476,way,,"{""bridge"": ""yes"", ""highway"": ""secondary"", ""layer"": ""1"", ""ref"": ""MDR24"", ""surface"": ""asphalt""}","LINESTRING (77.170932 31.55858, 77.1709323 31.5586461)"
1481179477,way,,"{""bridge"": ""yes"", ""highway"": ""secondary"", ""layer"": ""1"", ""ref"": ""MDR24"", ""surface"": ""asphalt""}","LINESTRING (77.1675664 31.5586638, 77.1673559 31.5587677)"
1108378700,way,,"{""bridge"": ""yes"", ""highway"": ""unclassified"", ""layer"": ""1"", ""surface"": ""asphalt""}","LINESTRING (77.1877983 31.5585506, 77.1878424 31.5589386)"
1104531157,way,,"{""bridge"": ""yes"", ""highway"": ""unclassified"", ""layer"": ""1""}","LINESTRING (77.1649379 31.5768582, 77.1655628 31.5769199)"
1331501756,way,,"{""bridge"": ""yes"", ""highway"": ""unclassified"", ""layer"": ""1""}","LINESTRING (77.2021025 31.6039644, 77.202242 31.6037725)"
444232922,way,,"{""bridge"": ""yes"", ""highway"": ""footway""}","LINESTRING (77.163087 31.6980583, 77.1630173 31.6980264)"
444232923,way,,"{""bridge"": ""yes"", ""highway"": ""footway"", ""layer"": ""1""}","LINESTRING (77.1629744 31.6987658, 77.1632506 31.6982523)"
733866230,way,,"{""bridge"": ""yes"", ""highway"": ""path"", ""layer"": ""1""}","LINESTRING (77.0843831 31.6662463, 77.085414 31.6653929)"
238114177,way,,"{""bridge"": ""yes"", ""highway"": ""trunk"", ""lanes"": ""2"", ""layer"": ""1"", ""maxspeed"": ""50"", ""ref"": ""NH3"", ""ref:old"": ""NH21"", ""surface"": ""asphalt""}","LINESTRING (77.0553453 31.6683168, 77.0556106 31.6677192)"
43563564,way,Pandoh Sivabadhar Road,"{""bridge"": ""yes"", ""highway"": ""tertiary"", ""lanes"": ""1"", ""layer"": ""1"", ""maxspeed"": ""30"", ""name"": ""Pandoh Sivabadhar Road"", ""ref"": ""Pandoh Sivabadhar Road""}","LINESTRING (77.056524 31.6690723, 77.0576139 31.6691309)"
1383205302,way,,"{""bridge"": ""yes"", ""highway"": ""trunk"", ""lane_markings"": ""no"", ""level"": ""1"", ""ref"": ""NH3"", ""ref:old"": ""NH21"", ""surface"": ""asphalt""}","LINESTRING (77.0670261 31.6706118, 77.0667645 31.6713025)"
1445956716,way,,"{""bridge"": ""yes"", ""construction"": ""trunk"", ""highway"": ""construction"", ""layer"": ""1"", ""oneway"": ""yes"", ""ref"": ""NH3""}","LINESTRING (77.1119338 31.6897482, 77.1110476 31.6890463)"
444306136,way,,"{""bridge"": ""yes"", ""description"": ""Old highway"", ""highway"": ""trunk"", ""lanes"": ""2"", ""layer"": ""1"", ""maxspeed"": ""50"", ""ref"": ""NH3"", ""ref:old"": ""NH21"", ""surface"": ""asphalt""}","LINESTRING (77.112058 31.6895215, 77.1117819 31.6893524)"
1445956713,way,,"{""bridge"": ""yes"", ""construction"": ""trunk"", ""highway"": ""construction"", ""layer"": ""1"", ""oneway"": ""yes"", ""ref"": ""NH3""}","LINESTRING (77.1109216 31.6893149, 77.111696 31.6899008)"
444232014,way,,"{""bridge"": ""yes"", ""bridge:structure"": ""suspension"", ""highway"": ""footway"", ""layer"": ""1"", ""surface"": ""asphalt""}","LINESTRING (77.1179316 31.6927151, 77.118857 31.6920624)"
1015893489,way,,"{""bridge"": ""yes"", ""description"": ""Old highway"", ""highway"": ""trunk"", ""lanes"": ""2"", ""layer"": ""1"", ""maxspeed"": ""50"", ""oneway"": ""yes"", ""ref"": ""NH3"", ""ref:old"": ""NH21""}","LINESTRING (77.144505 31.6954485, 77.1438336 31.6955102)"
1362577052,way,,"{""bridge"": ""yes"", ""description"": ""Old highway"", ""highway"": ""trunk"", ""lanes"": ""2"", ""layer"": ""1"", ""maxspeed"": ""50"", ""oneway"": ""yes"", ""ref"": ""NH3"", ""ref:old"": ""NH21""}","LINESTRING (77.1438699 31.6957788, 77.1444121 31.695742)"
310175045,way,,"{""bridge"": ""yes"", ""highway"": ""trunk"", ""ref"": ""NH305"", ""source"": ""GPS""}","LINESTRING (77.3024034 31.6667811, 77.30256917305059 31.66679443593256)"
1099465934,way,,"{""bridge"": ""yes"", ""highway"": ""unclassified"", ""layer"": ""1""}","LINESTRING (77.2758713 31.6961656, 77.2761181 31.6964645)"
1362577066,way,,"{""bridge"": ""yes"", ""description"": ""Old highway"", ""highway"": ""trunk"", ""lanes"": ""2"", ""layer"": ""1"", ""maxspeed"": ""50"", ""oneway"": ""yes"", ""ref"": ""NH3"", ""ref:old"": ""NH21"", ""surface"": ""asphalt""}","LINESTRING (77.1638042 31.6991025, 77.1637252 31.6990923)"
1362577064,way,,"{""bridge"": ""yes"", ""description"": ""Old highway"", ""highway"": ""trunk"", ""lanes"": ""2"", ""layer"": ""1"", ""maxspeed"": ""50"", ""oneway"": ""yes"", ""ref"": ""NH3"", ""ref:old"": ""NH21"", ""surface"": ""asphalt""}","LINESTRING (77.1629803 31.6990682, 77.1636913 31.6991553, 77.1637872 31.699168, 77.1644378 31.6992543, 77.1654452 31.6994575, 77.1658316 31.6994797, 77.1664265 31.6994834, 77.1669302 31.6994686, 77.1673253 31.6995314, 77.1679028 31.6996755, 77.1683067 31.6997641, 77.1688234 31.6999747, 77.1696744 31.7003811, 77.1704604 31.7007912, 77.1709988 31.7009833, 77.171424 31.7011821)"
1362577062,way,,"{""bridge"": ""yes"", ""description"": ""Old highway"", ""highway"": ""trunk"", ""lanes"": ""2"", ""layer"": ""1"", ""maxspeed"": ""50"", ""oneway"": ""yes"", ""ref"": ""NH3"", ""ref:old"": ""NH21""}","LINESTRING (77.1916064 31.7091811, 77.1911944 31.7089666)"
1362577061,way,,"{""bridge"": ""yes"", ""description"": ""Old highway"", ""highway"": ""trunk"", ""lanes"": ""2"", ""layer"": ""1"", ""maxspeed"": ""50"", ""oneway"": ""yes"", ""ref"": ""NH3"", ""ref:old"": ""NH21""}","LINESTRING (77.1911318 31.7090907, 77.191535 31.7092916)"
288089797,way,,"{""bridge"": ""yes"", ""highway"": ""trunk"", ""layer"": ""1"", ""ref"": ""NH305"", ""source"": ""GPS""}","LINESTRING (77.253152 31.7099942, 77.252744 31.7096503)"
527329627,way,Thachi - Shetadhar Road,"{""bridge"": ""yes"", ""highway"": ""tertiary"", ""layer"": ""1"", ""name"": ""Thachi - Shetadhar Road"", ""surface"": ""unpaved""}","LINESTRING (77.2016244 31.7112515, 77.2024928 31.7108318)"
636362257,way,,"{""bridge"": ""yes"", ""highway"": ""trunk"", ""layer"": ""1"", ""ref"": ""NH305"", ""source"": ""GPS""}","LINESTRING (77.2108188 31.7202744, 77.2121474 31.7194907)"
444365634,way,,"{""bridge"": ""yes"", ""highway"": ""trunk"", ""lanes"": ""2"", ""layer"": ""1"", ""maxspeed"": ""50"", ""ref"": ""NH3"", ""ref:old"": ""NH21""}","LINESTRING (77.0258195 31.7104053, 77.0260443 31.710224)"
387927197,way,,"{""bridge"": ""yes"", ""highway"": ""unclassified"", ""layer"": ""1""}","LINESTRING (77.0148693 31.723343, 77.014798 31.7239499)"
1454596547,way,Mandi-Bajaura Road,"{""bridge"": ""yes"", ""highway"": ""secondary"", ""lanes"": ""2"", ""layer"": ""1"", ""name"": ""Mandi-Bajaura Road"", ""surface"": ""asphalt""}","LINESTRING (76.9820486 31.7755799, 76.9823569 31.7755984, 76.982809 31.7756813, 76.9833577 31.775835)"
209825237,way,Road to IIT Mandi Kamand Campus,"{""bridge"": ""yes"", ""highway"": ""tertiary"", ""name"": ""Road to IIT Mandi Kamand Campus"", ""surface"": ""paved""}","LINESTRING (76.9886316 31.7762632, 76.9886892 31.7759264)"
209825240,way,,"{""access"": ""permissive"", ""bicycle"": ""no"", ""bridge"": ""boardwalk"", ""foot"": ""yes"", ""highway"": ""path"", ""horse"": ""no"", ""motor_vehicle"": ""no"", ""smoothness"": ""impassable"", ""surface"": ""wood""}","LINESTRING (76.9824191 31.776715, 76.9831985 31.7766492)"
191349260,way,,"{""bridge"": ""yes"", ""highway"": ""tertiary""}","LINESTRING (76.9846916 31.7797359, 76.9845463 31.7798426, 76.9842247 31.7799374, 76.9841911 31.7799508, 76.9839389 31.7800643)"
761379547,way,,"{""bridge"": ""yes"", ""highway"": ""secondary"", ""ref"": ""MDR19""}","LINESTRING (76.9926666 31.7818898, 76.9925645 31.7816837)"
191612011,way,,"{""bridge"": ""no"", ""highway"": ""track""}","LINESTRING (76.9978885 31.7829687, 76.9978656 31.7828912)"
191612010,way,,"{""bridge"": ""yes"", ""highway"": ""unclassified"", ""lanes"": ""2"", ""surface"": ""concrete""}","LINESTRING (76.9980361 31.7833207, 76.9980032 31.7829)"
191612008,way,ABANDONED BRIDGE,"{""bridge"": ""yes"", ""highway"": ""unclassified"", ""name"": ""ABANDONED BRIDGE""}","LINESTRING (76.9978859 31.7833067, 76.9978885 31.7829687)"
1096129111,way,,"{""bridge"": ""yes"", ""highway"": ""unclassified"", ""layer"": ""1""}","LINESTRING (77.1524709 31.7388855, 77.1522363 31.7387475)"
627331935,way,,"{""bridge"": ""yes"", ""highway"": ""tertiary"", ""layer"": ""1""}","LINESTRING (77.2094959 31.742044, 77.2088527 31.7422355)"
1370246550,way,,"{""bridge"": ""yes"", ""construction"": ""trunk"", ""highway"": ""construction"", ""lanes"": ""2"", ""layer"": ""1""}","LINESTRING (77.2073362 31.7437484, 77.2074751 31.7441945, 77.2076679 31.7446937)"
1362577068,way,,"{""bridge"": ""yes"", ""highway"": ""trunk"", ""lanes"": ""2"", ""layer"": ""1"", ""maxspeed"": ""50"", ""ref"": ""NH3"", ""ref:old"": ""NH21""}","LINESTRING (77.2084466 31.7442793, 77.2084352 31.7441974)"
1008636088,way,,"{""bridge"": ""yes"", ""highway"": ""unclassified""}","LINESTRING (77.1968759 31.7849439, 77.1975787 31.7849063)"
1370250057,way,,"{""bridge"": ""yes"", ""description"": ""Old highway"", ""dual_carriageway"": ""yes"", ""highway"": ""trunk"", ""lanes"": ""2"", ""layer"": ""1"", ""maxspeed"": ""50"", ""maxweight:signed"": ""no"", ""oneway"": ""yes"", ""ref"": ""NH3"", ""ref:old"": ""NH21"", ""surface"": ""asphalt""}","LINESTRING (77.194721 31.7850912, 77.1946863 31.785302)"
1370246555,way,,"{""bridge"": ""yes"", ""description"": ""Old highway"", ""dual_carriageway"": ""yes"", ""highway"": ""trunk"", ""lanes"": ""2"", ""layer"": ""1"", ""maxspeed"": ""50"", ""maxweight:signed"": ""no"", ""oneway"": ""yes"", ""ref"": ""NH3"", ""ref:old"": ""NH21"", ""surface"": ""asphalt""}","LINESTRING (77.1948202 31.7853245, 77.1948556 31.7850925)"
1177484747,way,,"{""bridge"": ""yes"", ""highway"": ""trunk"", ""lanes"": ""2"", ""layer"": ""1"", ""maxweight:signed"": ""no"", ""oneway"": ""yes"", ""ref"": ""NH3"", ""surface"": ""asphalt""}","LINESTRING (77.1814158 31.8153551, 77.1813446 31.8157983, 77.1813177 31.8159077, 77.1812614 31.8160615, 77.1812158 31.8161481, 77.1811327 31.8162644, 77.1809422 31.8164592, 77.1807397 31.8166416, 77.180611 31.8167453, 77.180434 31.8168786, 77.1800866 31.8171111, 77.1799377 31.8172125, 77.179817 31.8173094, 77.1797031 31.8174256, 77.179573 31.8175795, 77.1794737 31.817723, 77.1794079 31.8178512)"
43564514,way,Pandoh Sivabadhar Road,"{""bridge"": ""yes"", ""highway"": ""tertiary"", ""lanes"": ""1"", ""layer"": ""3"", ""maxspeed"": ""30"", ""name"": ""Pandoh Sivabadhar Road"", ""ref"": ""Pandoh Sivabadhar Road""}","LINESTRING (77.0775307 31.7021049, 77.0772638 31.7022307)"
305839065,way,Mandi to Bajaura,"{""bridge"": ""yes"", ""highway"": ""secondary"", ""lanes"": ""2"", ""name"": ""Mandi to Bajaura"", ""ref"": ""MDR19"", ""surface"": ""asphalt""}","LINESTRING (77.1098555 31.8201454, 77.1097847 31.8201502, 77.1097084 31.8201769)"
1177484745,way,,"{""bridge"": ""yes"", ""highway"": ""trunk"", ""lanes"": ""2"", ""layer"": ""1"", ""maxweight:signed"": ""no"", ""oneway"": ""yes"", ""ref"": ""NH3"", ""surface"": ""asphalt""}","LINESTRING (77.1795102 31.817872, 77.1795787 31.8177385, 77.1796767 31.8176036, 77.1797764 31.8174801, 77.1798794 31.8173767, 77.1800129 31.8172733, 77.1801937 31.8171513, 77.1805384 31.8169144, 77.1807209 31.8167823, 77.1808662 31.8166602, 77.1810842 31.8164549, 77.1812379 31.8162999, 77.1813342 31.816162, 77.1813951 31.816017, 77.1814373 31.8158677, 77.1814762 31.8156408, 77.1815187 31.8153644)"
1177484740,way,,"{""bridge"": ""yes"", ""highway"": ""trunk"", ""lanes"": ""2"", ""layer"": ""1"", ""maxweight:signed"": ""no"", ""oneway"": ""yes"", ""ref"": ""NH3"", ""surface"": ""asphalt""}","LINESTRING (77.1763306 31.8203013, 77.1762412 31.8203209, 77.1761516 31.8203446, 77.1760435 31.8203753)"
1177484737,way,,"{""bridge"": ""yes"", ""highway"": ""trunk"", ""lanes"": ""2"", ""layer"": ""1"", ""maxweight:signed"": ""no"", ""oneway"": ""yes"", ""ref"": ""NH3"", ""surface"": ""asphalt""}","LINESTRING (77.176089 31.8204828, 77.1761532 31.8204645, 77.1762796 31.8204323, 77.1763762 31.8204089)"
1122157946,way,,"{""bridge"": ""yes"", ""highway"": ""tertiary"", ""layer"": ""1""}","LINESTRING (76.6508992 31.7923412, 76.6508684 31.7929078)"
413168445,way,,"{""bridge"": ""yes"", ""highway"": ""tertiary"", ""layer"": ""1""}","LINESTRING (76.7383283 31.6093531, 76.7392724 31.6091407)"
1167727089,way,,"{""bridge"": ""yes"", ""highway"": ""unclassified"", ""layer"": ""1""}","LINESTRING (76.724505 31.6687997, 76.7240913 31.6685737)"
413168446,way,,"{""bridge"": ""yes"", ""highway"": ""secondary"", ""layer"": ""1""}","LINESTRING (76.7312989 31.6861378, 76.7310012 31.685921)"
1152263050,way,,"{""bridge"": ""yes"", ""highway"": ""unclassified"", ""layer"": ""1""}","LINESTRING (76.7270431 31.7138414, 76.7273623 31.7136885)"
242516619,way,,"{""bridge"": ""yes"", ""highway"": ""trunk"", ""lanes"": ""2"", ""layer"": ""1"", ""maxspeed"": ""50"", ""ref"": ""NH3"", ""ref:old"": ""NH70""}","LINESTRING (76.7241104 31.7459506, 76.7241765 31.7461224)"
242516620,way,,"{""bridge"": ""yes"", ""highway"": ""trunk"", ""lanes"": ""2"", ""layer"": ""1"", ""maxspeed"": ""50"", ""ref"": ""NH3"", ""ref:old"": ""NH70""}","LINESTRING (76.7441963 31.780097, 76.7450741 31.7803153, 76.7454899 31.7803466)"
1168599127,way,,"{""bridge"": ""yes"", ""highway"": ""tertiary"", ""layer"": ""1""}","LINESTRING (76.7260104 31.7834873, 76.7265844 31.7834941, 76.7271209 31.7833938)"
485724343,way,,"{""bridge"": ""yes"", ""highway"": ""unclassified"", ""layer"": ""1"", ""source"": ""bing"", ""source:bridge"": ""bing""}","LINESTRING (76.7422526 31.8051803, 76.7421453 31.8052373)"
485724341,way,,"{""bridge"": ""yes"", ""highway"": ""unclassified"", ""layer"": ""1"", ""source"": ""bing"", ""source:bridge"": ""bing""}","LINESTRING (76.7398439 31.8063793, 76.7399164 31.8063862)"
1037223559,way,,"{""bridge"": ""yes"", ""highway"": ""unclassified"", ""layer"": ""1""}","LINESTRING (76.7087309 31.6931092, 76.7084155 31.6931997)"
1037223558,way,,"{""bridge"": ""yes"", ""highway"": ""unclassified"", ""layer"": ""1""}","LINESTRING (76.7111874 31.6938136, 76.7112526 31.693426)"
242516618,way,,"{""bridge"": ""yes"", ""highway"": ""trunk"", ""lanes"": ""2"", ""layer"": ""1"", ""maxspeed"": ""50"", ""ref"": ""NH3"", ""ref:old"": ""NH70""}","LINESTRING (76.721706 31.7364429, 76.7215478 31.7368165)"
1168599129,way,,"{""bridge"": ""yes"", ""highway"": ""tertiary"", ""layer"": ""1""}","LINESTRING (76.7199647 31.7871421, 76.720233 31.7868297)"
1168599131,way,,"{""bridge"": ""yes"", ""highway"": ""tertiary"", ""layer"": ""1""}","LINESTRING (76.7028053 31.7960162, 76.7027356 31.7959637)"
1168599135,way,,"{""bridge"": ""yes"", ""highway"": ""tertiary"", ""layer"": ""1""}","LINESTRING (76.7020261 31.8038545, 76.7017606 31.8032938)"
1168599133,way,,"{""bridge"": ""yes"", ""highway"": ""tertiary"", ""layer"": ""1""}","LINESTRING (76.7042765 31.8076487, 76.7041746 31.8073034)"
1122168985,way,,"{""bridge"": ""yes"", ""highway"": ""unclassified"", ""layer"": ""1""}","LINESTRING (76.7009023 31.8786281, 76.7013502 31.8786714)"
1122168989,way,,"{""bridge"": ""yes"", ""highway"": ""unclassified"", ""layer"": ""1""}","LINESTRING (76.6965678 31.8821584, 76.6963533 31.8806461)"
485398841,way,,"{""bridge"": ""yes"", ""highway"": ""tertiary"", ""layer"": ""1"", ""source"": ""bing"", ""source:bridge"": ""bing"", ""source:geometry"": ""bing""}","LINESTRING (76.7215974 31.9139669, 76.7216403 31.9137187)"
485717799,way,,"{""bridge"": ""yes"", ""highway"": ""unclassified"", ""layer"": ""1"", ""source"": ""bing"", ""source:bridge"": ""bing"", ""source:surface"": ""bing"", ""surface"": ""unpaved""}","LINESTRING (76.7795178 31.7915527, 76.7795634 31.7915846)"
485717797,way,,"{""bridge"": ""yes"", ""highway"": ""unclassified"", ""layer"": ""1"", ""source"": ""bing"", ""source:bridge"": ""bing"", ""source:surface"": ""bing"", ""surface"": ""unpaved""}","LINESTRING (76.7800033 31.7927245, 76.7801267 31.7928271)"
242516626,way,,"{""bridge"": ""yes"", ""highway"": ""tertiary"", ""layer"": ""1""}","LINESTRING (76.754518 31.7986039, 76.7550349 31.7977495)"
485717804,way,,"{""bridge"": ""yes"", ""highway"": ""unclassified"", ""layer"": ""1"", ""source"": ""bing"", ""source:bridge"": ""bing"", ""source:surface"": ""bing"", ""surface"": ""unpaved""}","LINESTRING (76.7794722 31.8050436, 76.7795634 31.8051735)"
485717801,way,,"{""bridge"": ""yes"", ""highway"": ""unclassified"", ""layer"": ""1"", ""source"": ""bing"", ""source:bridge"": ""bing"", ""source:surface"": ""bing"", ""surface"": ""unpaved""}","LINESTRING (76.7797968 31.8064796, 76.7798236 31.8065526)"
485717808,way,,"{""bridge"": ""yes"", ""highway"": ""unclassified"", ""layer"": ""1"", ""source"": ""bing"", ""source:bridge"": ""bing"", ""source:surface"": ""bing"", ""surface"": ""unpaved""}","LINESTRING (76.7762439 31.8115796, 76.7762348 31.8114806)"
485399520,way,,"{""bridge"": ""yes"", ""highway"": ""primary"", ""layer"": ""1"", ""ref"": ""SH19"", ""source:bridge"": ""bing"", ""source:geometry"": ""bing""}","LINESTRING (76.7732863 31.8116944, 76.7729 31.8116533)"
485717806,way,,"{""bridge"": ""yes"", ""highway"": ""unclassified"", ""layer"": ""1"", ""source"": ""bing"", ""source:bridge"": ""bing"", ""source:surface"": ""bing"", ""surface"": ""unpaved""}","LINESTRING (76.7791262 31.8133222, 76.7791289 31.8132584)"
485717811,way,,"{""bridge"": ""yes"", ""highway"": ""primary"", ""layer"": ""1"", ""ref"": ""SH19"", ""source:bridge"": ""bing""}","LINESTRING (76.780921 31.8203044, 76.7808583 31.8202441)"
485737488,way,,"{""bridge"": ""yes"", ""highway"": ""tertiary"", ""layer"": ""1"", ""source"": ""bing"", ""source:bridge"": ""bing""}","LINESTRING (76.7565125 31.8285008, 76.7557079 31.8291868)"
1338745448,way,,"{""bridge"": ""yes"", ""highway"": ""unclassified"", ""layer"": ""1""}","LINESTRING (76.6673586 31.8050467, 76.6676322 31.8048963)"
1338745446,way,,"{""bridge"": ""yes"", ""highway"": ""unclassified"", ""layer"": ""1""}","LINESTRING (76.6342816 31.824117, 76.6340589 31.8248076)"
1428272271,way,,"{""bridge"": ""yes"", ""highway"": ""unclassified"", ""layer"": ""1""}","LINESTRING (76.62958929465289 31.82420717482026, 76.6311614 31.8248913)"
1168599144,way,,"{""bridge"": ""yes"", ""highway"": ""tertiary"", ""layer"": ""1""}","LINESTRING (76.6849673 31.8412717, 76.6853294 31.8411828)"
1168599146,way,,"{""bridge"": ""yes"", ""highway"": ""tertiary"", ""layer"": ""1""}","LINESTRING (76.6864881 31.842076, 76.6865927 31.8421444)"
1168599148,way,,"{""bridge"": ""yes"", ""highway"": ""tertiary"", ""layer"": ""1""}","LINESTRING (76.6904712 31.8436596, 76.6904685 31.8437462)"
1168599139,way,,"{""bridge"": ""yes"", ""highway"": ""tertiary"", ""layer"": ""1""}","LINESTRING (76.6674229 31.8658223, 76.6680627 31.865754)"
1083320258,way,,"{""bridge"": ""yes"", ""highway"": ""tertiary"", ""layer"": ""1""}","LINESTRING (76.6368607 31.865547, 76.63677260259183 31.86558031857482)"
475159655,way,,"{""bridge"": ""yes"", ""highway"": ""primary"", ""layer"": ""1"", ""ref"": ""SH19""}","LINESTRING (76.7906819 31.8309972, 76.7894408 31.8304487)"
485412144,way,,"{""bridge"": ""yes"", ""highway"": ""tertiary"", ""layer"": ""1"", ""source"": ""bing"", ""source:bridge"": ""bing"", ""source:geometry"": ""bing""}","LINESTRING (76.7726925 31.8384387, 76.7725155 31.8384341)"
485412155,way,,"{""bridge"": ""yes"", ""highway"": ""tertiary"", ""layer"": ""1"", ""source"": ""bing"", ""source:bridge"": ""bing"", ""source:geometry"": ""bing""}","LINESTRING (76.7708016 31.8420001, 76.770984 31.8418087)"
485715012,way,,"{""bridge"": ""yes"", ""highway"": ""primary"", ""layer"": ""1"", ""ref"": ""SH19"", ""source:bridge"": ""bing"", ""source:geometry"": ""bing""}","LINESTRING (76.785648 31.8439846, 76.7855662 31.8439379)"
485714994,way,,"{""bridge"": ""yes"", ""highway"": ""unclassified"", ""layer"": ""1"", ""source"": ""bing"", ""source:bridge"": ""bing""}","LINESTRING (76.7847273 31.8459805, 76.784675 31.8460614)"
485715016,way,,"{""bridge"": ""yes"", ""highway"": ""primary"", ""layer"": ""1"", ""ref"": ""SH19"", ""source:bridge"": ""bing"", ""source:geometry"": ""bing""}","LINESTRING (76.7887205 31.8482384, 76.7887768 31.8481655)"
485715020,way,,"{""bridge"": ""yes"", ""highway"": ""primary"", ""layer"": ""1"", ""ref"": ""SH19"", ""source:bridge"": ""bing"", ""source:geometry"": ""bing""}","LINESTRING (76.783916 31.850297, 76.7838114 31.8503949)"
485412162,way,,"{""bridge"": ""yes"", ""highway"": ""tertiary"", ""layer"": ""1"", ""source"": ""bing"", ""source:bridge"": ""bing"", ""source:geometry"": ""bing""}","LINESTRING (76.7646513 31.8525971, 76.764949 31.8524011)"
485412168,way,,"{""bridge"": ""yes"", ""highway"": ""tertiary"", ""layer"": ""1"", ""source"": ""bing"", ""source:bridge"": ""bing"", ""source:geometry"": ""bing""}","LINESTRING (76.7626637 31.8536929, 76.7630768 31.8536542)"
485412180,way,,"{""bridge"": ""yes"", ""highway"": ""tertiary"", ""layer"": ""1"", ""source"": ""bing"", ""source:bridge"": ""bing"", ""source:geometry"": ""bing""}","LINESTRING (76.7569775 31.8559552, 76.7570982 31.8559301)"
485724339,way,,"{""bridge"": ""yes"", ""highway"": ""unclassified"", ""layer"": ""1"", ""source"": ""bing"", ""source:bridge"": ""bing""}","LINESTRING (76.7378752 31.8067395, 76.7379557 31.8067144)"
485412195,way,,"{""bridge"": ""yes"", ""highway"": ""tertiary"", ""layer"": ""1"", ""source"": ""bing"", ""source:bridge"": ""bing"", ""source:geometry"": ""bing""}","LINESTRING (76.7440197 31.8661018, 76.7443416 31.8661565)"
485412188,way,,"{""bridge"": ""yes"", ""highway"": ""tertiary"", ""layer"": ""1"", ""source"": ""bing"", ""source:bridge"": ""bing"", ""source:geometry"": ""bing""}","LINESTRING (76.7376951 31.8718967, 76.7376897 31.8716644)"
485412214,way,,"{""bridge"": ""yes"", ""highway"": ""tertiary"", ""layer"": ""1"", ""source"": ""bing"", ""source:bridge"": ""bing"", ""source:geometry"": ""bing""}","LINESTRING (76.7304155 31.8770126, 76.7303995 31.8769101)"
485412224,way,,"{""bridge"": ""yes"", ""highway"": ""tertiary"", ""layer"": ""1"", ""source"": ""bing"", ""source:bridge"": ""bing"", ""source:geometry"": ""bing""}","LINESTRING (76.7346695 31.883711, 76.7347956 31.883563)"
485412226,way,,"{""bridge"": ""yes"", ""highway"": ""tertiary"", ""layer"": ""1"", ""source"": ""bing"", ""source:bridge"": ""bing"", ""source:geometry"": ""bing""}","LINESTRING (76.7348868 31.8875463, 76.7349699 31.8874233)"
485412228,way,,"{""bridge"": ""yes"", ""highway"": ""tertiary"", ""layer"": ""1"", ""source"": ""bing"", ""source:bridge"": ""bing"", ""source:geometry"": ""bing""}","LINESTRING (76.7365471 31.8961363, 76.7363969 31.8961454)"
485412230,way,,"{""bridge"": ""yes"", ""highway"": ""tertiary"", ""layer"": ""1"", ""source"": ""bing"", ""source:bridge"": ""bing"", ""source:geometry"": ""bing""}","LINESTRING (76.7374671 31.896881, 76.7377594 31.8967375)"
485412234,way,,"{""bridge"": ""yes"", ""highway"": ""tertiary"", ""layer"": ""1"", ""source"": ""bing"", ""source:bridge"": ""bing"", ""source:geometry"": ""bing""}","LINESTRING (76.7240721 31.909136, 76.7239461 31.9089129)"
485412232,way,,"{""bridge"": ""yes"", ""highway"": ""tertiary"", ""layer"": ""1"", ""source"": ""bing"", ""source:bridge"": ""bing"", ""source:geometry"": ""bing""}","LINESTRING (76.7251155 31.9101515, 76.7250833 31.9100399)"
475159027,way,,"{""bridge"": ""yes"", ""highway"": ""tertiary"", ""layer"": ""1""}","LINESTRING (76.64403568559862 31.87360649950611, 76.6437297 31.8719196)"
485413868,way,,"{""bridge"": ""yes"", ""highway"": ""tertiary"", ""layer"": ""1"", ""source"": ""bing"", ""source:bridge"": ""bing"", ""source:geometry"": ""bing""}","LINESTRING (76.6844881 31.9789578, 76.6845525 31.9792194)"
485398851,way,,"{""bridge"": ""yes"", ""highway"": ""tertiary"", ""layer"": ""1"", ""source"": ""bing"", ""source:bridge"": ""bing"", ""source:geometry"": ""bing""}","LINESTRING (76.7164771 31.921341, 76.716638 31.9212932)"
485398473,way,,"{""bridge"": ""yes"", ""highway"": ""tertiary"", ""layer"": ""1"", ""source"": ""bing"", ""source:bridge"": ""bing"", ""source:geometry"": ""bing""}","LINESTRING (76.7101752 31.9266203, 76.7104354 31.9264109)"
485398475,way,,"{""bridge"": ""yes"", ""highway"": ""secondary"", ""layer"": ""1"", ""ref"": ""MDR 43"", ""source"": ""bing"", ""source:bridge"": ""bing"", ""source:geometry"": ""bing""}","LINESTRING (76.7091453 31.9315237, 76.7093893 31.931296)"
485398477,way,,"{""bridge"": ""yes"", ""highway"": ""secondary"", ""layer"": ""1"", ""ref"": ""MDR 43"", ""source"": ""bing"", ""source:bridge"": ""bing"", ""source:geometry"": ""bing""}","LINESTRING (76.7057952 31.9397352, 76.7060138 31.9397306)"
485398479,way,,"{""bridge"": ""yes"", ""highway"": ""secondary"", ""layer"": ""1"", ""ref"": ""MDR 43"", ""source"": ""bing"", ""source:bridge"": ""bing"", ""source:geometry"": ""bing""}","LINESTRING (76.6997052 31.9398126, 76.6999144 31.9398877)"
485397785,way,,"{""bridge"": ""yes"", ""highway"": ""secondary"", ""layer"": ""1"", ""ref"": ""MDR 43"", ""source"": ""bing"", ""source:bridge"": ""bing"", ""source:geometry"": ""bing""}","LINESTRING (76.694542 31.9493069, 76.6943167 31.9492933)"
485413872,way,,"{""bridge"": ""yes"", ""highway"": ""tertiary"", ""layer"": ""1"", ""source"": ""bing"", ""source:bridge"": ""bing"", ""source:geometry"": ""bing""}","LINESTRING (76.6974083 31.9667075, 76.6968477 31.9666528)"
485397783,way,,"{""bridge"": ""yes"", ""highway"": ""tertiary"", ""layer"": ""1"", ""source"": ""bing"", ""source:bridge"": ""bing"", ""source:geometry"": ""bing""}","LINESTRING (76.6976735 31.9678423, 76.6977218 31.9677126)"
485413875,way,,"{""bridge"": ""yes"", ""highway"": ""unclassified"", ""layer"": ""1"", ""source"": ""bing"", ""source:bridge"": ""bing"", ""source:geometry"": ""bing""}","LINESTRING (76.6957681 31.9694676, 76.6960846 31.969554)"
485420847,way,,"{""bridge"": ""yes"", ""date:start"": ""1929"", ""gauge"": ""762"", ""layer"": ""1"", ""railway"": ""narrow_gauge"", ""source:bridge"": ""bing"", ""source:geometry"": ""bing"", ""usage"": ""branch""}","LINESTRING (76.7175118 32.0167264, 76.7175514 32.01669)"
1358137469,way,,"{""bridge"": ""yes"", ""highway"": ""path"", ""layer"": ""1""}","LINESTRING (77.0053376 31.841575, 77.0052814 31.841643)"
1098957899,way,,"{""bridge"": ""yes"", ""highway"": ""unclassified"", ""layer"": ""1""}","LINESTRING (77.0206967 31.857938, 77.0208764 31.8577671)"
1018438699,way,,"{""bridge"": ""yes"", ""highway"": ""unclassified"", ""layer"": ""1""}","LINESTRING (77.020234 31.8595269, 77.0203571 31.8595715)"
1358135017,way,,"{""bridge"": ""yes"", ""highway"": ""path"", ""layer"": ""1""}","LINESTRING (77.0229296 31.8702105, 77.0228486 31.8701677)"
1095766197,way,,"{""bridge"": ""yes"", ""highway"": ""unclassified"", ""layer"": ""1""}","LINESTRING (76.9454473 31.8880822, 76.9461447 31.8884784)"
1095948961,way,,"{""bridge"": ""yes"", ""highway"": ""unclassified"", ""layer"": ""1""}","LINESTRING (76.9447204 31.8961689, 76.9444281 31.8961689)"
1339706061,way,,"{""bridge"": ""yes"", ""highway"": ""unclassified"", ""layer"": ""1""}","LINESTRING (76.9569755 31.9048424, 76.9570452 31.9048834)"
1095948958,way,,"{""bridge"": ""yes"", ""highway"": ""path"", ""layer"": ""1""}","LINESTRING (76.9821775 31.9051384, 76.9822928 31.9049085)"
699270328,way,Ahju - Basahi - Jogindernagar Link Road,"{""bridge"": ""yes"", ""highway"": ""tertiary"", ""layer"": ""1"", ""maxspeed"": ""30"", ""name"": ""Ahju - Basahi - Jogindernagar Link Road"", ""surface"": ""asphalt"", ""width"": ""4""}","LINESTRING (76.7556918 31.9079448, 76.7557628 31.9079095)"
485693363,way,,"{""bridge"": ""yes"", ""highway"": ""primary"", ""lanes"": ""2"", ""layer"": ""1"", ""ref"": ""SH19"", ""source:bridge"": ""bing"", ""source:geometry"": ""bing"", ""source:lanes"": ""bing""}","LINESTRING (76.7899469 31.9145331, 76.7900354 31.9144398)"
485693366,way,,"{""bridge"": ""yes"", ""highway"": ""primary"", ""layer"": ""1"", ""ref"": ""SH19"", ""source:bridge"": ""bing"", ""source:geometry"": ""bing""}","LINESTRING (76.7914731 31.9193187, 76.7914811 31.9192185)"
485693368,way,,"{""bridge"": ""yes"", ""highway"": ""primary"", ""layer"": ""1"", ""ref"": ""SH19"", ""source:bridge"": ""bing"", ""source:geometry"": ""bing""}","LINESTRING (76.7904592 31.922292, 76.7905129 31.9221485)"
485693383,way,,"{""bridge"": ""yes"", ""highway"": ""unclassified"", ""lanes"": ""1"", ""layer"": ""1"", ""source"": ""bing"", ""source:bridge"": ""bing"", ""source:lanes"": ""bing""}","LINESTRING (76.799617 31.9268382, 76.7998905 31.9269497)"
1469383612,way,Nohali Kotli road,"{""bridge"": ""yes"", ""highway"": ""secondary"", ""lanes"": ""1"", ""layer"": ""1"", ""maxspeed"": ""40"", ""name"": ""Nohali Kotli road"", ""ref"": ""MDR 57""}","LINESTRING (76.8006036 31.9268821, 76.8006452 31.9270158)"
485422781,way,,"{""bridge"": ""yes"", ""highway"": ""primary"", ""layer"": ""1"", ""ref"": ""SH19"", ""source:bridge"": ""bing""}","LINESTRING (76.7959286 31.9389913, 76.7953975 31.9381901)"
485693376,way,,"{""bridge"": ""yes"", ""highway"": ""unclassified"", ""layer"": ""1"", ""source"": ""bing"", ""source:bridge"": ""bing""}","LINESTRING (76.7824589 31.9394876, 76.782432 31.9396492)"
485693374,way,,"{""bridge"": ""yes"", ""highway"": ""unclassified"", ""layer"": ""1"", ""source"": ""bing"", ""source:bridge"": ""bing""}","LINESTRING (76.77944 31.9485598, 76.7793864 31.9486463)"
485691403,way,,"{""bridge"": ""yes"", ""highway"": ""unclassified"", ""layer"": ""1"", ""source"": ""bing"", ""source:bridge"": ""bing""}","LINESTRING (76.7992824 31.9555941, 76.7994862 31.9554803)"
1469383614,way,Nohali Kotli road,"{""bridge"": ""yes"", ""highway"": ""secondary"", ""lanes"": ""1"", ""layer"": ""1"", ""maxspeed"": ""40"", ""name"": ""Nohali Kotli road"", ""ref"": ""MDR 57""}","LINESTRING (76.8011922 31.9268936, 76.8007201 31.9268216)"
485691380,way,,"{""bridge"": ""yes"", ""highway"": ""unclassified"", ""layer"": ""1"", ""source"": ""bing"", ""source:bridge"": ""bing""}","LINESTRING (76.8170017 31.9326666, 76.8169132 31.9325846)"
485691390,way,,"{""bridge"": ""yes"", ""highway"": ""unclassified"", ""layer"": ""1"", ""source"": ""bing"", ""source:bridge"": ""bing""}","LINESTRING (76.8025915 31.9365908, 76.8026988 31.9363427)"
485691384,way,,"{""bridge"": ""yes"", ""highway"": ""unclassified"", ""layer"": ""1"", ""source"": ""bing"", ""source:bridge"": ""bing""}","LINESTRING (76.8195994 31.9373465, 76.819822 31.9370483)"
485691394,way,,"{""bridge"": ""yes"", ""highway"": ""unclassified"", ""layer"": ""1"", ""source"": ""bing"", ""source:bridge"": ""bing""}","LINESTRING (76.8060596 31.9483695, 76.8061401 31.9482739)"
485691396,way,,"{""bridge"": ""yes"", ""highway"": ""unclassified"", ""layer"": ""1"", ""source"": ""bing"", ""source:bridge"": ""bing""}","LINESTRING (76.8055232 31.9487655, 76.8057163 31.9485948)"
1331713402,way,,"{""bridge"": ""yes"", ""highway"": ""track"", ""layer"": ""1""}","LINESTRING (76.8092823 31.9537963, 76.8093359 31.9535505)"
1331713403,way,,"{""bridge"": ""yes"", ""highway"": ""track"", ""layer"": ""1""}","LINESTRING (76.8032527 31.9581111, 76.8034726 31.9578744)"
485691405,way,,"{""bridge"": ""yes"", ""highway"": ""unclassified"", ""layer"": ""1"", ""source"": ""bing"", ""source:bridge"": ""bing""}","LINESTRING (76.8007978 31.9587938, 76.8007334 31.9587391)"
1331713406,way,,"{""bridge"": ""yes"", ""highway"": ""unclassified"", ""layer"": ""1""}","LINESTRING (76.8024105 31.9651745, 76.8024051 31.9648741)"
1036761448,way,,"{""bridge"": ""yes"", ""highway"": ""unclassified"", ""layer"": ""1""}","LINESTRING (76.7977792 31.9560035, 76.7981171 31.9560208)"
485510359,way,,"{""bridge"": ""yes"", ""highway"": ""unclassified"", ""layer"": ""1"", ""source"": ""bing"", ""source:bridge"": ""bing""}","LINESTRING (76.7987987 31.9628545, 76.799032 31.9630593)"
665675040,way,,"{""bridge"": ""yes"", ""highway"": ""unclassified"", ""layer"": ""1""}","LINESTRING (76.7668954 31.9634201, 76.7669114 31.9633291)"
665675037,way,,"{""bridge"": ""yes"", ""highway"": ""unclassified"", ""layer"": ""1""}","LINESTRING (76.7719567 31.963238, 76.7728177 31.9635156)"
665675029,way,,"{""bridge"": ""yes"", ""highway"": ""unclassified"", ""layer"": ""1""}","LINESTRING (76.7639154 31.9759211, 76.7633441 31.975623)"
485510362,way,,"{""bridge"": ""yes"", ""highway"": ""track"", ""layer"": ""1"", ""source"": ""bing"", ""source:bridge"": ""bing""}","LINESTRING (76.7943114 31.9766616, 76.7946976 31.9766411)"
485510366,way,,"{""bridge"": ""yes"", ""highway"": ""unclassified"", ""layer"": ""1"", ""source"": ""bing"", ""source:bridge"": ""bing""}","LINESTRING (76.7943543 31.9767572, 76.7947834 31.9767617)"
701402472,way,Chauntra - Dhelu Link Road,"{""bridge"": ""yes"", ""highway"": ""tertiary"", ""layer"": ""1"", ""name"": ""Chauntra - Dhelu Link Road""}","LINESTRING (76.7553243 31.9925595, 76.7550896 31.9923707)"
485420827,way,,"{""bridge"": ""yes"", ""date:start"": ""1929"", ""gauge"": ""762"", ""layer"": ""1"", ""railway"": ""narrow_gauge"", ""source:bridge"": ""bing"", ""source:geometry"": ""bing"", ""usage"": ""branch""}","LINESTRING (76.7871269 31.9934708, 76.78732 31.9933889, 76.7875052 31.9932438)"
360128788,way,,"{""bridge"": ""yes"", ""highway"": ""trunk"", ""lanes"": ""2"", ""layer"": ""1"", ""maxspeed"": ""50"", ""ref"": ""NH154"", ""ref:old"": ""NH20""}","LINESTRING (76.787292 31.9937792, 76.7877408 31.9936102)"
485420829,way,,"{""bridge"": ""yes"", ""date:start"": ""1929"", ""gauge"": ""762"", ""layer"": ""1"", ""railway"": ""narrow_gauge"", ""source:bridge"": ""bing"", ""source:geometry"": ""bing"", ""usage"": ""branch""}","LINESTRING (76.7778629 31.9941189, 76.7779112 31.9940552)"
701245595,way,,"{""bridge"": ""yes"", ""highway"": ""unclassified"", ""layer"": ""1""}","LINESTRING (76.7904559 31.9954133, 76.7903727 31.9954974)"
485420831,way,,"{""bridge"": ""yes"", ""date:start"": ""1929"", ""gauge"": ""762"", ""layer"": ""1"", ""railway"": ""narrow_gauge"", ""source:bridge"": ""bing"", ""source:geometry"": ""bing"", ""usage"": ""branch""}","LINESTRING (76.774036 31.9963562, 76.7740836 31.996338)"
351921377,way,Chauntra - Dhelu Link Road,"{""bridge"": ""yes"", ""highway"": ""tertiary"", ""layer"": ""1"", ""name"": ""Chauntra - Dhelu Link Road"", ""oneway"": ""no""}","LINESTRING (76.769218 31.9965372, 76.7689203 31.9965781)"
351921376,way,Chauntra - Dhelu Link Road,"{""bridge"": ""yes"", ""highway"": ""tertiary"", ""name"": ""Chauntra - Dhelu Link Road""}","LINESTRING (76.7624816 31.9980828, 76.7618003 31.9980863)"
485420833,way,,"{""bridge"": ""yes"", ""date:start"": ""1929"", ""gauge"": ""762"", ""layer"": ""1"", ""railway"": ""narrow_gauge"", ""source:bridge"": ""bing"", ""source:geometry"": ""bing"", ""usage"": ""branch""}","LINESTRING (76.7732528 31.9981827, 76.7733226 31.9981259)"
485420835,way,,"{""bridge"": ""yes"", ""date:start"": ""1929"", ""gauge"": ""762"", ""layer"": ""1"", ""railway"": ""narrow_gauge"", ""source:bridge"": ""bing"", ""source:geometry"": ""bing"", ""usage"": ""branch""}","LINESTRING (76.7727995 31.9983056, 76.7729578 31.9982897)"
701245609,way,,"{""bridge"": ""yes"", ""highway"": ""tertiary"", ""layer"": ""1""}","LINESTRING (76.8002593 32.0004062, 76.8003827 32.0003243)"
485420841,way,,"{""bridge"": ""yes"", ""date:start"": ""1929"", ""gauge"": ""762"", ""layer"": ""1"", ""railway"": ""narrow_gauge"", ""source:bridge"": ""bing"", ""source:geometry"": ""bing"", ""usage"": ""branch""}","LINESTRING (76.763499 32.0042651, 76.7638088 32.0042366)"
485420837,way,,"{""bridge"": ""yes"", ""date:start"": ""1929"", ""gauge"": ""762"", ""layer"": ""1"", ""railway"": ""narrow_gauge"", ""source:bridge"": ""bing"", ""source:geometry"": ""bing"", ""usage"": ""branch""}","LINESTRING (76.7675317 32.0046472, 76.7676336 32.0045949)"
701241087,way,,"{""bridge"": ""yes"", ""highway"": ""tertiary"", ""layer"": ""1""}","LINESTRING (76.8119431 31.964997, 76.8119511 31.965377)"
701241089,way,,"{""bridge"": ""yes"", ""highway"": ""tertiary"", ""layer"": ""1""}","LINESTRING (76.8061361 31.9874354, 76.806356 31.9878175)"
485420823,way,,"{""bridge"": ""yes"", ""highway"": ""trunk"", ""lanes"": ""2"", ""layer"": ""1"", ""maxspeed"": ""50"", ""ref"": ""NH154"", ""ref:old"": ""NH20"", ""source:bridge"": ""bing""}","LINESTRING (76.8110885 31.9903142, 76.8112387 31.9901686)"
485420825,way,,"{""bridge"": ""yes"", ""highway"": ""trunk"", ""lanes"": ""2"", ""layer"": ""1"", ""maxspeed"": ""50"", ""ref"": ""NH154"", ""ref:old"": ""NH20"", ""source:bridge"": ""bing""}","LINESTRING (76.8107658 31.9906535, 76.8109787 31.9904304)"
1102863052,way,,"{""bridge"": ""yes"", ""highway"": ""unclassified"", ""layer"": ""1""}","LINESTRING (76.8199116 31.9915529, 76.8199151 31.9918139)"
627331932,way,,"{""bridge"": ""yes"", ""highway"": ""trunk"", ""lanes"": ""2"", ""layer"": ""1"", ""maxspeed"": ""50"", ""ref"": ""NH154"", ""ref:old"": ""NH20"", ""surface"": ""asphalt""}","LINESTRING (76.8200781 31.9918795, 76.8201184 31.9917016, 76.8200585 31.9915109)"
733846149,way,Ghatasani Barot Road,"{""bridge"": ""yes"", ""highway"": ""tertiary"", ""layer"": ""1"", ""maxspeed"": ""25"", ""name"": ""Ghatasani Barot Road"", ""ref"": ""Ghatasani Barot Road""}","LINESTRING (76.85162 32.0216751, 76.8511844 32.0218351)"
674925311,way,,"{""bridge"": ""yes"", ""highway"": ""unclassified"", ""layer"": ""1"", ""oneway"": ""no""}","LINESTRING (76.8450897 32.0363643, 76.8451473 32.0364734)"
493723404,way,,"{""bridge"": ""yes"", ""highway"": ""unclassified"", ""layer"": ""1"", ""oneway"": ""no"", ""waterway"": ""dam""}","LINESTRING (76.8449986 32.0368341, 76.8451703 32.0375526)"
493723395,way,Barot Bada-Gran Road,"{""bridge"": ""yes"", ""highway"": ""tertiary"", ""layer"": ""1"", ""maxspeed"": ""30"", ""name"": ""Barot Bada-Gran Road""}","LINESTRING (76.841942 32.0402959, 76.8424518 32.0398883)"
485420839,way,,"{""bridge"": ""yes"", ""date:start"": ""1929"", ""gauge"": ""762"", ""layer"": ""1"", ""railway"": ""narrow_gauge"", ""source:bridge"": ""bing"", ""source:geometry"": ""bing"", ""usage"": ""branch""}","LINESTRING (76.7669107 32.0048507, 76.7670569 32.004861, 76.7671962 32.0048413)"
701245607,way,,"{""bridge"": ""yes"", ""highway"": ""tertiary"", ""layer"": ""1""}","LINESTRING (76.7996773 32.0063269, 76.7999804 32.0063246)"
683102669,way,,"{""bridge"": ""yes"", ""highway"": ""trunk"", ""lanes"": ""2"", ""layer"": ""1"", ""maxspeed"": ""50"", ""ref"": ""NH154"", ""ref:old"": ""NH20""}","LINESTRING (76.7623851 32.0127541, 76.7625808 32.0125838)"
351462350,way,,"{""bridge"": ""yes"", ""highway"": ""trunk"", ""lanes"": ""2"", ""layer"": ""1"", ""maxspeed"": ""50"", ""ref"": ""NH154"", ""ref:old"": ""NH20""}","LINESTRING (76.7558652 32.0136511, 76.756414 32.0134815)"
701245601,way,,"{""bridge"": ""yes"", ""highway"": ""tertiary"", ""layer"": ""1""}","LINESTRING (76.7857754 32.0174098, 76.786049 32.017287)"
701245599,way,,"{""bridge"": ""yes"", ""highway"": ""tertiary"", ""layer"": ""1""}","LINESTRING (76.7770824 32.0206664, 76.7771441 32.0207824)"
279192197,way,,"{""bridge"": ""yes"", ""highway"": ""unclassified"", ""surface"": ""unpaved""}","LINESTRING (76.8990962 31.9562472, 76.8987207 31.9562972)"
44045707,way,Ghatasani-Barot Road,"{""bridge"": ""yes"", ""highway"": ""tertiary"", ""maxspeed"": ""25"", ""name"": ""Ghatasani-Barot Road"", ""ref"": ""Ghatasani-Barot Road""}","LINESTRING (76.8880089 31.9678283, 76.8883687 31.9681329)"
1094376229,way,,"{""bridge"": ""yes"", ""highway"": ""unclassified"", ""layer"": ""1""}","LINESTRING (76.9056755 31.9829513, 76.9057734 31.98304)"
1094376231,way,,"{""bridge"": ""yes"", ""highway"": ""unclassified"", ""layer"": ""1""}","LINESTRING (76.9045584 31.9864275, 76.9044431 31.9865072)"
721974615,way,,"{""bridge"": ""yes"", ""highway"": ""unclassified"", ""layer"": ""1""}","LINESTRING (76.8436012 32.0408971, 76.8437085 32.0412848)"
1157700430,way,Barot Bada-Gran Road,"{""bridge"": ""yes"", ""highway"": ""tertiary"", ""layer"": ""1"", ""maxspeed"": ""30"", ""name"": ""Barot Bada-Gran Road"", ""oneway"": ""no""}","LINESTRING (76.8405264 32.0438427, 76.8405844 32.0438164)"
674925313,way,,"{""bridge"": ""yes"", ""highway"": ""unclassified"", ""layer"": ""1""}","LINESTRING (76.8330172 32.0466765, 76.8334866 32.0467151)"
485413877,way,,"{""bridge"": ""yes"", ""highway"": ""unclassified"", ""layer"": ""1"", ""source"": ""bing"", ""source:bridge"": ""bing"", ""source:geometry"": ""bing""}","LINESTRING (76.6930698 31.9860674, 76.693279 31.9858672)"
1095207069,way,,"{""bridge"": ""yes"", ""highway"": ""unclassified"", ""layer"": ""1"", ""source"": ""bing"", ""source:geometry"": ""bing""}","LINESTRING (76.6885561 31.9900322, 76.6889906 31.9898399)"
695945568,way,,"{""bridge"": ""yes"", ""highway"": ""tertiary"", ""layer"": ""1""}","LINESTRING (76.6808394 32.0133116, 76.6808984 32.0132593)"
695945564,way,,"{""bridge"": ""yes"", ""highway"": ""tertiary"", ""layer"": ""1""}","LINESTRING (76.6751987 32.0188846, 76.6751611 32.0189972)"
695944873,way,,"{""bridge"": ""yes"", ""highway"": ""tertiary"", ""layer"": ""1""}","LINESTRING (76.6645986 32.0228359, 76.6645262 32.0228996)"
756210110,way,,"{""bridge"": ""yes"", ""highway"": ""residential"", ""layer"": ""1""}","LINESTRING (76.6931051 32.026936, 76.6930407 32.0271042)"
485380618,way,,"{""bridge"": ""yes"", ""date:start"": ""1929"", ""gauge"": ""762"", ""layer"": ""1"", ""railway"": ""narrow_gauge"", ""source:bridge"": ""bing"", ""usage"": ""branch""}","LINESTRING (76.6891163 32.0287243, 76.6892289 32.0286948)"
701402476,way,,"{""bridge"": ""yes"", ""highway"": ""unclassified"", ""layer"": ""1""}","LINESTRING (76.733306 31.9957181, 76.733239 31.9953678)"
485513671,way,,"{""bridge"": ""yes"", ""date:start"": ""1929"", ""gauge"": ""762"", ""layer"": ""1"", ""railway"": ""narrow_gauge"", ""source:bridge"": ""bing"", ""source:geometry"": ""bing"", ""usage"": ""branch""}","LINESTRING (76.7487582 32.0036975, 76.7488407 32.003635)"
485420843,way,,"{""bridge"": ""yes"", ""date:start"": ""1929"", ""gauge"": ""762"", ""layer"": ""1"", ""railway"": ""narrow_gauge"", ""source:bridge"": ""bing"", ""source:geometry"": ""bing"", ""usage"": ""branch""}","LINESTRING (76.7464844 32.0052613, 76.7470986 32.0053318)"
485420845,way,,"{""bridge"": ""yes"", ""date:start"": ""1929"", ""gauge"": ""762"", ""layer"": ""1"", ""railway"": ""narrow_gauge"", ""source:bridge"": ""bing"", ""source:geometry"": ""bing"", ""usage"": ""branch""}","LINESTRING (76.7247995 32.0117365, 76.7249688 32.0117795)"
701409248,way,,"{""bridge"": ""yes"", ""highway"": ""residential"", ""layer"": ""1""}","LINESTRING (76.725246 32.014517, 76.7250207 32.0146352)"
683102696,way,,"{""bridge"": ""yes"", ""highway"": ""trunk"", ""lanes"": ""2"", ""layer"": ""1"", ""maxspeed"": ""50"", ""ref"": ""NH154"", ""ref:old"": ""NH20""}","LINESTRING (76.7419965 32.0175342, 76.7422712 32.0173771)"
640912486,way,,"{""bridge"": ""yes"", ""highway"": ""trunk"", ""lanes"": ""2"", ""layer"": ""1"", ""maxspeed"": ""50"", ""ref"": ""NH154"", ""ref:old"": ""NH20""}","LINESTRING (76.7397602 32.01858, 76.7403532 32.0185859)"
640912488,way,,"{""bridge"": ""yes"", ""highway"": ""trunk"", ""lanes"": ""2"", ""layer"": ""1"", ""maxspeed"": ""50"", ""ref"": ""NH154"", ""ref:old"": ""NH20""}","LINESTRING (76.7246168 32.0202042, 76.7249016 32.0201905)"
701409243,way,,"{""bridge"": ""yes"", ""highway"": ""tertiary"", ""layer"": ""1""}","LINESTRING (76.7265101 32.0278987, 76.7265764 32.0278387)"
485420849,way,,"{""bridge"": ""yes"", ""date:start"": ""1929"", ""gauge"": ""762"", ""layer"": ""1"", ""railway"": ""narrow_gauge"", ""source:bridge"": ""bing"", ""source:geometry"": ""bing"", ""usage"": ""branch""}","LINESTRING (76.7163551 32.0173939, 76.7163947 32.0173757)"
485420851,way,,"{""bridge"": ""yes"", ""date:start"": ""1929"", ""gauge"": ""762"", ""layer"": ""1"", ""railway"": ""narrow_gauge"", ""source:bridge"": ""bing"", ""source:geometry"": ""bing"", ""usage"": ""branch""}","LINESTRING (76.7145876 32.0181319, 76.7146264 32.0181137)"
665489300,way,,"{""bridge"": ""yes"", ""date:start"": ""1929"", ""gauge"": ""762"", ""layer"": ""1"", ""railway"": ""narrow_gauge"", ""source:geometry"": ""bing"", ""usage"": ""branch""}","LINESTRING (76.7086025 32.0228926, 76.7091041 32.0226619)"
640912490,way,,"{""bridge"": ""yes"", ""highway"": ""trunk"", ""lanes"": ""2"", ""layer"": ""1"", ""maxspeed"": ""50"", ""ref"": ""NH154"", ""ref:old"": ""NH20""}","LINESTRING (76.7092346 32.0245923, 76.7093834 32.0245096)"
485380614,way,,"{""bridge"": ""yes"", ""date:start"": ""1929"", ""gauge"": ""762"", ""layer"": ""1"", ""railway"": ""narrow_gauge"", ""source:bridge"": ""bing"", ""source:geometry"": ""bing"", ""usage"": ""branch""}","LINESTRING (76.6949211 32.027347, 76.6950788 32.0272667)"
689137339,way,,"{""bridge"": ""yes"", ""highway"": ""unclassified"", ""layer"": ""1""}","LINESTRING (76.6984681 32.0377009, 76.6985607 32.0375969)"
683700068,way,,"{""bridge"": ""yes"", ""highway"": ""unclassified"", ""layer"": ""1""}","LINESTRING (76.6798657 32.0344375, 76.6799247 32.0341351)"
485380620,way,,"{""bridge"": ""yes"", ""date:start"": ""1929"", ""gauge"": ""762"", ""layer"": ""1"", ""railway"": ""narrow_gauge"", ""source:bridge"": ""bing"", ""usage"": ""branch""}","LINESTRING (76.6735675 32.0386404, 76.6736828 32.0385358)"
683696339,way,,"{""bridge"": ""yes"", ""highway"": ""unclassified""}","LINESTRING (76.6827223 32.0408994, 76.6831836 32.0404628)"
756210101,way,,"{""bridge"": ""yes"", ""highway"": ""unclassified"", ""layer"": ""1""}","LINESTRING (76.6888887 32.0427683, 76.6886767 32.0430092)"
756210096,way,,"{""bridge"": ""yes"", ""highway"": ""unclassified"", ""layer"": ""1""}","LINESTRING (76.6882288 32.0432775, 76.6881443 32.0432185)"
1197473161,way,,"{""bridge"": ""yes"", ""foot"": ""yes"", ""highway"": ""path""}","LINESTRING (76.6908235 32.0466164, 76.6909976 32.0466189)"
696004522,way,,"{""bridge"": ""yes"", ""highway"": ""unclassified"", ""layer"": ""1""}","LINESTRING (76.6965866 32.0465674, 76.6967261 32.0463991)"
