Value,MODLAND,VI Usefulness,Aerosol Quantity,Adjacent cloud detected,Atmosphere BRDF Correction,Mixed Clouds,Land/Water Mask,Possible snow/ice,Possible shadow
2061,"VI produced, but check other QA",Decreasing quality,Climatology,No,No,No,Land (Nothing else but land),No,No
2062,"Pixel produced, but most probably cloudy",Decreasing quality,Climatology,No,No,No,Land (Nothing else but land),No,No
2065,"VI produced, but check other QA",Decreasing quality,Climatology,No,No,No,Land (Nothing else but land),No,No
2066,"Pixel produced, but most probably cloudy",Decreasing quality,Climatology,No,No,No,Land (Nothing else but land),No,No
2069,"VI produced, but check other QA",Decreasing quality,Climatology,No,No,No,Land (Nothing else but land),No,No
2070,"Pixel produced, but most probably cloudy",Decreasing quality,Climatology,No,No,No,Land (Nothing else but land),No,No
2111,Pixel not produced due to other reasons than clouds,Not useful for any other reason/not processed,Climatology,No,No,No,Land (Nothing else but land),No,No
2116,VI produced with good quality,Lower quality,Low,No,No,No,Land (Nothing else but land),No,No
2118,"Pixel produced, but most probably cloudy",Lower quality,Low,No,No,No,Land (Nothing else but land),No,No
2120,VI produced with good quality,Decreasing quality,Low,No,No,No,Land (Nothing else but land),No,No
2122,"Pixel produced, but most probably cloudy",Decreasing quality,Low,No,No,No,Land (Nothing else but land),No,No
2124,VI produced with good quality,Decreasing quality,Low,No,No,No,Land (Nothing else but land),No,No
2126,"Pixel produced, but most probably cloudy",Decreasing quality,Low,No,No,No,Land (Nothing else but land),No,No
2175,Pixel not produced due to other reasons than clouds,Not useful for any other reason/not processed,Low,No,No,No,Land (Nothing else but land),No,No
2185,"VI produced, but check other QA",Decreasing quality,Average,No,No,No,Land (Nothing else but land),No,No
2186,"Pixel produced, but most probably cloudy",Decreasing quality,Average,No,No,No,Land (Nothing else but land),No,No
2189,"VI produced, but check other QA",Decreasing quality,Average,No,No,No,Land (Nothing else but land),No,No
2190,"Pixel produced, but most probably cloudy",Decreasing quality,Average,No,No,No,Land (Nothing else but land),No,No
2193,"VI produced, but check other QA",Decreasing quality,Average,No,No,No,Land (Nothing else but land),No,No
2194,"Pixel produced, but most probably cloudy",Decreasing quality,Average,No,No,No,Land (Nothing else but land),No,No
2239,Pixel not produced due to other reasons than clouds,Not useful for any other reason/not processed,Average,No,No,No,Land (Nothing else but land),No,No
2257,"VI produced, but check other QA",Decreasing quality,High,No,No,No,Land (Nothing else but land),No,No
2258,"Pixel produced, but most probably cloudy",Decreasing quality,High,No,No,No,Land (Nothing else but land),No,No
2261,"VI produced, but check other QA",Decreasing quality,High,No,No,No,Land (Nothing else but land),No,No
2262,"Pixel produced, but most probably cloudy",Decreasing quality,High,No,No,No,Land (Nothing else but land),No,No
2265,"VI produced, but check other QA",Decreasing quality,High,No,No,No,Land (Nothing else but land),No,No
2266,"Pixel produced, but most probably cloudy",Decreasing quality,High,No,No,No,Land (Nothing else but land),No,No
2303,Pixel not produced due to other reasons than clouds,Not useful for any other reason/not processed,High,No,No,No,Land (Nothing else but land),No,No
2321,"VI produced, but check other QA",Decreasing quality,Climatology,Yes,No,No,Land (Nothing else but land),No,No
2322,"Pixel produced, but most probably cloudy",Decreasing quality,Climatology,Yes,No,No,Land (Nothing else but land),No,No
2325,"VI produced, but check other QA",Decreasing quality,Climatology,Yes,No,No,Land (Nothing else but land),No,No
2326,"Pixel produced, but most probably cloudy",Decreasing quality,Climatology,Yes,No,No,Land (Nothing else but land),No,No
2329,"VI produced, but check other QA",Decreasing quality,Climatology,Yes,No,No,Land (Nothing else but land),No,No
2330,"Pixel produced, but most probably cloudy",Decreasing quality,Climatology,Yes,No,No,Land (Nothing else but land),No,No
2367,Pixel not produced due to other reasons than clouds,Not useful for any other reason/not processed,Climatology,Yes,No,No,Land (Nothing else but land),No,No
2376,VI produced with good quality,Decreasing quality,Low,Yes,No,No,Land (Nothing else but land),No,No
2378,"Pixel produced, but most probably cloudy",Decreasing quality,Low,Yes,No,No,Land (Nothing else but land),No,No
2380,VI produced with good quality,Decreasing quality,Low,Yes,No,No,Land (Nothing else but land),No,No
2382,"Pixel produced, but most probably cloudy",Decreasing quality,Low,Yes,No,No,Land (Nothing else but land),No,No
2384,VI produced with good quality,Decreasing quality,Low,Yes,No,No,Land (Nothing else but land),No,No
2431,Pixel not produced due to other reasons than clouds,Not useful for any other reason/not processed,Low,Yes,No,No,Land (Nothing else but land),No,No
2445,"VI produced, but check other QA",Decreasing quality,Average,Yes,No,No,Land (Nothing else but land),No,No
2446,"Pixel produced, but most probably cloudy",Decreasing quality,Average,Yes,No,No,Land (Nothing else but land),No,No
2449,"VI produced, but check other QA",Decreasing quality,Average,Yes,No,No,Land (Nothing else but land),No,No
2450,"Pixel produced, but most probably cloudy",Decreasing quality,Average,Yes,No,No,Land (Nothing else but land),No,No
2453,"VI produced, but check other QA",Decreasing quality,Average,Yes,No,No,Land (Nothing else but land),No,No
2454,"Pixel produced, but most probably cloudy",Decreasing quality,Average,Yes,No,No,Land (Nothing else but land),No,No
2495,Pixel not produced due to other reasons than clouds,Not useful for any other reason/not processed,Average,Yes,No,No,Land (Nothing else but land),No,No
2517,"VI produced, but check other QA",Decreasing quality,High,Yes,No,No,Land (Nothing else but land),No,No
2518,"Pixel produced, but most probably cloudy",Decreasing quality,High,Yes,No,No,Land (Nothing else but land),No,No
2521,"VI produced, but check other QA",Decreasing quality,High,Yes,No,No,Land (Nothing else but land),No,No
2522,"Pixel produced, but most probably cloudy",Decreasing quality,High,Yes,No,No,Land (Nothing else but land),No,No
2525,"VI produced, but check other QA",Decreasing quality,High,Yes,No,No,Land (Nothing else but land),No,No
2526,"Pixel produced, but most probably cloudy",Decreasing quality,High,Yes,No,No,Land (Nothing else but land),No,No
2559,Pixel not produced due to other reasons than clouds,Not useful for any other reason/not processed,High,Yes,No,No,Land (Nothing else but land),No,No
3098,"Pixel produced, but most probably cloudy",Decreasing quality,Climatology,No,No,Yes,Land (Nothing else but land),No,No
3102,"Pixel produced, but most probably cloudy",Decreasing quality,Climatology,No,No,Yes,Land (Nothing else but land),No,No
3106,"Pixel produced, but most probably cloudy",Decreasing quality,Climatology,No,No,Yes,Land (Nothing else but land),No,No
3135,Pixel not produced due to other reasons than clouds,Not useful for any other reason/not processed,Climatology,No,No,Yes,Land (Nothing else but land),No,No
3154,"Pixel produced, but most probably cloudy",Decreasing quality,Low,No,No,Yes,Land (Nothing else but land),No,No
3158,"Pixel produced, but most probably cloudy",Decreasing quality,Low,No,No,Yes,Land (Nothing else but land),No,No
3162,"Pixel produced, but most probably cloudy",Decreasing quality,Low,No,No,Yes,Land (Nothing else but land),No,No
3222,"Pixel produced, but most probably cloudy",Decreasing quality,Average,No,No,Yes,Land (Nothing else but land),No,No
3226,"Pixel produced, but most probably cloudy",Decreasing quality,Average,No,No,Yes,Land (Nothing else but land),No,No
3230,"Pixel produced, but most probably cloudy",Decreasing quality,Average,No,No,Yes,Land (Nothing else but land),No,No
3263,Pixel not produced due to other reasons than clouds,Not useful for any other reason/not processed,Average,No,No,Yes,Land (Nothing else but land),No,No
3294,"Pixel produced, but most probably cloudy",Decreasing quality,High,No,No,Yes,Land (Nothing else but land),No,No
3298,"Pixel produced, but most probably cloudy",Decreasing quality,High,No,No,Yes,Land (Nothing else but land),No,No
3302,"Pixel produced, but most probably cloudy",Decreasing quality,High,No,No,Yes,Land (Nothing else but land),No,No
3327,Pixel not produced due to other reasons than clouds,Not useful for any other reason/not processed,High,No,No,Yes,Land (Nothing else but land),No,No
3358,"Pixel produced, but most probably cloudy",Decreasing quality,Climatology,Yes,No,Yes,Land (Nothing else but land),No,No
3362,"Pixel produced, but most probably cloudy",Decreasing quality,Climatology,Yes,No,Yes,Land (Nothing else but land),No,No
3366,"Pixel produced, but most probably cloudy",Decreasing quality,Climatology,Yes,No,Yes,Land (Nothing else but land),No,No
3414,"Pixel produced, but most probably cloudy",Decreasing quality,Low,Yes,No,Yes,Land (Nothing else but land),No,No
3418,"Pixel produced, but most probably cloudy",Decreasing quality,Low,Yes,No,Yes,Land (Nothing else but land),No,No
3422,"Pixel produced, but most probably cloudy",Decreasing quality,Low,Yes,No,Yes,Land (Nothing else but land),No,No
3482,"Pixel produced, but most probably cloudy",Decreasing quality,Average,Yes,No,Yes,Land (Nothing else but land),No,No
3486,"Pixel produced, but most probably cloudy",Decreasing quality,Average,Yes,No,Yes,Land (Nothing else but land),No,No
3490,"Pixel produced, but most probably cloudy",Decreasing quality,Average,Yes,No,Yes,Land (Nothing else but land),No,No
3519,Pixel not produced due to other reasons than clouds,Not useful for any other reason/not processed,Average,Yes,No,Yes,Land (Nothing else but land),No,No
3554,"Pixel produced, but most probably cloudy",Decreasing quality,High,Yes,No,Yes,Land (Nothing else but land),No,No
3558,"Pixel produced, but most probably cloudy",Decreasing quality,High,Yes,No,Yes,Land (Nothing else but land),No,No
3562,"Pixel produced, but most probably cloudy",Decreasing quality,High,Yes,No,Yes,Land (Nothing else but land),No,No
3583,Pixel not produced due to other reasons than clouds,Not useful for any other reason/not processed,High,Yes,No,Yes,Land (Nothing else but land),No,No
4110,"Pixel produced, but most probably cloudy",Decreasing quality,Climatology,No,No,No,Ocean coastlines and lake shorelines,No,No
4114,"Pixel produced, but most probably cloudy",Decreasing quality,Climatology,No,No,No,Ocean coastlines and lake shorelines,No,No
4159,Pixel not produced due to other reasons than clouds,Not useful for any other reason/not processed,Climatology,No,No,No,Ocean coastlines and lake shorelines,No,No
4164,VI produced with good quality,Lower quality,Low,No,No,No,Ocean coastlines and lake shorelines,No,No
4166,"Pixel produced, but most probably cloudy",Lower quality,Low,No,No,No,Ocean coastlines and lake shorelines,No,No
4168,VI produced with good quality,Decreasing quality,Low,No,No,No,Ocean coastlines and lake shorelines,No,No
4172,VI produced with good quality,Decreasing quality,Low,No,No,No,Ocean coastlines and lake shorelines,No,No
4174,"Pixel produced, but most probably cloudy",Decreasing quality,Low,No,No,No,Ocean coastlines and lake shorelines,No,No
4223,Pixel not produced due to other reasons than clouds,Not useful for any other reason/not processed,Low,No,No,No,Ocean coastlines and lake shorelines,No,No
4369,"VI produced, but check other QA",Decreasing quality,Climatology,Yes,No,No,Ocean coastlines and lake shorelines,No,No
4373,"VI produced, but check other QA",Decreasing quality,Climatology,Yes,No,No,Ocean coastlines and lake shorelines,No,No
4374,"Pixel produced, but most probably cloudy",Decreasing quality,Climatology,Yes,No,No,Ocean coastlines and lake shorelines,No,No
5146,"Pixel produced, but most probably cloudy",Decreasing quality,Climatology,No,No,Yes,Ocean coastlines and lake shorelines,No,No
5150,"Pixel produced, but most probably cloudy",Decreasing quality,Climatology,No,No,Yes,Ocean coastlines and lake shorelines,No,No
5202,"Pixel produced, but most probably cloudy",Decreasing quality,Low,No,No,Yes,Ocean coastlines and lake shorelines,No,No
5206,"Pixel produced, but most probably cloudy",Decreasing quality,Low,No,No,Yes,Ocean coastlines and lake shorelines,No,No
5210,"Pixel produced, but most probably cloudy",Decreasing quality,Low,No,No,Yes,Ocean coastlines and lake shorelines,No,No
5406,"Pixel produced, but most probably cloudy",Decreasing quality,Climatology,Yes,No,Yes,Ocean coastlines and lake shorelines,No,No
5410,"Pixel produced, but most probably cloudy",Decreasing quality,Climatology,Yes,No,Yes,Ocean coastlines and lake shorelines,No,No
6158,"Pixel produced, but most probably cloudy",Decreasing quality,Climatology,No,No,No,Shallow inland water,No,No
6212,VI produced with good quality,Lower quality,Low,No,No,No,Shallow inland water,No,No
6216,VI produced with good quality,Decreasing quality,Low,No,No,No,Shallow inland water,No,No
6271,Pixel not produced due to other reasons than clouds,Not useful for any other reason/not processed,Low,No,No,No,Shallow inland water,No,No
6417,"VI produced, but check other QA",Decreasing quality,Climatology,Yes,No,No,Shallow inland water,No,No
18449,"VI produced, but check other QA",Decreasing quality,Climatology,No,No,No,Land (Nothing else but land),Yes,No
18450,"Pixel produced, but most probably cloudy",Decreasing quality,Climatology,No,No,No,Land (Nothing else but land),Yes,No
18453,"VI produced, but check other QA",Decreasing quality,Climatology,No,No,No,Land (Nothing else but land),Yes,No
18454,"Pixel produced, but most probably cloudy",Decreasing quality,Climatology,No,No,No,Land (Nothing else but land),Yes,No
18457,"VI produced, but check other QA",Decreasing quality,Climatology,No,No,No,Land (Nothing else but land),Yes,No
18458,"Pixel produced, but most probably cloudy",Decreasing quality,Climatology,No,No,No,Land (Nothing else but land),Yes,No
18495,Pixel not produced due to other reasons than clouds,Not useful for any other reason/not processed,Climatology,No,No,No,Land (Nothing else but land),Yes,No
18573,"VI produced, but check other QA",Decreasing quality,Average,No,No,No,Land (Nothing else but land),Yes,No
18577,"VI produced, but check other QA",Decreasing quality,Average,No,No,No,Land (Nothing else but land),Yes,No
18645,"VI produced, but check other QA",Decreasing quality,High,No,No,No,Land (Nothing else but land),Yes,No
18649,"VI produced, but check other QA",Decreasing quality,High,No,No,No,Land (Nothing else but land),Yes,No
18653,"VI produced, but check other QA",Decreasing quality,High,No,No,No,Land (Nothing else but land),Yes,No
18687,Pixel not produced due to other reasons than clouds,Not useful for any other reason/not processed,High,No,No,No,Land (Nothing else but land),Yes,No
18709,"VI produced, but check other QA",Decreasing quality,Climatology,Yes,No,No,Land (Nothing else but land),Yes,No
18713,"VI produced, but check other QA",Decreasing quality,Climatology,Yes,No,No,Land (Nothing else but land),Yes,No
18717,"VI produced, but check other QA",Decreasing quality,Climatology,Yes,No,No,Land (Nothing else but land),Yes,No
18751,Pixel not produced due to other reasons than clouds,Not useful for any other reason/not processed,Climatology,Yes,No,No,Land (Nothing else but land),Yes,No
18833,"VI produced, but check other QA",Decreasing quality,Average,Yes,No,No,Land (Nothing else but land),Yes,No
18837,"VI produced, but check other QA",Decreasing quality,Average,Yes,No,No,Land (Nothing else but land),Yes,No
18905,"VI produced, but check other QA",Decreasing quality,High,Yes,No,No,Land (Nothing else but land),Yes,No
18909,"VI produced, but check other QA",Decreasing quality,High,Yes,No,No,Land (Nothing else but land),Yes,No
19486,"Pixel produced, but most probably cloudy",Decreasing quality,Climatology,No,No,Yes,Land (Nothing else but land),Yes,No
19490,"Pixel produced, but most probably cloudy",Decreasing quality,Climatology,No,No,Yes,Land (Nothing else but land),Yes,No
19519,Pixel not produced due to other reasons than clouds,Not useful for any other reason/not processed,Climatology,No,No,Yes,Land (Nothing else but land),Yes,No
19746,"Pixel produced, but most probably cloudy",Decreasing quality,Climatology,Yes,No,Yes,Land (Nothing else but land),Yes,No
19750,"Pixel produced, but most probably cloudy",Decreasing quality,Climatology,Yes,No,Yes,Land (Nothing else but land),Yes,No
19754,"Pixel produced, but most probably cloudy",Decreasing quality,Climatology,Yes,No,Yes,Land (Nothing else but land),Yes,No
34837,"VI produced, but check other QA",Decreasing quality,Climatology,No,No,No,Land (Nothing else but land),No,Yes
34838,"Pixel produced, but most probably cloudy",Decreasing quality,Climatology,No,No,No,Land (Nothing else but land),No,Yes
34841,"VI produced, but check other QA",Decreasing quality,Climatology,No,No,No,Land (Nothing else but land),No,Yes
34842,"Pixel produced, but most probably cloudy",Decreasing quality,Climatology,No,No,No,Land (Nothing else but land),No,Yes
34892,VI produced with good quality,Decreasing quality,Low,No,No,No,Land (Nothing else but land),No,Yes
34894,"Pixel produced, but most probably cloudy",Decreasing quality,Low,No,No,No,Land (Nothing else but land),No,Yes
34896,VI produced with good quality,Decreasing quality,Low,No,No,No,Land (Nothing else but land),No,Yes
34943,Pixel not produced due to other reasons than clouds,Not useful for any other reason/not processed,Low,No,No,No,Land (Nothing else but land),No,Yes
34961,"VI produced, but check other QA",Decreasing quality,Average,No,No,No,Land (Nothing else but land),No,Yes
34962,"Pixel produced, but most probably cloudy",Decreasing quality,Average,No,No,No,Land (Nothing else but land),No,Yes
34965,"VI produced, but check other QA",Decreasing quality,Average,No,No,No,Land (Nothing else but land),No,Yes
34966,"Pixel produced, but most probably cloudy",Decreasing quality,Average,No,No,No,Land (Nothing else but land),No,Yes
35033,"VI produced, but check other QA",Decreasing quality,High,No,No,No,Land (Nothing else but land),No,Yes
35034,"Pixel produced, but most probably cloudy",Decreasing quality,High,No,No,No,Land (Nothing else but land),No,Yes
35037,"VI produced, but check other QA",Decreasing quality,High,No,No,No,Land (Nothing else but land),No,Yes
35038,"Pixel produced, but most probably cloudy",Decreasing quality,High,No,No,No,Land (Nothing else but land),No,Yes
35071,Pixel not produced due to other reasons than clouds,Not useful for any other reason/not processed,High,No,No,No,Land (Nothing else but land),No,Yes
35097,"VI produced, but check other QA",Decreasing quality,Climatology,Yes,No,No,Land (Nothing else but land),No,Yes
35098,"Pixel produced, but most probably cloudy",Decreasing quality,Climatology,Yes,No,No,Land (Nothing else but land),No,Yes
35101,"VI produced, but check other QA",Decreasing quality,Climatology,Yes,No,No,Land (Nothing else but land),No,Yes
35102,"Pixel produced, but most probably cloudy",Decreasing quality,Climatology,Yes,No,No,Land (Nothing else but land),No,Yes
35135,Pixel not produced due to other reasons than clouds,Not useful for any other reason/not processed,Climatology,Yes,No,No,Land (Nothing else but land),No,Yes
35152,VI produced with good quality,Decreasing quality,Low,Yes,No,No,Land (Nothing else but land),No,Yes
35154,"Pixel produced, but most probably cloudy",Decreasing quality,Low,Yes,No,No,Land (Nothing else but land),No,Yes
35156,VI produced with good quality,Decreasing quality,Low,Yes,No,No,Land (Nothing else but land),No,Yes
35199,Pixel not produced due to other reasons than clouds,Not useful for any other reason/not processed,Low,Yes,No,No,Land (Nothing else but land),No,Yes
35221,"VI produced, but check other QA",Decreasing quality,Average,Yes,No,No,Land (Nothing else but land),No,Yes
35222,"Pixel produced, but most probably cloudy",Decreasing quality,Average,Yes,No,No,Land (Nothing else but land),No,Yes
35225,"VI produced, but check other QA",Decreasing quality,Average,Yes,No,No,Land (Nothing else but land),No,Yes
35226,"Pixel produced, but most probably cloudy",Decreasing quality,Average,Yes,No,No,Land (Nothing else but land),No,Yes
35263,Pixel not produced due to other reasons than clouds,Not useful for any other reason/not processed,Average,Yes,No,No,Land (Nothing else but land),No,Yes
35293,"VI produced, but check other QA",Decreasing quality,High,Yes,No,No,Land (Nothing else but land),No,Yes
35294,"Pixel produced, but most probably cloudy",Decreasing quality,High,Yes,No,No,Land (Nothing else but land),No,Yes
35297,"VI produced, but check other QA",Decreasing quality,High,Yes,No,No,Land (Nothing else but land),No,Yes
35298,"Pixel produced, but most probably cloudy",Decreasing quality,High,Yes,No,No,Land (Nothing else but land),No,Yes
35327,Pixel not produced due to other reasons than clouds,Not useful for any other reason/not processed,High,Yes,No,No,Land (Nothing else but land),No,Yes
35874,"Pixel produced, but most probably cloudy",Decreasing quality,Climatology,No,No,Yes,Land (Nothing else but land),No,Yes
35878,"Pixel produced, but most probably cloudy",Decreasing quality,Climatology,No,No,Yes,Land (Nothing else but land),No,Yes
35930,"Pixel produced, but most probably cloudy",Decreasing quality,Low,No,No,Yes,Land (Nothing else but land),No,Yes
35934,"Pixel produced, but most probably cloudy",Decreasing quality,Low,No,No,Yes,Land (Nothing else but land),No,Yes
35998,"Pixel produced, but most probably cloudy",Decreasing quality,Average,No,No,Yes,Land (Nothing else but land),No,Yes
36002,"Pixel produced, but most probably cloudy",Decreasing quality,Average,No,No,Yes,Land (Nothing else but land),No,Yes
36070,"Pixel produced, but most probably cloudy",Decreasing quality,High,No,No,Yes,Land (Nothing else but land),No,Yes
36074,"Pixel produced, but most probably cloudy",Decreasing quality,High,No,No,Yes,Land (Nothing else but land),No,Yes
36095,Pixel not produced due to other reasons than clouds,Not useful for any other reason/not processed,High,No,No,Yes,Land (Nothing else but land),No,Yes
36134,"Pixel produced, but most probably cloudy",Decreasing quality,Climatology,Yes,No,Yes,Land (Nothing else but land),No,Yes
36138,"Pixel produced, but most probably cloudy",Decreasing quality,Climatology,Yes,No,Yes,Land (Nothing else but land),No,Yes
36190,"Pixel produced, but most probably cloudy",Decreasing quality,Low,Yes,No,Yes,Land (Nothing else but land),No,Yes
36194,"Pixel produced, but most probably cloudy",Decreasing quality,Low,Yes,No,Yes,Land (Nothing else but land),No,Yes
36258,"Pixel produced, but most probably cloudy",Decreasing quality,Average,Yes,No,Yes,Land (Nothing else but land),No,Yes
36262,"Pixel produced, but most probably cloudy",Decreasing quality,Average,Yes,No,Yes,Land (Nothing else but land),No,Yes
36330,"Pixel produced, but most probably cloudy",Decreasing quality,High,Yes,No,Yes,Land (Nothing else but land),No,Yes
36334,"Pixel produced, but most probably cloudy",Decreasing quality,High,Yes,No,Yes,Land (Nothing else but land),No,Yes
36351,Pixel not produced due to other reasons than clouds,Not useful for any other reason/not processed,High,Yes,No,Yes,Land (Nothing else but land),No,Yes
36889,"VI produced, but check other QA",Decreasing quality,Climatology,No,No,No,Ocean coastlines and lake shorelines,No,Yes
36940,VI produced with good quality,Decreasing quality,Low,No,No,No,Ocean coastlines and lake shorelines,No,Yes
36944,VI produced with good quality,Decreasing quality,Low,No,No,No,Ocean coastlines and lake shorelines,No,Yes
37145,"VI produced, but check other QA",Decreasing quality,Climatology,Yes,No,No,Ocean coastlines and lake shorelines,No,Yes
37149,"VI produced, but check other QA",Decreasing quality,Climatology,Yes,No,No,Ocean coastlines and lake shorelines,No,Yes
37982,"Pixel produced, but most probably cloudy",Decreasing quality,Low,No,No,Yes,Ocean coastlines and lake shorelines,No,Yes
51225,"VI produced, but check other QA",Decreasing quality,Climatology,No,No,No,Land (Nothing else but land),Yes,Yes
51229,"VI produced, but check other QA",Decreasing quality,Climatology,No,No,No,Land (Nothing else but land),Yes,Yes
51421,"VI produced, but check other QA",Decreasing quality,High,No,No,No,Land (Nothing else but land),Yes,Yes
51425,"VI produced, but check other QA",Decreasing quality,High,No,No,No,Land (Nothing else but land),Yes,Yes
51485,"VI produced, but check other QA",Decreasing quality,Climatology,Yes,No,No,Land (Nothing else but land),Yes,Yes
51486,"Pixel produced, but most probably cloudy",Decreasing quality,Climatology,Yes,No,No,Land (Nothing else but land),Yes,Yes
51489,"VI produced, but check other QA",Decreasing quality,Climatology,Yes,No,No,Land (Nothing else but land),Yes,Yes
51609,"VI produced, but check other QA",Decreasing quality,Average,Yes,No,No,Land (Nothing else but land),Yes,Yes
51681,"VI produced, but check other QA",Decreasing quality,High,Yes,No,No,Land (Nothing else but land),Yes,Yes
51685,"VI produced, but check other QA",Decreasing quality,High,Yes,No,No,Land (Nothing else but land),Yes,Yes
52262,"Pixel produced, but most probably cloudy",Decreasing quality,Climatology,No,No,Yes,Land (Nothing else but land),Yes,Yes
52522,"Pixel produced, but most probably cloudy",Decreasing quality,Climatology,Yes,No,Yes,Land (Nothing else but land),Yes,Yes
52526,"Pixel produced, but most probably cloudy",Decreasing quality,Climatology,Yes,No,Yes,Land (Nothing else but land),Yes,Yes
52718,"Pixel produced, but most probably cloudy",Decreasing quality,High,Yes,No,Yes,Land (Nothing else but land),Yes,Yes
63999,Pixel not produced due to other reasons than clouds,Not useful for any other reason/not processed,High,Yes,No,No,Deep ocean,Yes,Yes
