nan,nan_1,nan_2,nan_3,nan_4,source_page,source_file,district_name,important_statistics,district_census_handbook_:_kullu,primary_census_abstract,"appendix_to_district_primary_census_abstract
total,_scheduled_castes_and_scheduled_tribes_population_urban_block_wise","table_1:_households_by_ownership_status_and_by_number_of_dwelling_rooms_occupied_in_the_district,_2011",nan_5,nan_6,nan_7,nan_8,nan_9,nan_10,"table_2_:_percentage_distribution_of_households_living_in_permanent,","semi_permanent_and_temporary_houses_,_2011",table_3_:_number_and_percentage_of_households,"sub_district_kullu_total_44,300_37,511_84_67%_3,195_7_21%_327_0_74%_186_0_42%","sub_district_banjar_total_8,679_5,443_62_71%_1,161_13_38%_141_1_62%_164_1_89%","sub_district_nermand_total_12,263_10,767_87_8%_617_5_03%_60_0_49%_88_0_72%","by_main_source_of_drinking_water,_2011","1,216_2_74%_269_0_61%_324_0_73%_248_0_56%_200_0_45%_824_1_86%_total_sub_district_kullu","51_0_59%_0_0%_217_2_5%_177_2_04%_40_0_46%_1,285_14_81%_total_sub_district_banjar",115_0_94%_1_0_01%_163_1_33%_41_0_33%_98_0_8%_313_2_55%_total_sub_district_nermand,table_4_:_number_and_percentage_of_households,"sub_district_kullu_0202600118_total_44,300_43,024_97_12%_1,177_2_66%_15_0_03%","sub_district_banjar_0202600120_total_8,679_7,756_89_37%_896_10_32%_6_0_07%","sub_district_nermand_0202600122_total_12,263_11,763_95_92%_437_3_56%_4_0_03%","by_main_source_of_lighting,_2011",24_0_05%_20_0_05%_40_0_09%_total_sub_district_kullu_0202600118,10_0_12%_3_0_03%_8_0_09%_total_sub_district_banjar_0202600120,22_0_18%_5_0_04%_32_0_26%_total_sub_district_nermand_0202600122,table_5_:_number_and_percentage_of_households,"sub_district_kullu_total_44,300_1,990_4_49%_19,937_45%_361_0_81%_1,805_4_07%","sub_district_banjar_total_8,679_57_0_66%_3,914_45_1%_99_1_14%_1,068_12_31%","sub_district_nermand_total_12,263_158_1_29%_5,450_44_44%_65_0_53%_537_4_38%","by_type_of_latrine_facility,_2011","1,082_2_44%_58_0_13%_0_0%_24_0_05%_576_1_3%_18,467_41_69%_total_sub_district_kullu","594_6_84%_2_0_02%_0_0%_0_0%_41_0_47%_2,904_33_46%_total_sub_district_banjar","329_2_68%_3_0_02%_0_0%_1_0_01%_107_0_87%_5,613_45_77%_total_sub_district_nermand","table_6_:_number_and_percentage_of_households_by_type_of_drainage_connectivity_for_waste_water_outlet_,_2011","total_44,300_11,408_25_75%_15,576_35_16%_17,316_39_09%","total_8,679_1,507_17_36%_2,370_27_31%_4,802_55_33%","total_12,263_2,245_18_31%_4,589_37_42%_5,429_44_27%","table_7_:_number_and_percentage_of_households_by_availablity_of_kitchen_facility,_2011","sub_district_kullu_total_44,300_37,798_85_32%_5,278_11_91%_510_1_15%_524_1_18%_190_0_43%","sub_district_banjar_total_8,679_7,807_89_95%_521_6%_227_2_62%_120_1_38%_4_0_05%","sub_district_total_12,263_10,171_82_94%_914_7_45%_997_8_13%_161_1_31%_20_0_16%",table_8_:_number_and_percentage_of_households,"sub_district_kullu_0202600118_total_44,300_22,590_50_99%_185_0_42%_7_0_02%_6_0_01%","sub_district_banjar_0202600120_total_8,679_7,305_84_17%_24_0_28%_0_0%_0_0%","sub_district_nermand_total_12,263_7,593_61_92%_47_0_38%_14_0_11%_4_0_03%","by_type_of_fuel_used_for_cooking,_2011","2,123_4_79%_19,118_43_16%_63_0_14%_10_0_02%_8_0_02%_190_0_43%_total_sub_district_kullu_0202600118","71_0_82%_1,272_14_66%_2_0_02%_0_0%_1_0_01%_4_0_05%_total_sub_district_banjar","265_2_16%_4,300_35_06%_14_0_11%_4_0_03%_2_0_02%_20_0_16%_total_sub_district_nermand",table_9_:_number_and_percentage_of_households_availing_banking_services_and,"sub_district_kullu_total_44,300_39,275_88_66%_9,021_20_36%_33,083_74_68%_1,716_3_87%_2,534_5_72%","sub_district_total_8,679_8,065_92_93%_2,085_24_02%_4,634_53_39%_76_0_88%_188_2_17%","sub_district_total_12,263_10,957_89_35%_3,497_28_52%_7,685_62_67%_96_0_78%_442_3_6%","number_of_households_having_each_of_the_specified_assets_in,_2011","1,191_2_69%_31,089_70_18%_4,893_11_05%_1,863_4_21%_5,055_11_41%_5,011_11_31%_4,105_9_27%_total_sub_district","211_2_43%_5,735_66_08%_591_6_81%_55_0_63%_159_1_83%_270_3_11%_1,428_16_45%_total_sub_district","147_1_2%_9,120_74_37%_639_5_21%_45_0_37%_279_2_28%_471_3_84%_1,568_12_79%_total_sub_district"
"Hadimba Temple, is located in Manali, an internationally famous hill station of",,,,,5,kullu_kullu_dchb_part_b_primary_census_abstract.pdf,Kullu,,,,,,,,,,,,,,,,,,,,,,,,,,,,,,,,,,,,,,,,,,,,,,,,,,,,,,,,,,,,,
Kullu district of Himachal Pradesh in north India. It is an ancient cave temple,,,,,5,kullu_kullu_dchb_part_b_primary_census_abstract.pdf,Kullu,,,,,,,,,,,,,,,,,,,,,,,,,,,,,,,,,,,,,,,,,,,,,,,,,,,,,,,,,,,,,
"dedicated to Hidimbi Devi, sister of demon named",,,Hidimba known,character in,5,kullu_kullu_dchb_part_b_primary_census_abstract.pdf,Kullu,,,,,,,,,,,,,,,,,,,,,,,,,,,,,,,,,,,,,,,,,,,,,,,,,,,,,,,,,,,,,
the Indian epic of,Mahabharata. The,temple surrounded by a cedar forest,,,5,kullu_kullu_dchb_part_b_primary_census_abstract.pdf,Kullu,,,,,,,,,,,,,,,,,,,,,,,,,,,,,,,,,,,,,,,,,,,,,,,,,,,,,,,,,,,,,
locally called as Dhoongri is built over a huge rock jutting out of the ground.,,,,,5,kullu_kullu_dchb_part_b_primary_census_abstract.pdf,Kullu,,,,,,,,,,,,,,,,,,,,,,,,,,,,,,,,,,,,,,,,,,,,,,,,,,,,,,,,,,,,,
Since Hadimba who meditated at Dhoongri the Temple is also known as,,,,,5,kullu_kullu_dchb_part_b_primary_census_abstract.pdf,Kullu,,,,,,,,,,,,,,,,,,,,,,,,,,,,,,,,,,,,,,,,,,,,,,,,,,,,,,,,,,,,,
Dhoongri Devi Temple. The Dhoongri Temple dedicated to Goddess Hadimba,,,,,5,kullu_kullu_dchb_part_b_primary_census_abstract.pdf,Kullu,,,,,,,,,,,,,,,,,,,,,,,,,,,,,,,,,,,,,,,,,,,,,,,,,,,,,,,,,,,,,
"(or Hirma Devi), the wife of Bhima of Mahabharta fame is just within a walk",,,,,5,kullu_kullu_dchb_part_b_primary_census_abstract.pdf,Kullu,,,,,,,,,,,,,,,,,,,,,,,,,,,,,,,,,,,,,,,,,,,,,,,,,,,,,,,,,,,,,
able distance from the Manali town. The structure was built in 1553 AD by,,,,,5,kullu_kullu_dchb_part_b_primary_census_abstract.pdf,Kullu,,,,,,,,,,,,,,,,,,,,,,,,,,,,,,,,,,,,,,,,,,,,,,,,,,,,,,,,,,,,,
"Raja Bahadur Singh, son of Raja Sidh Singh.",,,,,5,kullu_kullu_dchb_part_b_primary_census_abstract.pdf,Kullu,,,,,,,,,,,,,,,,,,,,,,,,,,,,,,,,,,,,,,,,,,,,,,,,,,,,,,,,,,,,,
,,,,,23,kullu_kullu_dchb_part_b_primary_census_abstract.pdf,Kullu,State District,,,,,,,,,,,,,,,,,,,,,,,,,,,,,,,,,,,,,,,,,,,,,,,,,,,,,,,,,,,,
,,,,,31,kullu_kullu_dchb_part_b_primary_census_abstract.pdf,Kullu,,DISTRICT PRIMARY,,,,,,,,,,,,,,,,,,,,,,,,,,,,,,,,,,,,,,,,,,,,,,,,,,,,,,,,,,,
,,,,,31,kullu_kullu_dchb_part_b_primary_census_abstract.pdf,Kullu,,"Location Total/ Area in Total population (including institutional and
code District/ CD Block/ Rural/ Square Number of houseless population) Population in the age-group 0-6
number Town Urban Kilometre households Persons Males Females Persons Males Females",,,,,,,,,,,,,,,,,,,,,,,,,,,,,,,,,,,,,,,,,,,,,,,,,,,,,,,,,,,
,,,,,31,kullu_kullu_dchb_part_b_primary_census_abstract.pdf,Kullu,,1 2 3 4 5 6 7 8 9 10 11,,,,,,,,,,,,,,,,,,,,,,,,,,,,,,,,,,,,,,,,,,,,,,,,,,,,,,,,,,,
,,,,,32,kullu_kullu_dchb_part_b_primary_census_abstract.pdf,Kullu,,,CENSUS ABSTRACT,,,,,,,,,,,,,,,,,,,,,,,,,,,,,,,,,,,,,,,,,,,,,,,,,,,,,,,,,,
,,,,,32,kullu_kullu_dchb_part_b_primary_census_abstract.pdf,Kullu,,,"Total/
Scheduled Castes population Scheduled Tribes population Literates Rural/ District/ CD Block/
Persons Males Females Persons Males Females Persons Males Females Urban Town",,,,,,,,,,,,,,,,,,,,,,,,,,,,,,,,,,,,,,,,,,,,,,,,,,,,,,,,,,
,,,,,32,kullu_kullu_dchb_part_b_primary_census_abstract.pdf,Kullu,,,12 13 14 15 16 17 18 19 20 3 2,,,,,,,,,,,,,,,,,,,,,,,,,,,,,,,,,,,,,,,,,,,,,,,,,,,,,,,,,,
,,,,,33,kullu_kullu_dchb_part_b_primary_census_abstract.pdf,Kullu,,DISTRICT PRIMARY,,,,,,,,,,,,,,,,,,,,,,,,,,,,,,,,,,,,,,,,,,,,,,,,,,,,,,,,,,,
,,,,,33,kullu_kullu_dchb_part_b_primary_census_abstract.pdf,Kullu,,"Industrial category
Location Total/
code District/ CD Block/ Rural/ Total workers Main workers Cultivators
number Town Urban Persons Males Females Persons Males Females Persons Males Females",,,,,,,,,,,,,,,,,,,,,,,,,,,,,,,,,,,,,,,,,,,,,,,,,,,,,,,,,,,
,,,,,33,kullu_kullu_dchb_part_b_primary_census_abstract.pdf,Kullu,,1 2 3 21 22 23 24 25 26 27 28 29,,,,,,,,,,,,,,,,,,,,,,,,,,,,,,,,,,,,,,,,,,,,,,,,,,,,,,,,,,,
,,,,,34,kullu_kullu_dchb_part_b_primary_census_abstract.pdf,Kullu,,,CENSUS ABSTRACT,,,,,,,,,,,,,,,,,,,,,,,,,,,,,,,,,,,,,,,,,,,,,,,,,,,,,,,,,,
,,,,,34,kullu_kullu_dchb_part_b_primary_census_abstract.pdf,Kullu,,,"of main workers
Total/
Agricultural labourers Household industry workers Other workers Rural/ District/ CD Block/
Persons Males Females Persons Males Females Persons Males Females Urban Town",,,,,,,,,,,,,,,,,,,,,,,,,,,,,,,,,,,,,,,,,,,,,,,,,,,,,,,,,,
,,,,,34,kullu_kullu_dchb_part_b_primary_census_abstract.pdf,Kullu,,,30 31 32 33 34 35 36 37 38 3 2,,,,,,,,,,,,,,,,,,,,,,,,,,,,,,,,,,,,,,,,,,,,,,,,,,,,,,,,,,
,,,,,35,kullu_kullu_dchb_part_b_primary_census_abstract.pdf,Kullu,,DISTRICT PRIMARY,,,,,,,,,,,,,,,,,,,,,,,,,,,,,,,,,,,,,,,,,,,,,,,,,,,,,,,,,,,
,,,,,35,kullu_kullu_dchb_part_b_primary_census_abstract.pdf,Kullu,,"Industrial category
Location Total/
code District/ CD Block/ Rural/ Marginal workers Cultivators Agricultural labourers
number Town Urban Persons Males Females Persons Males Females Persons Males Females",,,,,,,,,,,,,,,,,,,,,,,,,,,,,,,,,,,,,,,,,,,,,,,,,,,,,,,,,,,
,,,,,35,kullu_kullu_dchb_part_b_primary_census_abstract.pdf,Kullu,,1 2 3 39 40 41 42 43 44 45 46 47,,,,,,,,,,,,,,,,,,,,,,,,,,,,,,,,,,,,,,,,,,,,,,,,,,,,,,,,,,,
,,,,,36,kullu_kullu_dchb_part_b_primary_census_abstract.pdf,Kullu,,,CENSUS ABSTRACT,,,,,,,,,,,,,,,,,,,,,,,,,,,,,,,,,,,,,,,,,,,,,,,,,,,,,,,,,,
,,,,,36,kullu_kullu_dchb_part_b_primary_census_abstract.pdf,Kullu,,,"of marginal workers
Total/ Location
Household industry workers Other workers Non-workers Rural/ District/ CD Block/ code
Persons Males Females Persons Males Females Persons Males Females Urban Town number",,,,,,,,,,,,,,,,,,,,,,,,,,,,,,,,,,,,,,,,,,,,,,,,,,,,,,,,,,
,,,,,36,kullu_kullu_dchb_part_b_primary_census_abstract.pdf,Kullu,,,48 49 50 51 52 53 54 55 56 3 2 1,,,,,,,,,,,,,,,,,,,,,,,,,,,,,,,,,,,,,,,,,,,,,,,,,,,,,,,,,,
,,,,,39,kullu_kullu_dchb_part_b_primary_census_abstract.pdf,Kullu,,,,,,,,,,,,,,,,,,,,,,,,,,,,,,,,,,,,,,,,,,,,,,,,,,,,,,,,,,,,,
,,,,,40,kullu_kullu_dchb_part_b_primary_census_abstract.pdf,Kullu,,,,,,,,,,,,,,,,,,,,,,,,,,,,,,,,,,,,,,,,,,,,,,,,,,,,,,,,,,,,,
,,,,,41,kullu_kullu_dchb_part_b_primary_census_abstract.pdf,Kullu,,,,,,,,,,,,,,,,,,,,,,,,,,,,,,,,,,,,,,,,,,,,,,,,,,,,,,,,,,,,,
,,,,,43,kullu_kullu_dchb_part_b_primary_census_abstract.pdf,Kullu,,PRIMARY CENSUS ABSTRACT,,,,,,,,,,,,,,,,,,,,,,,,,,,,,,,,,,,,,,,,,,,,,,,,,,,,,,,,,,,
,,,,,43,kullu_kullu_dchb_part_b_primary_census_abstract.pdf,Kullu,,"Number of
Location Total/ households Total population (including institutional and
code District/ CD Block/ Rural/ with SC as houseless population) Population in the age-group 0-6
number Town Urban head Persons Males Females Persons Males Females",,,,,,,,,,,,,,,,,,,,,,,,,,,,,,,,,,,,,,,,,,,,,,,,,,,,,,,,,,,
,,,,,43,kullu_kullu_dchb_part_b_primary_census_abstract.pdf,Kullu,,1 2 3 4 5 6 7 8 9 10,,,,,,,,,,,,,,,,,,,,,,,,,,,,,,,,,,,,,,,,,,,,,,,,,,,,,,,,,,,
,,,,,44,kullu_kullu_dchb_part_b_primary_census_abstract.pdf,Kullu,,,FOR SCHEDULED CASTES,,,,,,,,,,,,,,,,,,,,,,,,,,,,,,,,,,,,,,,,,,,,,,,,,,,,,,,,,,
,,,,,44,kullu_kullu_dchb_part_b_primary_census_abstract.pdf,Kullu,,,"Total/
Literates Illiterates Total workers Rural/ District/ CD Block/
Persons Males Females Persons Males Females Persons Males Females Urban Town",,,,,,,,,,,,,,,,,,,,,,,,,,,,,,,,,,,,,,,,,,,,,,,,,,,,,,,,,,
,,,,,44,kullu_kullu_dchb_part_b_primary_census_abstract.pdf,Kullu,,,11 12 13 14 15 16 17 18 19 3 2,,,,,,,,,,,,,,,,,,,,,,,,,,,,,,,,,,,,,,,,,,,,,,,,,,,,,,,,,,
,,,,,45,kullu_kullu_dchb_part_b_primary_census_abstract.pdf,Kullu,,PRIMARY CENSUS ABSTRACT,,,,,,,,,,,,,,,,,,,,,,,,,,,,,,,,,,,,,,,,,,,,,,,,,,,,,,,,,,,
,,,,,45,kullu_kullu_dchb_part_b_primary_census_abstract.pdf,Kullu,,"Industrial category
Location Total/
code District/ CD Block/ Rural/ Main workers Cultivators Agricultural labourers
number Town Urban Persons Males Females Persons Males Females Persons Males Females",,,,,,,,,,,,,,,,,,,,,,,,,,,,,,,,,,,,,,,,,,,,,,,,,,,,,,,,,,,
,,,,,45,kullu_kullu_dchb_part_b_primary_census_abstract.pdf,Kullu,,1 2 3 20 21 22 23 24 25 26 27 28,,,,,,,,,,,,,,,,,,,,,,,,,,,,,,,,,,,,,,,,,,,,,,,,,,,,,,,,,,,
,,,,,46,kullu_kullu_dchb_part_b_primary_census_abstract.pdf,Kullu,,,FOR SCHEDULED CASTES,,,,,,,,,,,,,,,,,,,,,,,,,,,,,,,,,,,,,,,,,,,,,,,,,,,,,,,,,,
,,,,,46,kullu_kullu_dchb_part_b_primary_census_abstract.pdf,Kullu,,,"of main workers
Total/
Household industry workers Other workers Marginal workers Rural/ District/ CD Block/
Persons Males Females Persons Males Females Persons Males Females Urban Town",,,,,,,,,,,,,,,,,,,,,,,,,,,,,,,,,,,,,,,,,,,,,,,,,,,,,,,,,,
,,,,,46,kullu_kullu_dchb_part_b_primary_census_abstract.pdf,Kullu,,,29 30 31 32 33 34 35 36 37 3 2,,,,,,,,,,,,,,,,,,,,,,,,,,,,,,,,,,,,,,,,,,,,,,,,,,,,,,,,,,
,,,,,47,kullu_kullu_dchb_part_b_primary_census_abstract.pdf,Kullu,,PRIMARY CENSUS ABSTRACT,,,,,,,,,,,,,,,,,,,,,,,,,,,,,,,,,,,,,,,,,,,,,,,,,,,,,,,,,,,
,,,,,47,kullu_kullu_dchb_part_b_primary_census_abstract.pdf,Kullu,,"Industrial category of
Location Total/
code District/ CD Block/ Rural/ Cultivators Agricultural labourers Household industry workers
number Town Urban Persons Males Females Persons Males Females Persons Males Females",,,,,,,,,,,,,,,,,,,,,,,,,,,,,,,,,,,,,,,,,,,,,,,,,,,,,,,,,,,
,,,,,47,kullu_kullu_dchb_part_b_primary_census_abstract.pdf,Kullu,,1 2 3 38 39 40 41 42 43 44 45 46,,,,,,,,,,,,,,,,,,,,,,,,,,,,,,,,,,,,,,,,,,,,,,,,,,,,,,,,,,,
,,,,,48,kullu_kullu_dchb_part_b_primary_census_abstract.pdf,Kullu,,,FOR SCHEDULED CASTES,,,,,,,,,,,,,,,,,,,,,,,,,,,,,,,,,,,,,,,,,,,,,,,,,,,,,,,,,,
,,,,,48,kullu_kullu_dchb_part_b_primary_census_abstract.pdf,Kullu,,,"marginal workers
Total/ Location
Other workers Non-workers Rural/ District/ CD Block/ code
Persons Males Females Persons Males Females Urban Town number",,,,,,,,,,,,,,,,,,,,,,,,,,,,,,,,,,,,,,,,,,,,,,,,,,,,,,,,,,
,,,,,48,kullu_kullu_dchb_part_b_primary_census_abstract.pdf,Kullu,,,47 48 49 50 51 52 3 2 1,,,,,,,,,,,,,,,,,,,,,,,,,,,,,,,,,,,,,,,,,,,,,,,,,,,,,,,,,,
,,,,,51,kullu_kullu_dchb_part_b_primary_census_abstract.pdf,Kullu,,PRIMARY CENSUS ABSTRACT,,,,,,,,,,,,,,,,,,,,,,,,,,,,,,,,,,,,,,,,,,,,,,,,,,,,,,,,,,,
,,,,,51,kullu_kullu_dchb_part_b_primary_census_abstract.pdf,Kullu,,"Number of
Location Total/ households Total population (including institutional and
code Rural/ with ST as houseless population) Population in the age-group 0-6
number District/ CD Block/ Town Urban head Persons Males Females Persons Males Females",,,,,,,,,,,,,,,,,,,,,,,,,,,,,,,,,,,,,,,,,,,,,,,,,,,,,,,,,,,
,,,,,51,kullu_kullu_dchb_part_b_primary_census_abstract.pdf,Kullu,,1 2 3 4 5 6 7 8 9 10,,,,,,,,,,,,,,,,,,,,,,,,,,,,,,,,,,,,,,,,,,,,,,,,,,,,,,,,,,,
,,,,,52,kullu_kullu_dchb_part_b_primary_census_abstract.pdf,Kullu,,,FOR SCHEDULED TRIBES,,,,,,,,,,,,,,,,,,,,,,,,,,,,,,,,,,,,,,,,,,,,,,,,,,,,,,,,,,
,,,,,52,kullu_kullu_dchb_part_b_primary_census_abstract.pdf,Kullu,,,"Total/
Literates Illiterates Total workers Rural/ District/ CD Block/
Persons Males Females Persons Males Females Persons Males Females Urban Town",,,,,,,,,,,,,,,,,,,,,,,,,,,,,,,,,,,,,,,,,,,,,,,,,,,,,,,,,,
,,,,,52,kullu_kullu_dchb_part_b_primary_census_abstract.pdf,Kullu,,,11 12 13 14 15 16 17 18 19 3 2,,,,,,,,,,,,,,,,,,,,,,,,,,,,,,,,,,,,,,,,,,,,,,,,,,,,,,,,,,
,,,,,53,kullu_kullu_dchb_part_b_primary_census_abstract.pdf,Kullu,,PRIMARY CENSUS ABSTRACT,,,,,,,,,,,,,,,,,,,,,,,,,,,,,,,,,,,,,,,,,,,,,,,,,,,,,,,,,,,
,,,,,53,kullu_kullu_dchb_part_b_primary_census_abstract.pdf,Kullu,,"Industrial category
Location Total/
code Rural/ Main workers Cultivators Agricultural labourers
number District/ CD Block/ Town Urban Persons Males Females Persons Males Females Persons Males Females",,,,,,,,,,,,,,,,,,,,,,,,,,,,,,,,,,,,,,,,,,,,,,,,,,,,,,,,,,,
,,,,,53,kullu_kullu_dchb_part_b_primary_census_abstract.pdf,Kullu,,1 2 3 20 21 22 23 24 25 26 27 28,,,,,,,,,,,,,,,,,,,,,,,,,,,,,,,,,,,,,,,,,,,,,,,,,,,,,,,,,,,
,,,,,54,kullu_kullu_dchb_part_b_primary_census_abstract.pdf,Kullu,,,FOR SCHEDULED TRIBES,,,,,,,,,,,,,,,,,,,,,,,,,,,,,,,,,,,,,,,,,,,,,,,,,,,,,,,,,,
,,,,,54,kullu_kullu_dchb_part_b_primary_census_abstract.pdf,Kullu,,,"of main workers
Total/
Household industry workers Other workers Marginal workers Rural/
Persons Males Females Persons Males Females Persons Males Females Urban District/ CD Block/ Town",,,,,,,,,,,,,,,,,,,,,,,,,,,,,,,,,,,,,,,,,,,,,,,,,,,,,,,,,,
,,,,,54,kullu_kullu_dchb_part_b_primary_census_abstract.pdf,Kullu,,,29 30 31 32 33 34 35 36 37 3 2,,,,,,,,,,,,,,,,,,,,,,,,,,,,,,,,,,,,,,,,,,,,,,,,,,,,,,,,,,
,,,,,55,kullu_kullu_dchb_part_b_primary_census_abstract.pdf,Kullu,,PRIMARY CENSUS ABSTRACT,,,,,,,,,,,,,,,,,,,,,,,,,,,,,,,,,,,,,,,,,,,,,,,,,,,,,,,,,,,
,,,,,55,kullu_kullu_dchb_part_b_primary_census_abstract.pdf,Kullu,,"Industrial category of
Location Total/
code Rural/ Cultivators Agricultural labourers Household industry workers
number District/ CD Block/ Town Urban Persons Males Females Persons Males Females Persons Males Females",,,,,,,,,,,,,,,,,,,,,,,,,,,,,,,,,,,,,,,,,,,,,,,,,,,,,,,,,,,
,,,,,55,kullu_kullu_dchb_part_b_primary_census_abstract.pdf,Kullu,,1 2 3 38 39 40 41 42 43 44 45 46,,,,,,,,,,,,,,,,,,,,,,,,,,,,,,,,,,,,,,,,,,,,,,,,,,,,,,,,,,,
,,,,,56,kullu_kullu_dchb_part_b_primary_census_abstract.pdf,Kullu,,,FOR SCHEDULED TRIBES,,,,,,,,,,,,,,,,,,,,,,,,,,,,,,,,,,,,,,,,,,,,,,,,,,,,,,,,,,
,,,,,56,kullu_kullu_dchb_part_b_primary_census_abstract.pdf,Kullu,,,"marginal workers
Total/ Location
Other workers Non-workers Rural/ code
Persons Males Females Persons Males Females Urban District/ CD Block/ Town number",,,,,,,,,,,,,,,,,,,,,,,,,,,,,,,,,,,,,,,,,,,,,,,,,,,,,,,,,,
,,,,,56,kullu_kullu_dchb_part_b_primary_census_abstract.pdf,Kullu,,,47 48 49 50 51 52 3 2 1,,,,,,,,,,,,,,,,,,,,,,,,,,,,,,,,,,,,,,,,,,,,,,,,,,,,,,,,,,
,,,,,59,kullu_kullu_dchb_part_b_primary_census_abstract.pdf,Kullu,,"VILLAGE PRIMARY
C D Block -",,,,,,,,,,,,,,,,,,,,,,,,,,,,,,,,,,,,,,,,,,,,,,,,,,,,,,,,,,,
,,,,,59,kullu_kullu_dchb_part_b_primary_census_abstract.pdf,Kullu,,"Location Area of Total population (including institutional
code Village in Number of and houseless population) Population in the age-group 0-6
number Name of Village hectares households Persons Males Females Persons Males Females",,,,,,,,,,,,,,,,,,,,,,,,,,,,,,,,,,,,,,,,,,,,,,,,,,,,,,,,,,,
,,,,,59,kullu_kullu_dchb_part_b_primary_census_abstract.pdf,Kullu,,1 2 3 4 5 6 7 8 9 10,,,,,,,,,,,,,,,,,,,,,,,,,,,,,,,,,,,,,,,,,,,,,,,,,,,,,,,,,,,
,,,,,60,kullu_kullu_dchb_part_b_primary_census_abstract.pdf,Kullu,,,"CENSUS ABSTRACT
Naggar",,,,,,,,,,,,,,,,,,,,,,,,,,,,,,,,,,,,,,,,,,,,,,,,,,,,,,,,,,
,,,,,60,kullu_kullu_dchb_part_b_primary_census_abstract.pdf,Kullu,,,"Scheduled Castes population Scheduled Tribes population Literates
Persons Males Females Persons Males Females Persons Males Females Name of Village",,,,,,,,,,,,,,,,,,,,,,,,,,,,,,,,,,,,,,,,,,,,,,,,,,,,,,,,,,
,,,,,60,kullu_kullu_dchb_part_b_primary_census_abstract.pdf,Kullu,,,11 12 13 14 15 16 17 18 19 2,,,,,,,,,,,,,,,,,,,,,,,,,,,,,,,,,,,,,,,,,,,,,,,,,,,,,,,,,,
,,,,,61,kullu_kullu_dchb_part_b_primary_census_abstract.pdf,Kullu,,"VILLAGE PRIMARY
C D Block -",,,,,,,,,,,,,,,,,,,,,,,,,,,,,,,,,,,,,,,,,,,,,,,,,,,,,,,,,,,
,,,,,61,kullu_kullu_dchb_part_b_primary_census_abstract.pdf,Kullu,,"Location
code Illiterates Total workers Main workers
number Name of Village Persons Males Females Persons Males Females Persons Males Females",,,,,,,,,,,,,,,,,,,,,,,,,,,,,,,,,,,,,,,,,,,,,,,,,,,,,,,,,,,
,,,,,61,kullu_kullu_dchb_part_b_primary_census_abstract.pdf,Kullu,,1 2 20 21 22 23 24 25 26 27 28,,,,,,,,,,,,,,,,,,,,,,,,,,,,,,,,,,,,,,,,,,,,,,,,,,,,,,,,,,,
,,,,,62,kullu_kullu_dchb_part_b_primary_census_abstract.pdf,Kullu,,,"CENSUS ABSTRACT
Naggar",,,,,,,,,,,,,,,,,,,,,,,,,,,,,,,,,,,,,,,,,,,,,,,,,,,,,,,,,,
,,,,,62,kullu_kullu_dchb_part_b_primary_census_abstract.pdf,Kullu,,,"Industrial category of main workers
Household industry
Cultivators Agricultural labourers workers Other workers
Persons Males Females Persons Males Females Persons MalesFemales Persons Males Females Name of Village",,,,,,,,,,,,,,,,,,,,,,,,,,,,,,,,,,,,,,,,,,,,,,,,,,,,,,,,,,
,,,,,62,kullu_kullu_dchb_part_b_primary_census_abstract.pdf,Kullu,,,29 30 31 32 33 34 35 36 37 38 39 40 2,,,,,,,,,,,,,,,,,,,,,,,,,,,,,,,,,,,,,,,,,,,,,,,,,,,,,,,,,,
,,,,,63,kullu_kullu_dchb_part_b_primary_census_abstract.pdf,Kullu,,"VILLAGE PRIMARY
C D Block -",,,,,,,,,,,,,,,,,,,,,,,,,,,,,,,,,,,,,,,,,,,,,,,,,,,,,,,,,,,
,,,,,63,kullu_kullu_dchb_part_b_primary_census_abstract.pdf,Kullu,,"Industrial category
Location
code Marginal workers Cultivators Agricultural labourers
number Name of Village Persons Males Females Persons Males Females Persons Males Females",,,,,,,,,,,,,,,,,,,,,,,,,,,,,,,,,,,,,,,,,,,,,,,,,,,,,,,,,,,
,,,,,63,kullu_kullu_dchb_part_b_primary_census_abstract.pdf,Kullu,,1 2 41 42 43 44 45 46 47 48 49,,,,,,,,,,,,,,,,,,,,,,,,,,,,,,,,,,,,,,,,,,,,,,,,,,,,,,,,,,,
,,,,,64,kullu_kullu_dchb_part_b_primary_census_abstract.pdf,Kullu,,,"CENSUS ABSTRACT
Naggar",,,,,,,,,,,,,,,,,,,,,,,,,,,,,,,,,,,,,,,,,,,,,,,,,,,,,,,,,,
,,,,,64,kullu_kullu_dchb_part_b_primary_census_abstract.pdf,Kullu,,,"of marginal workers
Location
Household industry workers Other workers Non-workers code
Persons Males Females Persons Males Females Persons Males Females Name of Village number",,,,,,,,,,,,,,,,,,,,,,,,,,,,,,,,,,,,,,,,,,,,,,,,,,,,,,,,,,
,,,,,64,kullu_kullu_dchb_part_b_primary_census_abstract.pdf,Kullu,,,50 51 52 53 54 55 56 57 58 2 1,,,,,,,,,,,,,,,,,,,,,,,,,,,,,,,,,,,,,,,,,,,,,,,,,,,,,,,,,,
,,,,,65,kullu_kullu_dchb_part_b_primary_census_abstract.pdf,Kullu,,"VILLAGE PRIMARY
C D Block -",,,,,,,,,,,,,,,,,,,,,,,,,,,,,,,,,,,,,,,,,,,,,,,,,,,,,,,,,,,
,,,,,65,kullu_kullu_dchb_part_b_primary_census_abstract.pdf,Kullu,,"Location Area of Total population (including institutional
code Village in Number of and houseless population) Population in the age-group 0-6
number Name of Village hectares households Persons Males Females Persons Males Females",,,,,,,,,,,,,,,,,,,,,,,,,,,,,,,,,,,,,,,,,,,,,,,,,,,,,,,,,,,
,,,,,65,kullu_kullu_dchb_part_b_primary_census_abstract.pdf,Kullu,,1 2 3 4 5 6 7 8 9 10,,,,,,,,,,,,,,,,,,,,,,,,,,,,,,,,,,,,,,,,,,,,,,,,,,,,,,,,,,,
,,,,,66,kullu_kullu_dchb_part_b_primary_census_abstract.pdf,Kullu,,,"CENSUS ABSTRACT
Naggar",,,,,,,,,,,,,,,,,,,,,,,,,,,,,,,,,,,,,,,,,,,,,,,,,,,,,,,,,,
,,,,,66,kullu_kullu_dchb_part_b_primary_census_abstract.pdf,Kullu,,,"Scheduled Castes population Scheduled Tribes population Literates
Persons Males Females Persons Males Females Persons Males Females Name of Village",,,,,,,,,,,,,,,,,,,,,,,,,,,,,,,,,,,,,,,,,,,,,,,,,,,,,,,,,,
,,,,,66,kullu_kullu_dchb_part_b_primary_census_abstract.pdf,Kullu,,,11 12 13 14 15 16 17 18 19 2,,,,,,,,,,,,,,,,,,,,,,,,,,,,,,,,,,,,,,,,,,,,,,,,,,,,,,,,,,
,,,,,67,kullu_kullu_dchb_part_b_primary_census_abstract.pdf,Kullu,,"VILLAGE PRIMARY
C D Block -",,,,,,,,,,,,,,,,,,,,,,,,,,,,,,,,,,,,,,,,,,,,,,,,,,,,,,,,,,,
,,,,,67,kullu_kullu_dchb_part_b_primary_census_abstract.pdf,Kullu,,"Location
code Illiterates Total workers Main workers
number Name of Village Persons Males Females Persons Males Females Persons Males Females",,,,,,,,,,,,,,,,,,,,,,,,,,,,,,,,,,,,,,,,,,,,,,,,,,,,,,,,,,,
,,,,,67,kullu_kullu_dchb_part_b_primary_census_abstract.pdf,Kullu,,1 2 20 21 22 23 24 25 26 27 28,,,,,,,,,,,,,,,,,,,,,,,,,,,,,,,,,,,,,,,,,,,,,,,,,,,,,,,,,,,
,,,,,68,kullu_kullu_dchb_part_b_primary_census_abstract.pdf,Kullu,,,"CENSUS ABSTRACT
Naggar",,,,,,,,,,,,,,,,,,,,,,,,,,,,,,,,,,,,,,,,,,,,,,,,,,,,,,,,,,
,,,,,68,kullu_kullu_dchb_part_b_primary_census_abstract.pdf,Kullu,,,"Industrial category of main workers
Household industry
Cultivators Agricultural labourers workers Other workers
Persons Males Females Persons Males Females Persons MalesFemales Persons Males Females Name of Village",,,,,,,,,,,,,,,,,,,,,,,,,,,,,,,,,,,,,,,,,,,,,,,,,,,,,,,,,,
,,,,,68,kullu_kullu_dchb_part_b_primary_census_abstract.pdf,Kullu,,,29 30 31 32 33 34 35 36 37 38 39 40 2,,,,,,,,,,,,,,,,,,,,,,,,,,,,,,,,,,,,,,,,,,,,,,,,,,,,,,,,,,
,,,,,69,kullu_kullu_dchb_part_b_primary_census_abstract.pdf,Kullu,,"VILLAGE PRIMARY
C D Block -",,,,,,,,,,,,,,,,,,,,,,,,,,,,,,,,,,,,,,,,,,,,,,,,,,,,,,,,,,,
,,,,,69,kullu_kullu_dchb_part_b_primary_census_abstract.pdf,Kullu,,"Industrial category
Location
code Marginal workers Cultivators Agricultural labourers
number Name of Village Persons Males Females Persons Males Females Persons Males Females",,,,,,,,,,,,,,,,,,,,,,,,,,,,,,,,,,,,,,,,,,,,,,,,,,,,,,,,,,,
,,,,,69,kullu_kullu_dchb_part_b_primary_census_abstract.pdf,Kullu,,1 2 41 42 43 44 45 46 47 48 49,,,,,,,,,,,,,,,,,,,,,,,,,,,,,,,,,,,,,,,,,,,,,,,,,,,,,,,,,,,
,,,,,70,kullu_kullu_dchb_part_b_primary_census_abstract.pdf,Kullu,,,"CENSUS ABSTRACT
Naggar",,,,,,,,,,,,,,,,,,,,,,,,,,,,,,,,,,,,,,,,,,,,,,,,,,,,,,,,,,
,,,,,70,kullu_kullu_dchb_part_b_primary_census_abstract.pdf,Kullu,,,"of marginal workers
Location
Household industry workers Other workers Non-workers code
Persons Males Females Persons Males Females Persons Males Females Name of Village number",,,,,,,,,,,,,,,,,,,,,,,,,,,,,,,,,,,,,,,,,,,,,,,,,,,,,,,,,,
,,,,,70,kullu_kullu_dchb_part_b_primary_census_abstract.pdf,Kullu,,,50 51 52 53 54 55 56 57 58 2 1,,,,,,,,,,,,,,,,,,,,,,,,,,,,,,,,,,,,,,,,,,,,,,,,,,,,,,,,,,
,,,,,71,kullu_kullu_dchb_part_b_primary_census_abstract.pdf,Kullu,,"VILLAGE PRIMARY
C D Block -",,,,,,,,,,,,,,,,,,,,,,,,,,,,,,,,,,,,,,,,,,,,,,,,,,,,,,,,,,,
,,,,,71,kullu_kullu_dchb_part_b_primary_census_abstract.pdf,Kullu,,"Location Area of Total population (including institutional
code Village in Number of and houseless population) Population in the age-group 0-6
number Name of Village hectares households Persons Males Females Persons Males Females",,,,,,,,,,,,,,,,,,,,,,,,,,,,,,,,,,,,,,,,,,,,,,,,,,,,,,,,,,,
,,,,,71,kullu_kullu_dchb_part_b_primary_census_abstract.pdf,Kullu,,1 2 3 4 5 6 7 8 9 10,,,,,,,,,,,,,,,,,,,,,,,,,,,,,,,,,,,,,,,,,,,,,,,,,,,,,,,,,,,
,,,,,72,kullu_kullu_dchb_part_b_primary_census_abstract.pdf,Kullu,,,"CENSUS ABSTRACT
Naggar",,,,,,,,,,,,,,,,,,,,,,,,,,,,,,,,,,,,,,,,,,,,,,,,,,,,,,,,,,
,,,,,72,kullu_kullu_dchb_part_b_primary_census_abstract.pdf,Kullu,,,"Scheduled Castes population Scheduled Tribes population Literates
Persons Males Females Persons Males Females Persons Males Females Name of Village",,,,,,,,,,,,,,,,,,,,,,,,,,,,,,,,,,,,,,,,,,,,,,,,,,,,,,,,,,
,,,,,72,kullu_kullu_dchb_part_b_primary_census_abstract.pdf,Kullu,,,11 12 13 14 15 16 17 18 19 2,,,,,,,,,,,,,,,,,,,,,,,,,,,,,,,,,,,,,,,,,,,,,,,,,,,,,,,,,,
,,,,,73,kullu_kullu_dchb_part_b_primary_census_abstract.pdf,Kullu,,"VILLAGE PRIMARY
C D Block -",,,,,,,,,,,,,,,,,,,,,,,,,,,,,,,,,,,,,,,,,,,,,,,,,,,,,,,,,,,
,,,,,73,kullu_kullu_dchb_part_b_primary_census_abstract.pdf,Kullu,,"Location
code Illiterates Total workers Main workers
number Name of Village Persons Males Females Persons Males Females Persons Males Females",,,,,,,,,,,,,,,,,,,,,,,,,,,,,,,,,,,,,,,,,,,,,,,,,,,,,,,,,,,
,,,,,73,kullu_kullu_dchb_part_b_primary_census_abstract.pdf,Kullu,,1 2 20 21 22 23 24 25 26 27 28,,,,,,,,,,,,,,,,,,,,,,,,,,,,,,,,,,,,,,,,,,,,,,,,,,,,,,,,,,,
,,,,,74,kullu_kullu_dchb_part_b_primary_census_abstract.pdf,Kullu,,,"CENSUS ABSTRACT
Naggar",,,,,,,,,,,,,,,,,,,,,,,,,,,,,,,,,,,,,,,,,,,,,,,,,,,,,,,,,,
,,,,,74,kullu_kullu_dchb_part_b_primary_census_abstract.pdf,Kullu,,,"Industrial category of main workers
Household industry
Cultivators Agricultural labourers workers Other workers
Persons Males Females Persons Males Females Persons MalesFemales Persons Males Females Name of Village",,,,,,,,,,,,,,,,,,,,,,,,,,,,,,,,,,,,,,,,,,,,,,,,,,,,,,,,,,
,,,,,74,kullu_kullu_dchb_part_b_primary_census_abstract.pdf,Kullu,,,29 30 31 32 33 34 35 36 37 38 39 40 2,,,,,,,,,,,,,,,,,,,,,,,,,,,,,,,,,,,,,,,,,,,,,,,,,,,,,,,,,,
,,,,,75,kullu_kullu_dchb_part_b_primary_census_abstract.pdf,Kullu,,"VILLAGE PRIMARY
C D Block -",,,,,,,,,,,,,,,,,,,,,,,,,,,,,,,,,,,,,,,,,,,,,,,,,,,,,,,,,,,
,,,,,75,kullu_kullu_dchb_part_b_primary_census_abstract.pdf,Kullu,,"Industrial category
Location
code Marginal workers Cultivators Agricultural labourers
number Name of Village Persons Males Females Persons Males Females Persons Males Females",,,,,,,,,,,,,,,,,,,,,,,,,,,,,,,,,,,,,,,,,,,,,,,,,,,,,,,,,,,
,,,,,75,kullu_kullu_dchb_part_b_primary_census_abstract.pdf,Kullu,,1 2 41 42 43 44 45 46 47 48 49,,,,,,,,,,,,,,,,,,,,,,,,,,,,,,,,,,,,,,,,,,,,,,,,,,,,,,,,,,,
,,,,,76,kullu_kullu_dchb_part_b_primary_census_abstract.pdf,Kullu,,,"CENSUS ABSTRACT
Naggar",,,,,,,,,,,,,,,,,,,,,,,,,,,,,,,,,,,,,,,,,,,,,,,,,,,,,,,,,,
,,,,,76,kullu_kullu_dchb_part_b_primary_census_abstract.pdf,Kullu,,,"of marginal workers
Location
Household industry workers Other workers Non-workers code
Persons Males Females Persons Males Females Persons Males Females Name of Village number",,,,,,,,,,,,,,,,,,,,,,,,,,,,,,,,,,,,,,,,,,,,,,,,,,,,,,,,,,
,,,,,76,kullu_kullu_dchb_part_b_primary_census_abstract.pdf,Kullu,,,50 51 52 53 54 55 56 57 58 2 1,,,,,,,,,,,,,,,,,,,,,,,,,,,,,,,,,,,,,,,,,,,,,,,,,,,,,,,,,,
,,,,,77,kullu_kullu_dchb_part_b_primary_census_abstract.pdf,Kullu,,"VILLAGE PRIMARY
C D Block -",,,,,,,,,,,,,,,,,,,,,,,,,,,,,,,,,,,,,,,,,,,,,,,,,,,,,,,,,,,
,,,,,77,kullu_kullu_dchb_part_b_primary_census_abstract.pdf,Kullu,,"Location Area of Total population (including institutional
code Village in Number of and houseless population) Population in the age-group 0-6
number Name of Village hectares households Persons Males Females Persons Males Females",,,,,,,,,,,,,,,,,,,,,,,,,,,,,,,,,,,,,,,,,,,,,,,,,,,,,,,,,,,
,,,,,77,kullu_kullu_dchb_part_b_primary_census_abstract.pdf,Kullu,,1 2 3 4 5 6 7 8 9 10,,,,,,,,,,,,,,,,,,,,,,,,,,,,,,,,,,,,,,,,,,,,,,,,,,,,,,,,,,,
,,,,,78,kullu_kullu_dchb_part_b_primary_census_abstract.pdf,Kullu,,,"CENSUS ABSTRACT
Naggar",,,,,,,,,,,,,,,,,,,,,,,,,,,,,,,,,,,,,,,,,,,,,,,,,,,,,,,,,,
,,,,,78,kullu_kullu_dchb_part_b_primary_census_abstract.pdf,Kullu,,,"Scheduled Castes population Scheduled Tribes population Literates
Persons Males Females Persons Males Females Persons Males Females Name of Village",,,,,,,,,,,,,,,,,,,,,,,,,,,,,,,,,,,,,,,,,,,,,,,,,,,,,,,,,,
,,,,,78,kullu_kullu_dchb_part_b_primary_census_abstract.pdf,Kullu,,,11 12 13 14 15 16 17 18 19 2,,,,,,,,,,,,,,,,,,,,,,,,,,,,,,,,,,,,,,,,,,,,,,,,,,,,,,,,,,
,,,,,79,kullu_kullu_dchb_part_b_primary_census_abstract.pdf,Kullu,,"VILLAGE PRIMARY
C D Block -",,,,,,,,,,,,,,,,,,,,,,,,,,,,,,,,,,,,,,,,,,,,,,,,,,,,,,,,,,,
,,,,,79,kullu_kullu_dchb_part_b_primary_census_abstract.pdf,Kullu,,"Location
code Illiterates Total workers Main workers
number Name of Village Persons Males Females Persons Males Females Persons Males Females",,,,,,,,,,,,,,,,,,,,,,,,,,,,,,,,,,,,,,,,,,,,,,,,,,,,,,,,,,,
,,,,,79,kullu_kullu_dchb_part_b_primary_census_abstract.pdf,Kullu,,1 2 20 21 22 23 24 25 26 27 28,,,,,,,,,,,,,,,,,,,,,,,,,,,,,,,,,,,,,,,,,,,,,,,,,,,,,,,,,,,
,,,,,80,kullu_kullu_dchb_part_b_primary_census_abstract.pdf,Kullu,,,"CENSUS ABSTRACT
Naggar",,,,,,,,,,,,,,,,,,,,,,,,,,,,,,,,,,,,,,,,,,,,,,,,,,,,,,,,,,
,,,,,80,kullu_kullu_dchb_part_b_primary_census_abstract.pdf,Kullu,,,"Industrial category of main workers
Household industry
Cultivators Agricultural labourers workers Other workers
Persons Males Females Persons Males Females Persons MalesFemales Persons Males Females Name of Village",,,,,,,,,,,,,,,,,,,,,,,,,,,,,,,,,,,,,,,,,,,,,,,,,,,,,,,,,,
,,,,,80,kullu_kullu_dchb_part_b_primary_census_abstract.pdf,Kullu,,,29 30 31 32 33 34 35 36 37 38 39 40 2,,,,,,,,,,,,,,,,,,,,,,,,,,,,,,,,,,,,,,,,,,,,,,,,,,,,,,,,,,
,,,,,81,kullu_kullu_dchb_part_b_primary_census_abstract.pdf,Kullu,,"VILLAGE PRIMARY
C D Block -",,,,,,,,,,,,,,,,,,,,,,,,,,,,,,,,,,,,,,,,,,,,,,,,,,,,,,,,,,,
,,,,,81,kullu_kullu_dchb_part_b_primary_census_abstract.pdf,Kullu,,"Industrial category
Location
code Marginal workers Cultivators Agricultural labourers
number Name of Village Persons Males Females Persons Males Females Persons Males Females",,,,,,,,,,,,,,,,,,,,,,,,,,,,,,,,,,,,,,,,,,,,,,,,,,,,,,,,,,,
,,,,,81,kullu_kullu_dchb_part_b_primary_census_abstract.pdf,Kullu,,1 2 41 42 43 44 45 46 47 48 49,,,,,,,,,,,,,,,,,,,,,,,,,,,,,,,,,,,,,,,,,,,,,,,,,,,,,,,,,,,
,,,,,82,kullu_kullu_dchb_part_b_primary_census_abstract.pdf,Kullu,,,"CENSUS ABSTRACT
Naggar",,,,,,,,,,,,,,,,,,,,,,,,,,,,,,,,,,,,,,,,,,,,,,,,,,,,,,,,,,
,,,,,82,kullu_kullu_dchb_part_b_primary_census_abstract.pdf,Kullu,,,"of marginal workers
Location
Household industry workers Other workers Non-workers code
Persons Males Females Persons Males Females Persons Males Females Name of Village number",,,,,,,,,,,,,,,,,,,,,,,,,,,,,,,,,,,,,,,,,,,,,,,,,,,,,,,,,,
,,,,,82,kullu_kullu_dchb_part_b_primary_census_abstract.pdf,Kullu,,,50 51 52 53 54 55 56 57 58 2 1,,,,,,,,,,,,,,,,,,,,,,,,,,,,,,,,,,,,,,,,,,,,,,,,,,,,,,,,,,
,,,,,83,kullu_kullu_dchb_part_b_primary_census_abstract.pdf,Kullu,,"VILLAGE PRIMARY
C D Block -",,,,,,,,,,,,,,,,,,,,,,,,,,,,,,,,,,,,,,,,,,,,,,,,,,,,,,,,,,,
,,,,,83,kullu_kullu_dchb_part_b_primary_census_abstract.pdf,Kullu,,"Location Area of Total population (including institutional
code Village in Number of and houseless population) Population in the age-group 0-6
number Name of Village hectares households Persons Males Females Persons Males Females",,,,,,,,,,,,,,,,,,,,,,,,,,,,,,,,,,,,,,,,,,,,,,,,,,,,,,,,,,,
,,,,,83,kullu_kullu_dchb_part_b_primary_census_abstract.pdf,Kullu,,1 2 3 4 5 6 7 8 9 10,,,,,,,,,,,,,,,,,,,,,,,,,,,,,,,,,,,,,,,,,,,,,,,,,,,,,,,,,,,
,,,,,84,kullu_kullu_dchb_part_b_primary_census_abstract.pdf,Kullu,,,"CENSUS ABSTRACT
Kullu",,,,,,,,,,,,,,,,,,,,,,,,,,,,,,,,,,,,,,,,,,,,,,,,,,,,,,,,,,
,,,,,84,kullu_kullu_dchb_part_b_primary_census_abstract.pdf,Kullu,,,"Scheduled Castes population Scheduled Tribes population Literates
Persons Males Females Persons Males Females Persons Males Females Name of Village",,,,,,,,,,,,,,,,,,,,,,,,,,,,,,,,,,,,,,,,,,,,,,,,,,,,,,,,,,
,,,,,84,kullu_kullu_dchb_part_b_primary_census_abstract.pdf,Kullu,,,11 12 13 14 15 16 17 18 19 2,,,,,,,,,,,,,,,,,,,,,,,,,,,,,,,,,,,,,,,,,,,,,,,,,,,,,,,,,,
,,,,,85,kullu_kullu_dchb_part_b_primary_census_abstract.pdf,Kullu,,"VILLAGE PRIMARY
C D Block -",,,,,,,,,,,,,,,,,,,,,,,,,,,,,,,,,,,,,,,,,,,,,,,,,,,,,,,,,,,
,,,,,85,kullu_kullu_dchb_part_b_primary_census_abstract.pdf,Kullu,,"Location
code Illiterates Total workers Main workers
number Name of Village Persons Males Females Persons Males Females Persons Males Females",,,,,,,,,,,,,,,,,,,,,,,,,,,,,,,,,,,,,,,,,,,,,,,,,,,,,,,,,,,
,,,,,85,kullu_kullu_dchb_part_b_primary_census_abstract.pdf,Kullu,,1 2 20 21 22 23 24 25 26 27 28,,,,,,,,,,,,,,,,,,,,,,,,,,,,,,,,,,,,,,,,,,,,,,,,,,,,,,,,,,,
,,,,,86,kullu_kullu_dchb_part_b_primary_census_abstract.pdf,Kullu,,,"CENSUS ABSTRACT
Kullu",,,,,,,,,,,,,,,,,,,,,,,,,,,,,,,,,,,,,,,,,,,,,,,,,,,,,,,,,,
,,,,,86,kullu_kullu_dchb_part_b_primary_census_abstract.pdf,Kullu,,,"Industrial category of main workers
Household industry
Cultivators Agricultural labourers workers Other workers
Persons Males Females Persons Males Females Persons MalesFemales Persons Males Females Name of Village",,,,,,,,,,,,,,,,,,,,,,,,,,,,,,,,,,,,,,,,,,,,,,,,,,,,,,,,,,
,,,,,86,kullu_kullu_dchb_part_b_primary_census_abstract.pdf,Kullu,,,29 30 31 32 33 34 35 36 37 38 39 40 2,,,,,,,,,,,,,,,,,,,,,,,,,,,,,,,,,,,,,,,,,,,,,,,,,,,,,,,,,,
,,,,,87,kullu_kullu_dchb_part_b_primary_census_abstract.pdf,Kullu,,"VILLAGE PRIMARY
C D Block -",,,,,,,,,,,,,,,,,,,,,,,,,,,,,,,,,,,,,,,,,,,,,,,,,,,,,,,,,,,
,,,,,87,kullu_kullu_dchb_part_b_primary_census_abstract.pdf,Kullu,,"Industrial category
Location
code Marginal workers Cultivators Agricultural labourers
number Name of Village Persons Males Females Persons Males Females Persons Males Females",,,,,,,,,,,,,,,,,,,,,,,,,,,,,,,,,,,,,,,,,,,,,,,,,,,,,,,,,,,
,,,,,87,kullu_kullu_dchb_part_b_primary_census_abstract.pdf,Kullu,,1 2 41 42 43 44 45 46 47 48 49,,,,,,,,,,,,,,,,,,,,,,,,,,,,,,,,,,,,,,,,,,,,,,,,,,,,,,,,,,,
,,,,,88,kullu_kullu_dchb_part_b_primary_census_abstract.pdf,Kullu,,,"CENSUS ABSTRACT
Kullu",,,,,,,,,,,,,,,,,,,,,,,,,,,,,,,,,,,,,,,,,,,,,,,,,,,,,,,,,,
,,,,,88,kullu_kullu_dchb_part_b_primary_census_abstract.pdf,Kullu,,,"of marginal workers
Location
Household industry workers Other workers Non-workers code
Persons Males Females Persons Males Females Persons Males Females Name of Village number",,,,,,,,,,,,,,,,,,,,,,,,,,,,,,,,,,,,,,,,,,,,,,,,,,,,,,,,,,
,,,,,88,kullu_kullu_dchb_part_b_primary_census_abstract.pdf,Kullu,,,50 51 52 53 54 55 56 57 58 2 1,,,,,,,,,,,,,,,,,,,,,,,,,,,,,,,,,,,,,,,,,,,,,,,,,,,,,,,,,,
,,,,,89,kullu_kullu_dchb_part_b_primary_census_abstract.pdf,Kullu,,"VILLAGE PRIMARY
C D Block -",,,,,,,,,,,,,,,,,,,,,,,,,,,,,,,,,,,,,,,,,,,,,,,,,,,,,,,,,,,
,,,,,89,kullu_kullu_dchb_part_b_primary_census_abstract.pdf,Kullu,,"Location Area of Total population (including institutional
code Village in Number of and houseless population) Population in the age-group 0-6
number Name of Village hectares households Persons Males Females Persons Males Females",,,,,,,,,,,,,,,,,,,,,,,,,,,,,,,,,,,,,,,,,,,,,,,,,,,,,,,,,,,
,,,,,89,kullu_kullu_dchb_part_b_primary_census_abstract.pdf,Kullu,,1 2 3 4 5 6 7 8 9 10,,,,,,,,,,,,,,,,,,,,,,,,,,,,,,,,,,,,,,,,,,,,,,,,,,,,,,,,,,,
,,,,,90,kullu_kullu_dchb_part_b_primary_census_abstract.pdf,Kullu,,,"CENSUS ABSTRACT
Kullu",,,,,,,,,,,,,,,,,,,,,,,,,,,,,,,,,,,,,,,,,,,,,,,,,,,,,,,,,,
,,,,,90,kullu_kullu_dchb_part_b_primary_census_abstract.pdf,Kullu,,,"Scheduled Castes population Scheduled Tribes population Literates
Persons Males Females Persons Males Females Persons Males Females Name of Village",,,,,,,,,,,,,,,,,,,,,,,,,,,,,,,,,,,,,,,,,,,,,,,,,,,,,,,,,,
,,,,,90,kullu_kullu_dchb_part_b_primary_census_abstract.pdf,Kullu,,,11 12 13 14 15 16 17 18 19 2,,,,,,,,,,,,,,,,,,,,,,,,,,,,,,,,,,,,,,,,,,,,,,,,,,,,,,,,,,
,,,,,91,kullu_kullu_dchb_part_b_primary_census_abstract.pdf,Kullu,,"VILLAGE PRIMARY
C D Block -",,,,,,,,,,,,,,,,,,,,,,,,,,,,,,,,,,,,,,,,,,,,,,,,,,,,,,,,,,,
,,,,,91,kullu_kullu_dchb_part_b_primary_census_abstract.pdf,Kullu,,"Location
code Illiterates Total workers Main workers
number Name of Village Persons Males Females Persons Males Females Persons Males Females",,,,,,,,,,,,,,,,,,,,,,,,,,,,,,,,,,,,,,,,,,,,,,,,,,,,,,,,,,,
,,,,,91,kullu_kullu_dchb_part_b_primary_census_abstract.pdf,Kullu,,1 2 20 21 22 23 24 25 26 27 28,,,,,,,,,,,,,,,,,,,,,,,,,,,,,,,,,,,,,,,,,,,,,,,,,,,,,,,,,,,
,,,,,92,kullu_kullu_dchb_part_b_primary_census_abstract.pdf,Kullu,,,"CENSUS ABSTRACT
Kullu",,,,,,,,,,,,,,,,,,,,,,,,,,,,,,,,,,,,,,,,,,,,,,,,,,,,,,,,,,
,,,,,92,kullu_kullu_dchb_part_b_primary_census_abstract.pdf,Kullu,,,"Industrial category of main workers
Household industry
Cultivators Agricultural labourers workers Other workers
Persons Males Females Persons Males Females Persons MalesFemales Persons Males Females Name of Village",,,,,,,,,,,,,,,,,,,,,,,,,,,,,,,,,,,,,,,,,,,,,,,,,,,,,,,,,,
,,,,,92,kullu_kullu_dchb_part_b_primary_census_abstract.pdf,Kullu,,,29 30 31 32 33 34 35 36 37 38 39 40 2,,,,,,,,,,,,,,,,,,,,,,,,,,,,,,,,,,,,,,,,,,,,,,,,,,,,,,,,,,
,,,,,93,kullu_kullu_dchb_part_b_primary_census_abstract.pdf,Kullu,,"VILLAGE PRIMARY
C D Block -",,,,,,,,,,,,,,,,,,,,,,,,,,,,,,,,,,,,,,,,,,,,,,,,,,,,,,,,,,,
,,,,,93,kullu_kullu_dchb_part_b_primary_census_abstract.pdf,Kullu,,"Industrial category
Location
code Marginal workers Cultivators Agricultural labourers
number Name of Village Persons Males Females Persons Males Females Persons Males Females",,,,,,,,,,,,,,,,,,,,,,,,,,,,,,,,,,,,,,,,,,,,,,,,,,,,,,,,,,,
,,,,,93,kullu_kullu_dchb_part_b_primary_census_abstract.pdf,Kullu,,1 2 41 42 43 44 45 46 47 48 49,,,,,,,,,,,,,,,,,,,,,,,,,,,,,,,,,,,,,,,,,,,,,,,,,,,,,,,,,,,
,,,,,94,kullu_kullu_dchb_part_b_primary_census_abstract.pdf,Kullu,,,"CENSUS ABSTRACT
Kullu",,,,,,,,,,,,,,,,,,,,,,,,,,,,,,,,,,,,,,,,,,,,,,,,,,,,,,,,,,
,,,,,94,kullu_kullu_dchb_part_b_primary_census_abstract.pdf,Kullu,,,"of marginal workers
Location
Household industry workers Other workers Non-workers code
Persons Males Females Persons Males Females Persons Males Females Name of Village number",,,,,,,,,,,,,,,,,,,,,,,,,,,,,,,,,,,,,,,,,,,,,,,,,,,,,,,,,,
,,,,,94,kullu_kullu_dchb_part_b_primary_census_abstract.pdf,Kullu,,,50 51 52 53 54 55 56 57 58 2 1,,,,,,,,,,,,,,,,,,,,,,,,,,,,,,,,,,,,,,,,,,,,,,,,,,,,,,,,,,
,,,,,95,kullu_kullu_dchb_part_b_primary_census_abstract.pdf,Kullu,,"VILLAGE PRIMARY
C D Block -",,,,,,,,,,,,,,,,,,,,,,,,,,,,,,,,,,,,,,,,,,,,,,,,,,,,,,,,,,,
,,,,,95,kullu_kullu_dchb_part_b_primary_census_abstract.pdf,Kullu,,"Location Area of Total population (including institutional
code Village in Number of and houseless population) Population in the age-group 0-6
number Name of Village hectares households Persons Males Females Persons Males Females",,,,,,,,,,,,,,,,,,,,,,,,,,,,,,,,,,,,,,,,,,,,,,,,,,,,,,,,,,,
,,,,,95,kullu_kullu_dchb_part_b_primary_census_abstract.pdf,Kullu,,1 2 3 4 5 6 7 8 9 10,,,,,,,,,,,,,,,,,,,,,,,,,,,,,,,,,,,,,,,,,,,,,,,,,,,,,,,,,,,
,,,,,96,kullu_kullu_dchb_part_b_primary_census_abstract.pdf,Kullu,,,"CENSUS ABSTRACT
Banjar",,,,,,,,,,,,,,,,,,,,,,,,,,,,,,,,,,,,,,,,,,,,,,,,,,,,,,,,,,
,,,,,96,kullu_kullu_dchb_part_b_primary_census_abstract.pdf,Kullu,,,"Scheduled Castes population Scheduled Tribes population Literates
Persons Males Females Persons Males Females Persons Males Females Name of Village",,,,,,,,,,,,,,,,,,,,,,,,,,,,,,,,,,,,,,,,,,,,,,,,,,,,,,,,,,
,,,,,96,kullu_kullu_dchb_part_b_primary_census_abstract.pdf,Kullu,,,11 12 13 14 15 16 17 18 19 2,,,,,,,,,,,,,,,,,,,,,,,,,,,,,,,,,,,,,,,,,,,,,,,,,,,,,,,,,,
,,,,,97,kullu_kullu_dchb_part_b_primary_census_abstract.pdf,Kullu,,"VILLAGE PRIMARY
C D Block -",,,,,,,,,,,,,,,,,,,,,,,,,,,,,,,,,,,,,,,,,,,,,,,,,,,,,,,,,,,
,,,,,97,kullu_kullu_dchb_part_b_primary_census_abstract.pdf,Kullu,,"Location
code Illiterates Total workers Main workers
number Name of Village Persons Males Females Persons Males Females Persons Males Females",,,,,,,,,,,,,,,,,,,,,,,,,,,,,,,,,,,,,,,,,,,,,,,,,,,,,,,,,,,
,,,,,97,kullu_kullu_dchb_part_b_primary_census_abstract.pdf,Kullu,,1 2 20 21 22 23 24 25 26 27 28,,,,,,,,,,,,,,,,,,,,,,,,,,,,,,,,,,,,,,,,,,,,,,,,,,,,,,,,,,,
,,,,,98,kullu_kullu_dchb_part_b_primary_census_abstract.pdf,Kullu,,,"CENSUS ABSTRACT
Banjar",,,,,,,,,,,,,,,,,,,,,,,,,,,,,,,,,,,,,,,,,,,,,,,,,,,,,,,,,,
,,,,,98,kullu_kullu_dchb_part_b_primary_census_abstract.pdf,Kullu,,,"Industrial category of main workers
Household industry
Cultivators Agricultural labourers workers Other workers
Persons Males Females Persons Males Females Persons MalesFemales Persons Males Females Name of Village",,,,,,,,,,,,,,,,,,,,,,,,,,,,,,,,,,,,,,,,,,,,,,,,,,,,,,,,,,
,,,,,98,kullu_kullu_dchb_part_b_primary_census_abstract.pdf,Kullu,,,29 30 31 32 33 34 35 36 37 38 39 40 2,,,,,,,,,,,,,,,,,,,,,,,,,,,,,,,,,,,,,,,,,,,,,,,,,,,,,,,,,,
,,,,,99,kullu_kullu_dchb_part_b_primary_census_abstract.pdf,Kullu,,"VILLAGE PRIMARY
C D Block -",,,,,,,,,,,,,,,,,,,,,,,,,,,,,,,,,,,,,,,,,,,,,,,,,,,,,,,,,,,
,,,,,99,kullu_kullu_dchb_part_b_primary_census_abstract.pdf,Kullu,,"Industrial category
Location
code Marginal workers Cultivators Agricultural labourers
number Name of Village Persons Males Females Persons Males Females Persons Males Females",,,,,,,,,,,,,,,,,,,,,,,,,,,,,,,,,,,,,,,,,,,,,,,,,,,,,,,,,,,
,,,,,99,kullu_kullu_dchb_part_b_primary_census_abstract.pdf,Kullu,,1 2 41 42 43 44 45 46 47 48 49,,,,,,,,,,,,,,,,,,,,,,,,,,,,,,,,,,,,,,,,,,,,,,,,,,,,,,,,,,,
,,,,,100,kullu_kullu_dchb_part_b_primary_census_abstract.pdf,Kullu,,,"CENSUS ABSTRACT
Banjar",,,,,,,,,,,,,,,,,,,,,,,,,,,,,,,,,,,,,,,,,,,,,,,,,,,,,,,,,,
,,,,,100,kullu_kullu_dchb_part_b_primary_census_abstract.pdf,Kullu,,,"of marginal workers
Location
Household industry workers Other workers Non-workers code
Persons Males Females Persons Males Females Persons Males Females Name of Village number",,,,,,,,,,,,,,,,,,,,,,,,,,,,,,,,,,,,,,,,,,,,,,,,,,,,,,,,,,
,,,,,100,kullu_kullu_dchb_part_b_primary_census_abstract.pdf,Kullu,,,50 51 52 53 54 55 56 57 58 2 1,,,,,,,,,,,,,,,,,,,,,,,,,,,,,,,,,,,,,,,,,,,,,,,,,,,,,,,,,,
,,,,,101,kullu_kullu_dchb_part_b_primary_census_abstract.pdf,Kullu,,"VILLAGE PRIMARY
C D Block -",,,,,,,,,,,,,,,,,,,,,,,,,,,,,,,,,,,,,,,,,,,,,,,,,,,,,,,,,,,
,,,,,101,kullu_kullu_dchb_part_b_primary_census_abstract.pdf,Kullu,,"Location Area of Total population (including institutional
code Village in Number of and houseless population) Population in the age-group 0-6
number Name of Village hectares households Persons Males Females Persons Males Females",,,,,,,,,,,,,,,,,,,,,,,,,,,,,,,,,,,,,,,,,,,,,,,,,,,,,,,,,,,
,,,,,101,kullu_kullu_dchb_part_b_primary_census_abstract.pdf,Kullu,,1 2 3 4 5 6 7 8 9 10,,,,,,,,,,,,,,,,,,,,,,,,,,,,,,,,,,,,,,,,,,,,,,,,,,,,,,,,,,,
,,,,,102,kullu_kullu_dchb_part_b_primary_census_abstract.pdf,Kullu,,,"CENSUS ABSTRACT
Anni",,,,,,,,,,,,,,,,,,,,,,,,,,,,,,,,,,,,,,,,,,,,,,,,,,,,,,,,,,
,,,,,102,kullu_kullu_dchb_part_b_primary_census_abstract.pdf,Kullu,,,"Scheduled Castes population Scheduled Tribes population Literates
Persons Males Females Persons Males Females Persons Males Females Name of Village",,,,,,,,,,,,,,,,,,,,,,,,,,,,,,,,,,,,,,,,,,,,,,,,,,,,,,,,,,
,,,,,102,kullu_kullu_dchb_part_b_primary_census_abstract.pdf,Kullu,,,11 12 13 14 15 16 17 18 19 2,,,,,,,,,,,,,,,,,,,,,,,,,,,,,,,,,,,,,,,,,,,,,,,,,,,,,,,,,,
,,,,,103,kullu_kullu_dchb_part_b_primary_census_abstract.pdf,Kullu,,"VILLAGE PRIMARY
C D Block -",,,,,,,,,,,,,,,,,,,,,,,,,,,,,,,,,,,,,,,,,,,,,,,,,,,,,,,,,,,
,,,,,103,kullu_kullu_dchb_part_b_primary_census_abstract.pdf,Kullu,,"Location
code Illiterates Total workers Main workers
number Name of Village Persons Males Females Persons Males Females Persons Males Females",,,,,,,,,,,,,,,,,,,,,,,,,,,,,,,,,,,,,,,,,,,,,,,,,,,,,,,,,,,
,,,,,103,kullu_kullu_dchb_part_b_primary_census_abstract.pdf,Kullu,,1 2 20 21 22 23 24 25 26 27 28,,,,,,,,,,,,,,,,,,,,,,,,,,,,,,,,,,,,,,,,,,,,,,,,,,,,,,,,,,,
,,,,,104,kullu_kullu_dchb_part_b_primary_census_abstract.pdf,Kullu,,,"CENSUS ABSTRACT
Anni",,,,,,,,,,,,,,,,,,,,,,,,,,,,,,,,,,,,,,,,,,,,,,,,,,,,,,,,,,
,,,,,104,kullu_kullu_dchb_part_b_primary_census_abstract.pdf,Kullu,,,"Industrial category of main workers
Household industry
Cultivators Agricultural labourers workers Other workers
Persons Males Females Persons Males Females Persons MalesFemales Persons Males Females Name of Village",,,,,,,,,,,,,,,,,,,,,,,,,,,,,,,,,,,,,,,,,,,,,,,,,,,,,,,,,,
,,,,,104,kullu_kullu_dchb_part_b_primary_census_abstract.pdf,Kullu,,,29 30 31 32 33 34 35 36 37 38 39 40 2,,,,,,,,,,,,,,,,,,,,,,,,,,,,,,,,,,,,,,,,,,,,,,,,,,,,,,,,,,
,,,,,105,kullu_kullu_dchb_part_b_primary_census_abstract.pdf,Kullu,,"VILLAGE PRIMARY
C D Block -",,,,,,,,,,,,,,,,,,,,,,,,,,,,,,,,,,,,,,,,,,,,,,,,,,,,,,,,,,,
,,,,,105,kullu_kullu_dchb_part_b_primary_census_abstract.pdf,Kullu,,"Industrial category
Location
code Marginal workers Cultivators Agricultural labourers
number Name of Village Persons Males Females Persons Males Females Persons Males Females",,,,,,,,,,,,,,,,,,,,,,,,,,,,,,,,,,,,,,,,,,,,,,,,,,,,,,,,,,,
,,,,,105,kullu_kullu_dchb_part_b_primary_census_abstract.pdf,Kullu,,1 2 41 42 43 44 45 46 47 48 49,,,,,,,,,,,,,,,,,,,,,,,,,,,,,,,,,,,,,,,,,,,,,,,,,,,,,,,,,,,
,,,,,106,kullu_kullu_dchb_part_b_primary_census_abstract.pdf,Kullu,,,"CENSUS ABSTRACT
Anni",,,,,,,,,,,,,,,,,,,,,,,,,,,,,,,,,,,,,,,,,,,,,,,,,,,,,,,,,,
,,,,,106,kullu_kullu_dchb_part_b_primary_census_abstract.pdf,Kullu,,,"of marginal workers
Location
Household industry workers Other workers Non-workers code
Persons Males Females Persons Males Females Persons Males Females Name of Village number",,,,,,,,,,,,,,,,,,,,,,,,,,,,,,,,,,,,,,,,,,,,,,,,,,,,,,,,,,
,,,,,106,kullu_kullu_dchb_part_b_primary_census_abstract.pdf,Kullu,,,50 51 52 53 54 55 56 57 58 2 1,,,,,,,,,,,,,,,,,,,,,,,,,,,,,,,,,,,,,,,,,,,,,,,,,,,,,,,,,,
,,,,,107,kullu_kullu_dchb_part_b_primary_census_abstract.pdf,Kullu,,"VILLAGE PRIMARY
C D Block -",,,,,,,,,,,,,,,,,,,,,,,,,,,,,,,,,,,,,,,,,,,,,,,,,,,,,,,,,,,
,,,,,107,kullu_kullu_dchb_part_b_primary_census_abstract.pdf,Kullu,,"Location Area of Total population (including institutional
code Village in Number of and houseless population) Population in the age-group 0-6
number Name of Village hectares households Persons Males Females Persons Males Females",,,,,,,,,,,,,,,,,,,,,,,,,,,,,,,,,,,,,,,,,,,,,,,,,,,,,,,,,,,
,,,,,107,kullu_kullu_dchb_part_b_primary_census_abstract.pdf,Kullu,,1 2 3 4 5 6 7 8 9 10,,,,,,,,,,,,,,,,,,,,,,,,,,,,,,,,,,,,,,,,,,,,,,,,,,,,,,,,,,,
,,,,,108,kullu_kullu_dchb_part_b_primary_census_abstract.pdf,Kullu,,,"CENSUS ABSTRACT
Nirmand",,,,,,,,,,,,,,,,,,,,,,,,,,,,,,,,,,,,,,,,,,,,,,,,,,,,,,,,,,
,,,,,108,kullu_kullu_dchb_part_b_primary_census_abstract.pdf,Kullu,,,"Scheduled Castes population Scheduled Tribes population Literates
Persons Males Females Persons Males Females Persons Males Females Name of Village",,,,,,,,,,,,,,,,,,,,,,,,,,,,,,,,,,,,,,,,,,,,,,,,,,,,,,,,,,
,,,,,108,kullu_kullu_dchb_part_b_primary_census_abstract.pdf,Kullu,,,11 12 13 14 15 16 17 18 19 2,,,,,,,,,,,,,,,,,,,,,,,,,,,,,,,,,,,,,,,,,,,,,,,,,,,,,,,,,,
,,,,,109,kullu_kullu_dchb_part_b_primary_census_abstract.pdf,Kullu,,"VILLAGE PRIMARY
C D Block -",,,,,,,,,,,,,,,,,,,,,,,,,,,,,,,,,,,,,,,,,,,,,,,,,,,,,,,,,,,
,,,,,109,kullu_kullu_dchb_part_b_primary_census_abstract.pdf,Kullu,,"Location
code Illiterates Total workers Main workers
number Name of Village Persons Males Females Persons Males Females Persons Males Females",,,,,,,,,,,,,,,,,,,,,,,,,,,,,,,,,,,,,,,,,,,,,,,,,,,,,,,,,,,
,,,,,109,kullu_kullu_dchb_part_b_primary_census_abstract.pdf,Kullu,,1 2 20 21 22 23 24 25 26 27 28,,,,,,,,,,,,,,,,,,,,,,,,,,,,,,,,,,,,,,,,,,,,,,,,,,,,,,,,,,,
,,,,,110,kullu_kullu_dchb_part_b_primary_census_abstract.pdf,Kullu,,,"CENSUS ABSTRACT
Nirmand",,,,,,,,,,,,,,,,,,,,,,,,,,,,,,,,,,,,,,,,,,,,,,,,,,,,,,,,,,
,,,,,110,kullu_kullu_dchb_part_b_primary_census_abstract.pdf,Kullu,,,"Industrial category of main workers
Household industry
Cultivators Agricultural labourers workers Other workers
Persons Males Females Persons Males Females Persons MalesFemales Persons Males Females Name of Village",,,,,,,,,,,,,,,,,,,,,,,,,,,,,,,,,,,,,,,,,,,,,,,,,,,,,,,,,,
,,,,,110,kullu_kullu_dchb_part_b_primary_census_abstract.pdf,Kullu,,,29 30 31 32 33 34 35 36 37 38 39 40 2,,,,,,,,,,,,,,,,,,,,,,,,,,,,,,,,,,,,,,,,,,,,,,,,,,,,,,,,,,
,,,,,111,kullu_kullu_dchb_part_b_primary_census_abstract.pdf,Kullu,,"VILLAGE PRIMARY
C D Block -",,,,,,,,,,,,,,,,,,,,,,,,,,,,,,,,,,,,,,,,,,,,,,,,,,,,,,,,,,,
,,,,,111,kullu_kullu_dchb_part_b_primary_census_abstract.pdf,Kullu,,"Industrial category
Location
code Marginal workers Cultivators Agricultural labourers
number Name of Village Persons Males Females Persons Males Females Persons Males Females",,,,,,,,,,,,,,,,,,,,,,,,,,,,,,,,,,,,,,,,,,,,,,,,,,,,,,,,,,,
,,,,,111,kullu_kullu_dchb_part_b_primary_census_abstract.pdf,Kullu,,1 2 41 42 43 44 45 46 47 48 49,,,,,,,,,,,,,,,,,,,,,,,,,,,,,,,,,,,,,,,,,,,,,,,,,,,,,,,,,,,
,,,,,112,kullu_kullu_dchb_part_b_primary_census_abstract.pdf,Kullu,,,"CENSUS ABSTRACT
Nirmand",,,,,,,,,,,,,,,,,,,,,,,,,,,,,,,,,,,,,,,,,,,,,,,,,,,,,,,,,,
,,,,,112,kullu_kullu_dchb_part_b_primary_census_abstract.pdf,Kullu,,,"of marginal workers
Location
Household industry workers Other workers Non-workers code
Persons Males Females Persons Males Females Persons Males Females Name of Village number",,,,,,,,,,,,,,,,,,,,,,,,,,,,,,,,,,,,,,,,,,,,,,,,,,,,,,,,,,
,,,,,112,kullu_kullu_dchb_part_b_primary_census_abstract.pdf,Kullu,,,50 51 52 53 54 55 56 57 58 2 1,,,,,,,,,,,,,,,,,,,,,,,,,,,,,,,,,,,,,,,,,,,,,,,,,,,,,,,,,,
,,,,,115,kullu_kullu_dchb_part_b_primary_census_abstract.pdf,Kullu,,URBAN PRIMARY,,,,,,,,,,,,,,,,,,,,,,,,,,,,,,,,,,,,,,,,,,,,,,,,,,,,,,,,,,,
,,,,,115,kullu_kullu_dchb_part_b_primary_census_abstract.pdf,Kullu,,"Total population (including
Location Area in institutional and houseless
code Square Number of population) Population in the age-group 0-6
number Name of Town/ Ward Kilometre households Persons Males Females Persons Males Females",,,,,,,,,,,,,,,,,,,,,,,,,,,,,,,,,,,,,,,,,,,,,,,,,,,,,,,,,,,
,,,,,115,kullu_kullu_dchb_part_b_primary_census_abstract.pdf,Kullu,,1 2 3 4 5 6 7 8 9 10,,,,,,,,,,,,,,,,,,,,,,,,,,,,,,,,,,,,,,,,,,,,,,,,,,,,,,,,,,,
,,,,,116,kullu_kullu_dchb_part_b_primary_census_abstract.pdf,Kullu,,,CENSUS ABSTRACT,,,,,,,,,,,,,,,,,,,,,,,,,,,,,,,,,,,,,,,,,,,,,,,,,,,,,,,,,,
,,,,,116,kullu_kullu_dchb_part_b_primary_census_abstract.pdf,Kullu,,,"Scheduled Castes population Scheduled Tribes population Literates
Persons Males Females Persons Males Females Persons Males Females Name of Town/ Ward",,,,,,,,,,,,,,,,,,,,,,,,,,,,,,,,,,,,,,,,,,,,,,,,,,,,,,,,,,
,,,,,116,kullu_kullu_dchb_part_b_primary_census_abstract.pdf,Kullu,,,11 12 13 14 15 16 17 18 19 2,,,,,,,,,,,,,,,,,,,,,,,,,,,,,,,,,,,,,,,,,,,,,,,,,,,,,,,,,,
,,,,,117,kullu_kullu_dchb_part_b_primary_census_abstract.pdf,Kullu,,URBAN PRIMARY,,,,,,,,,,,,,,,,,,,,,,,,,,,,,,,,,,,,,,,,,,,,,,,,,,,,,,,,,,,
,,,,,117,kullu_kullu_dchb_part_b_primary_census_abstract.pdf,Kullu,,"Location
code Illiterates Total workers Main workers
number Name of Town/ Ward Persons Males Females Persons Males Females Persons Males Females",,,,,,,,,,,,,,,,,,,,,,,,,,,,,,,,,,,,,,,,,,,,,,,,,,,,,,,,,,,
,,,,,117,kullu_kullu_dchb_part_b_primary_census_abstract.pdf,Kullu,,1 2 20 21 22 23 24 25 26 27 28,,,,,,,,,,,,,,,,,,,,,,,,,,,,,,,,,,,,,,,,,,,,,,,,,,,,,,,,,,,
,,,,,118,kullu_kullu_dchb_part_b_primary_census_abstract.pdf,Kullu,,,CENSUS ABSTRACT,,,,,,,,,,,,,,,,,,,,,,,,,,,,,,,,,,,,,,,,,,,,,,,,,,,,,,,,,,
,,,,,118,kullu_kullu_dchb_part_b_primary_census_abstract.pdf,Kullu,,,"Industrial category of main workers
Household industry
Cultivators Agricultural labourers workers Other workers
Persons Males Females Persons Males Females Persons Males Females Persons Males Females Name of Town/ Ward",,,,,,,,,,,,,,,,,,,,,,,,,,,,,,,,,,,,,,,,,,,,,,,,,,,,,,,,,,
,,,,,118,kullu_kullu_dchb_part_b_primary_census_abstract.pdf,Kullu,,,29 30 31 32 33 34 35 36 37 38 39 40 2,,,,,,,,,,,,,,,,,,,,,,,,,,,,,,,,,,,,,,,,,,,,,,,,,,,,,,,,,,
,,,,,119,kullu_kullu_dchb_part_b_primary_census_abstract.pdf,Kullu,,URBAN PRIMARY,,,,,,,,,,,,,,,,,,,,,,,,,,,,,,,,,,,,,,,,,,,,,,,,,,,,,,,,,,,
,,,,,119,kullu_kullu_dchb_part_b_primary_census_abstract.pdf,Kullu,,"Industrial category
Location
code Marginal workers Cultivators Agricultural labourers
number Name of Town/ Ward Persons Males Females Persons Males Females Persons Males Females",,,,,,,,,,,,,,,,,,,,,,,,,,,,,,,,,,,,,,,,,,,,,,,,,,,,,,,,,,,
,,,,,119,kullu_kullu_dchb_part_b_primary_census_abstract.pdf,Kullu,,1 2 41 42 43 44 45 46 47 48 49,,,,,,,,,,,,,,,,,,,,,,,,,,,,,,,,,,,,,,,,,,,,,,,,,,,,,,,,,,,
,,,,,120,kullu_kullu_dchb_part_b_primary_census_abstract.pdf,Kullu,,,CENSUS ABSTRACT,,,,,,,,,,,,,,,,,,,,,,,,,,,,,,,,,,,,,,,,,,,,,,,,,,,,,,,,,,
,,,,,120,kullu_kullu_dchb_part_b_primary_census_abstract.pdf,Kullu,,,"of marginal workers
Location
Household industry workers Other workers Non-workers code
Persons Males Females Persons Males Females Persons Males Females Name of Town/ Ward number",,,,,,,,,,,,,,,,,,,,,,,,,,,,,,,,,,,,,,,,,,,,,,,,,,,,,,,,,,
,,,,,120,kullu_kullu_dchb_part_b_primary_census_abstract.pdf,Kullu,,,50 51 52 53 54 55 56 57 58 2 1,,,,,,,,,,,,,,,,,,,,,,,,,,,,,,,,,,,,,,,,,,,,,,,,,,,,,,,,,,
"Ownership
status","Number of dwelling
rooms",Number of households,,,124,kullu_kullu_dchb_part_b_primary_census_abstract.pdf,Kullu,,,,,,,,,,,,,,,,,,,,,,,,,,,,,,,,,,,,,,,,,,,,,,,,,,,,,,,,,,,,,
,,Total,,,124,kullu_kullu_dchb_part_b_primary_census_abstract.pdf,Kullu,,,,,,Scheduled Castes,,,Scheduled Tribes,,,,,,,,,,,,,,,,,,,,,,,,,,,,,,,,,,,,,,,,,,,,,,,,,,,,
,,Total,Rural,Urban,124,kullu_kullu_dchb_part_b_primary_census_abstract.pdf,Kullu,,,,,,Total,Rural,Urban,Total,Rural,Urban,,,,,,,,,,,,,,,,,,,,,,,,,,,,,,,,,,,,,,,,,,,,,,,,,,
2,3,4,5,6,124,kullu_kullu_dchb_part_b_primary_census_abstract.pdf,Kullu,,,,,1.0,7,8,9,10,11,12,,,,,,,,,,,,,,,,,,,,,,,,,,,,,,,,,,,,,,,,,,,,,,,,,,
District -,,,,,124,kullu_kullu_dchb_part_b_primary_census_abstract.pdf,Kullu,,,,,,,,,,,,,,,,,,,,,,,,,,,,,,,,,,,,,,,,,,,,,,,,,,,,,,,,,,,,,
"Kullu One room 25,050 21,790 3,260 8,365 7,684 681 769 574 195",,,,,124,kullu_kullu_dchb_part_b_primary_census_abstract.pdf,Kullu,,,,,,,,,,,,,,,,,,,,,,,,,,,,,,,,,,,,,,,,,,,,,,,,,,,,,,,,,,,,,
(02026),,,,,124,kullu_kullu_dchb_part_b_primary_census_abstract.pdf,Kullu,,,,,,,,,,,,,,,,,,,,,,,,,,,,,,,,,,,,,,,,,,,,,,,,,,,,,,,,,,,,,
"Three rooms 13,145 11,629 1,516 3,187 2,973 214 744 526 218",,,,,124,kullu_kullu_dchb_part_b_primary_census_abstract.pdf,Kullu,,,,,,,,,,,,,,,,,,,,,,,,,,,,,,,,,,,,,,,,,,,,,,,,,,,,,,,,,,,,,
,,,,,124,kullu_kullu_dchb_part_b_primary_census_abstract.pdf,Kullu,,,,,,,,,,,,,,,,,,,,,,,,,,,,,,,,,,,,,,,,,,,,,,,,,,,,,,,,,,,,,
Name of Sub - District,Total,,,,125,kullu_kullu_dchb_part_b_primary_census_abstract.pdf,Kullu,,,,,,,,,,,,,,,,,,,,,,,,,,,,,,,,,,,,,,,,,,,,,,,,,,,,,,,,,,,,,
,Permanent,Semi permanent,Temporary,Permanent,125,kullu_kullu_dchb_part_b_primary_census_abstract.pdf,Kullu,,,,,,,,,,,,,,,,,,,,,,,,,,,,,,,,,,,,,,,,,,,,,,,,,,,,,,,,,,,,,
2,3,4,5,6,125,kullu_kullu_dchb_part_b_primary_census_abstract.pdf,Kullu,,,,,,,,,,,,1.0,,,,,,,,,,,,,,,,,,,,,,,,,,,,,,,,,,,,,,,,,,,,,,,,,
,Urban,,,Name of Sub-District,126,kullu_kullu_dchb_part_b_primary_census_abstract.pdf,Kullu,,,,,,,,,,,,,Rural,,,,,,,,,,,,,,,,,,,,,,,,,,,,,,,,,,,,,,,,,,,,,,,,
Temporary,Permanent,Semi permanent,Temporary,,126,kullu_kullu_dchb_part_b_primary_census_abstract.pdf,Kullu,,,,,,,,,,,,,Semi permanent,,,,,,,,,,,,,,,,,,,,,,,,,,,,,,,,,,,,,,,,,,,,,,,,
8,9,10,11,2,126,kullu_kullu_dchb_part_b_primary_census_abstract.pdf,Kullu,,,,,,,,,,,,,7,,,,,,,,,,,,,,,,,,,,,,,,,,,,,,,,,,,,,,,,,,,,,,,,
Name of Sub-District,"Total/
Rural/
Urban","Total Number
of households",Number and percentage of Household,,127,kullu_kullu_dchb_part_b_primary_census_abstract.pdf,Kullu,,,,,,,,,,,,,,,,,,,,,,,,,,,,,,,,,,,,,,,,,,,,,,,,,,,,,,,,,,,,,
,,,"Tap water from
treated source","Tap water from
untreated source",127,kullu_kullu_dchb_part_b_primary_census_abstract.pdf,Kullu,,,,,,Covered well,Un-covered well,,,,,,,,,,,,,,,,,,,,,,,,,,,,,,,,,,,,,,,,,,,,,,,,,,,,,,
2,3,4,5,6,127,kullu_kullu_dchb_part_b_primary_census_abstract.pdf,Kullu,,,,,,7,8,,,,,,,1.0,,,,,,,,,,,,,,,,,,,,,,,,,,,,,,,,,,,,,,,,,,,,,,,
,,,,,127,kullu_kullu_dchb_part_b_primary_census_abstract.pdf,Kullu,,,,,,,,,,,,,,,(0202600118),,,,,,,,,,,,,,,,,,,,,,,,,,,,,,,,,,,,,,,,,,,,,,
,,,,,127,kullu_kullu_dchb_part_b_primary_census_abstract.pdf,Kullu,,,,,,,,,,,,,,,"Urban 8,189 7,547 (92.16%) 125 (1.53%) 27 (0.33%) 0 (0%)",,,,,,,,,,,,,,,,,,,,,,,,,,,,,,,,,,,,,,,,,,,,,,
,,,,,127,kullu_kullu_dchb_part_b_primary_census_abstract.pdf,Kullu,,,,,,,,,,,,,,,,(0202600120),,,,,,,,,,,,,,,,,,,,,,,,,,,,,,,,,,,,,,,,,,,,,
,,,,,127,kullu_kullu_dchb_part_b_primary_census_abstract.pdf,Kullu,,,,,,,,,,,,,,,,Urban 450 445 (98.89%) 1 (0.22%) 0 (0%) 0 (0%),,,,,,,,,,,,,,,,,,,,,,,,,,,,,,,,,,,,,,,,,,,,,
,,,,,127,kullu_kullu_dchb_part_b_primary_census_abstract.pdf,Kullu,,,,,,,,,,,,,,,,,(0202600122),,,,,,,,,,,,,,,,,,,,,,,,,,,,,,,,,,,,,,,,,,,,
,,,,,127,kullu_kullu_dchb_part_b_primary_census_abstract.pdf,Kullu,,,,,,,,,,,,,,,,,Urban 0 (0%) 0 (0%) 0 (0%) 0 (0%) 0 (0%),,,,,,,,,,,,,,,,,,,,,,,,,,,,,,,,,,,,,,,,,,,,
,,,,,128,kullu_kullu_dchb_part_b_primary_census_abstract.pdf,Kullu,,,,,,"Total/
Rural/
Urban",Name of Sub-District,,,,,,,,,,,having following source of drinking water,,,,,,,,,,,,,,,,,,,,,,,,,,,,,,,,,,,,,,,,,,,
"Tubewell/boreh
ole",Spring,River/ canal,"Tank/ pond/
lake",O ther Sources,128,kullu_kullu_dchb_part_b_primary_census_abstract.pdf,Kullu,,,,,,,,,,,,,,,,,,Handpump,,,,,,,,,,,,,,,,,,,,,,,,,,,,,,,,,,,,,,,,,,,
10,11,12,13,14,128,kullu_kullu_dchb_part_b_primary_census_abstract.pdf,Kullu,,,,,,3,2,,,,,,,,,,,9,,,,,,,,,,,,,,,,,,,,,,,,,,,,,,,,,,,,,,,,,,,
(0202600118),,,,,128,kullu_kullu_dchb_part_b_primary_census_abstract.pdf,Kullu,,,,,,,,,,,,,,,,,,,,,,,,,,,,,,,,,,,,,,,,,,,,,,,,,,,,,,,,,,,,,
,,,,,128,kullu_kullu_dchb_part_b_primary_census_abstract.pdf,Kullu,,,,,,,,,,,,,,,,,,,201 (2.45%) 227 (2.77%) 0 (0%) 29 (0.35%) 28 (0.34%) 5 (0.06%) Urban,,,,,,,,,,,,,,,,,,,,,,,,,,,,,,,,,,,,,,,,,,
(0202600120),,,,,128,kullu_kullu_dchb_part_b_primary_census_abstract.pdf,Kullu,,,,,,,,,,,,,,,,,,,,,,,,,,,,,,,,,,,,,,,,,,,,,,,,,,,,,,,,,,,,,
,,,,,128,kullu_kullu_dchb_part_b_primary_census_abstract.pdf,Kullu,,,,,,,,,,,,,,,,,,,,0 (0%) 0 (0%) 0 (0%) 0 (0%) 2 (0.44%) 2 (0.44%) Urban,,,,,,,,,,,,,,,,,,,,,,,,,,,,,,,,,,,,,,,,,
(0202600122),,,,,128,kullu_kullu_dchb_part_b_primary_census_abstract.pdf,Kullu,,,,,,,,,,,,,,,,,,,,,,,,,,,,,,,,,,,,,,,,,,,,,,,,,,,,,,,,,,,,,
,,,,,128,kullu_kullu_dchb_part_b_primary_census_abstract.pdf,Kullu,,,,,,,,,,,,,,,,,,,,,0 (0%) 0 (0%) 0 (0%) 0 (0%) 0 (0%) 0 (0%) Urban,,,,,,,,,,,,,,,,,,,,,,,,,,,,,,,,,,,,,,,,
Name of Sub-District,"Total/
Rural/
Urban","Total
number of
households",Number and Percentage of households,,129,kullu_kullu_dchb_part_b_primary_census_abstract.pdf,Kullu,,,,,,,,,,,,,,,,,,,,,,,,,,,,,,,,,,,,,,,,,,,,,,,,,,,,,,,,,,,,,
,,,Electricity,Kerosene,129,kullu_kullu_dchb_part_b_primary_census_abstract.pdf,Kullu,,,,,,Solar,,,,,,,,,,,,,,,,,,,,,,,,,,,,,,,,,,,,,,,,,,,,,,,,,,,,,,,
2,3,4,5,6,129,kullu_kullu_dchb_part_b_primary_census_abstract.pdf,Kullu,,,,,,7,,,,,,,,,,,,,,,,1.0,,,,,,,,,,,,,,,,,,,,,,,,,,,,,,,,,,,,,,,
,,,,,129,kullu_kullu_dchb_part_b_primary_census_abstract.pdf,Kullu,,,,,,,,,,,,,,,,,,,,,,,,,,,,,,,,,,,,,,,,,,,,,,,,,,,,,,,,,,,,,
,,,,,129,kullu_kullu_dchb_part_b_primary_census_abstract.pdf,Kullu,,,,,,,,,,,,,,,,,,,,,,,"Urban 8,189 8,101 (98.93%) 77 (0.94%) 0 (0%)",,,,,,,,,,,,,,,,,,,,,,,,,,,,,,,,,,,,,,
,,,,,129,kullu_kullu_dchb_part_b_primary_census_abstract.pdf,Kullu,,,,,,,,,,,,,,,,,,,,,,,,,,,,,,,,,,,,,,,,,,,,,,,,,,,,,,,,,,,,,
,,,,,129,kullu_kullu_dchb_part_b_primary_census_abstract.pdf,Kullu,,,,,,,,,,,,,,,,,,,,,,,,Urban 450 448 (99.56%) 2 (0.44%) 0 (0%),,,,,,,,,,,,,,,,,,,,,,,,,,,,,,,,,,,,,
,,,,,129,kullu_kullu_dchb_part_b_primary_census_abstract.pdf,Kullu,,,,,,,,,,,,,,,,,,,,,,,,,,,,,,,,,,,,,,,,,,,,,,,,,,,,,,,,,,,,,
,,,,,129,kullu_kullu_dchb_part_b_primary_census_abstract.pdf,Kullu,,,,,,,,,,,,,,,,,,,,,,,,,Urban 0 (0%) 0 (0%) 0 (0%) 0 (0%),,,,,,,,,,,,,,,,,,,,,,,,,,,,,,,,,,,,
,,"Total/
Rural/
Urban",Name of Sub-District,,130,kullu_kullu_dchb_part_b_primary_census_abstract.pdf,Kullu,,,,,,,,,,,,,,,,,,,,,,,,,,having following main source of lighting,,,,,,,,,,,,,,,,,,,,,,,,,,,,,,,,,,,
Any other,No lighting,,,,130,kullu_kullu_dchb_part_b_primary_census_abstract.pdf,Kullu,,,,,,,,,,,,,,,,,,,,,,,,,,Other oil,,,,,,,,,,,,,,,,,,,,,,,,,,,,,,,,,,,
9,10,3,2,,130,kullu_kullu_dchb_part_b_primary_census_abstract.pdf,Kullu,,,,,,,,,,,,,,,,,,,,,,,,,,8,,,,,,,,,,,,,,,,,,,,,,,,,,,,,,,,,,,
,,,,,130,kullu_kullu_dchb_part_b_primary_census_abstract.pdf,Kullu,,,,,,,,,,,,,,,,,,,,,,,,,,,,,,,,,,,,,,,,,,,,,,,,,,,,,,,,,,,,,
,,,,,130,kullu_kullu_dchb_part_b_primary_census_abstract.pdf,Kullu,,,,,,,,,,,,,,,,,,,,,,,,,,,1 (0.01%) 0 (0%) 10 (0.12%) Urban,,,,,,,,,,,,,,,,,,,,,,,,,,,,,,,,,,
,,,,,130,kullu_kullu_dchb_part_b_primary_census_abstract.pdf,Kullu,,,,,,,,,,,,,,,,,,,,,,,,,,,,0 (0%) 0 (0%) 0 (0%) Urban,,,,,,,,,,,,,,,,,,,,,,,,,,,,,,,,,
,,,,,130,kullu_kullu_dchb_part_b_primary_census_abstract.pdf,Kullu,,,,,,,,,,,,,,,,,,,,,,,,,,,,,0 (0%) 0 (0%) 0 (0%) Urban,,,,,,,,,,,,,,,,,,,,,,,,,,,,,,,,
Name of Sub-District,"Total/
Rural/
Urban","Total
number of
households",Number and percentage of households,,131,kullu_kullu_dchb_part_b_primary_census_abstract.pdf,Kullu,,,,,,,,,,,,,,,,,,,,,,,,,,,,,,,,,,,,,,,,,,,,,,,,,,,,,,,,,,,,,
,,,Flush/Pour latrine,,131,kullu_kullu_dchb_part_b_primary_census_abstract.pdf,Kullu,,,,,,,Pit,,,,,,,,,,,,,,,,,,,,,,,,,,,,,,,,,,,,,,,,,,,,,,,,,,,,,,
,,,"Piped sewer
system",Septic tank,131,kullu_kullu_dchb_part_b_primary_census_abstract.pdf,Kullu,,,,,,Other system,"With
slab/Ventilated
improved pit",,,,,,,,,,,,,,,,,,,,,,,,,,,,,,,,,,,,,,,,,,,,,,,,,,,,,,
2,3,4,5,6,131,kullu_kullu_dchb_part_b_primary_census_abstract.pdf,Kullu,,,,,,7,8,,,,,,,,,,,,,,,,,,,,,,,1.0,,,,,,,,,,,,,,,,,,,,,,,,,,,,,,,
,,,,,131,kullu_kullu_dchb_part_b_primary_census_abstract.pdf,Kullu,,,,,,,,,,,,,,,,,,,,,,,,,,,,,,,(0202600118),,,,,,,,,,,,,,,,,,,,,,,,,,,,,,
,,,,,131,kullu_kullu_dchb_part_b_primary_census_abstract.pdf,Kullu,,,,,,,,,,,,,,,,,,,,,,,,,,,,,,,"Urban 8,189 1,536 (18.76%) 5,585 (68.2%) 22 (0.27%) 228 (2.78%)",,,,,,,,,,,,,,,,,,,,,,,,,,,,,,
,,,,,131,kullu_kullu_dchb_part_b_primary_census_abstract.pdf,Kullu,,,,,,,,,,,,,,,,,,,,,,,,,,,,,,,,(0202600120),,,,,,,,,,,,,,,,,,,,,,,,,,,,,
,,,,,131,kullu_kullu_dchb_part_b_primary_census_abstract.pdf,Kullu,,,,,,,,,,,,,,,,,,,,,,,,,,,,,,,,Urban 450 12 (2.67%) 402 (89.33%) 0 (0%) 0 (0%),,,,,,,,,,,,,,,,,,,,,,,,,,,,,
,,,,,131,kullu_kullu_dchb_part_b_primary_census_abstract.pdf,Kullu,,,,,,,,,,,,,,,,,,,,,,,,,,,,,,,,,(0202600122),,,,,,,,,,,,,,,,,,,,,,,,,,,,
,,,,,131,kullu_kullu_dchb_part_b_primary_census_abstract.pdf,Kullu,,,,,,,,,,,,,,,,,,,,,,,,,,,,,,,,,Urban 0 (0%) 0 (0%) 0 (0%) 0 (0%) 0 (0%),,,,,,,,,,,,,,,,,,,,,,,,,,,,
,,,,,132,kullu_kullu_dchb_part_b_primary_census_abstract.pdf,Kullu,,,,,,"Total/
Rural/
Urban",Name of Sub-District,,,,,,,,,,,,,,,,,,,,,,,,,,,having following type of latrine facility,,,,,,,,,,,,,,,,,,,,,,,,,,,
"Night Soil
disposed into
open drain",Service Latrine,,No latrine within premises,,132,kullu_kullu_dchb_part_b_primary_census_abstract.pdf,Kullu,,,,,,,,,,,,,,,,,,,,,,,,,,,,,,,,,,Latrine,,,,,,,,,,,,,,,,,,,,,,,,,,,
,"Night soil
removed by
human","Night soil
serviced by
animals",Public Latrine,Open,132,kullu_kullu_dchb_part_b_primary_census_abstract.pdf,Kullu,,,,,,,,,,,,,,,,,,,,,,,,,,,,,,,,,,"Without slab/open
pit",,,,,,,,,,,,,,,,,,,,,,,,,,,
10,11,12,13,14,132,kullu_kullu_dchb_part_b_primary_census_abstract.pdf,Kullu,,,,,,3,2,,,,,,,,,,,,,,,,,,,,,,,,,,,9,,,,,,,,,,,,,,,,,,,,,,,,,,,
(0202600118),,,,,132,kullu_kullu_dchb_part_b_primary_census_abstract.pdf,Kullu,,,,,,,,,,,,,,,,,,,,,,,,,,,,,,,,,,,,,,,,,,,,,,,,,,,,,,,,,,,,,
,,,,,132,kullu_kullu_dchb_part_b_primary_census_abstract.pdf,Kullu,,,,,,,,,,,,,,,,,,,,,,,,,,,,,,,,,,,32 (0.39%) 35 (0.43%) 0 (0%) 1 (0.01%) 183 (2.23%) 567 (6.92%) Urban,,,,,,,,,,,,,,,,,,,,,,,,,,
(0202600120),,,,,132,kullu_kullu_dchb_part_b_primary_census_abstract.pdf,Kullu,,,,,,,,,,,,,,,,,,,,,,,,,,,,,,,,,,,,,,,,,,,,,,,,,,,,,,,,,,,,,
,,,,,132,kullu_kullu_dchb_part_b_primary_census_abstract.pdf,Kullu,,,,,,,,,,,,,,,,,,,,,,,,,,,,,,,,,,,,0 (0%) 0 (0%) 0 (0%) 0 (0%) 26 (5.78%) 10 (2.22%) Urban,,,,,,,,,,,,,,,,,,,,,,,,,
(0202600122),,,,,132,kullu_kullu_dchb_part_b_primary_census_abstract.pdf,Kullu,,,,,,,,,,,,,,,,,,,,,,,,,,,,,,,,,,,,,,,,,,,,,,,,,,,,,,,,,,,,,
,,,,,132,kullu_kullu_dchb_part_b_primary_census_abstract.pdf,Kullu,,,,,,,,,,,,,,,,,,,,,,,,,,,,,,,,,,,,,0 (0%) 0 (0%) 0 (0%) 0 (0%) 0 (0%) 0 (0%) Urban,,,,,,,,,,,,,,,,,,,,,,,,
Name of Sub-District,"Total/
Rural/
Urban","Total
number of
households","Number and Percentage of households by type of
drainage connectivity for waste water outlet",,133,kullu_kullu_dchb_part_b_primary_census_abstract.pdf,Kullu,,,,,,,,,,,,,,,,,,,,,,,,,,,,,,,,,,,,,,,,,,,,,,,,,,,,,,,,,,,,,
,,,Closed drainage,Open drainage,133,kullu_kullu_dchb_part_b_primary_census_abstract.pdf,Kullu,,,,,,No drainage,,,,,,,,,,,,,,,,,,,,,,,,,,,,,,,,,,,,,,,,,,,,,,,,,,,,,,,
2,3,4,5,6,133,kullu_kullu_dchb_part_b_primary_census_abstract.pdf,Kullu,,,,,,7,,,,,,,,,,,,,,,,,,,,,,,,,,,,,,,,1.0,,,,,,,,,,,,,,,,,,,,,,,
,,,,,133,kullu_kullu_dchb_part_b_primary_census_abstract.pdf,Kullu,,,,,,,,,,,,,,,,,,,,,,,,,,,,,,,,,,,,,,,Sub-District - Kullu (0202600118),,,,,,,,,,,,,,,,,,,,,,
,,,,,133,kullu_kullu_dchb_part_b_primary_census_abstract.pdf,Kullu,,,,,,,,,,,,,,,,,,,,,,,,,,,,,,,,,,,,,,,"Urban 8,189 5,497 (67.13%) 2,253 (27.51%) 439 (5.36%)",,,,,,,,,,,,,,,,,,,,,,
,,,,,133,kullu_kullu_dchb_part_b_primary_census_abstract.pdf,Kullu,,,,,,,,,,,,,,,,,,,,,,,,,,,,,,,,,,,,,,,,Sub-District - Banjar (0202600120),,,,,,,,,,,,,,,,,,,,,
,,,,,133,kullu_kullu_dchb_part_b_primary_census_abstract.pdf,Kullu,,,,,,,,,,,,,,,,,,,,,,,,,,,,,,,,,,,,,,,,Urban 450 440 (97.78%) 7 (1.56%) 3 (0.67%),,,,,,,,,,,,,,,,,,,,,
,,,,,133,kullu_kullu_dchb_part_b_primary_census_abstract.pdf,Kullu,,,,,,,,,,,,,,,,,,,,,,,,,,,,,,,,,,,,,,,,,Sub-District - Nermand (0202600122),,,,,,,,,,,,,,,,,,,,
,,,,,133,kullu_kullu_dchb_part_b_primary_census_abstract.pdf,Kullu,,,,,,,,,,,,,,,,,,,,,,,,,,,,,,,,,,,,,,,,,Urban 0 0 (0%) 0 (0%) 0 (0%),,,,,,,,,,,,,,,,,,,,
"Name of Sub-
District","Total/
Rural/
Urban","Total
number of
households",Number and Percentage of households having kitchen,,134,kullu_kullu_dchb_part_b_primary_census_abstract.pdf,Kullu,,,,,,,,,,,,,,,,,,,,,,,,,,,,,,,,,,,,,,,,,,,,,,,,,,,,,,,,,,,,,
,,,Cooking inside house,,134,kullu_kullu_dchb_part_b_primary_census_abstract.pdf,Kullu,,,,,,Cooking outside house,,No cooking,,,,,,,,,,,,,,,,,,,,,,,,,,,,,,,,,,,,,,,,,,,,,,,,,,,,,
,,,Has kitchen,"Does not have
kitchen",134,kullu_kullu_dchb_part_b_primary_census_abstract.pdf,Kullu,,,,,,Has kitchen,"Does not have
kitchen",,,,,,,,,,,,,,,,,,,,,,,,,,,,,,,,,,,,,,,,,,,,,,,,,,,,,,
2,3,4,5,6,134,kullu_kullu_dchb_part_b_primary_census_abstract.pdf,Kullu,,,,,,7,8,9,,,,,,,,,,,,,,,,,,,,,,,,,,,,,,,,,,1.0,,,,,,,,,,,,,,,,,,,
,,,,,134,kullu_kullu_dchb_part_b_primary_census_abstract.pdf,Kullu,,,,,,,,,,,,,,,,,,,,,,,,,,,,,,,,,,,,,,,,,,,(0202600118),,,,,,,,,,,,,,,,,,
,,,,,134,kullu_kullu_dchb_part_b_primary_census_abstract.pdf,Kullu,,,,,,,,,,,,,,,,,,,,,,,,,,,,,,,,,,,,,,,,,,,"Urban 8,189 7,772 (94.91%) 331 (4.04%) 30 (0.37%) 12 (0.15%) 44 (0.54%)",,,,,,,,,,,,,,,,,,
,,,,,134,kullu_kullu_dchb_part_b_primary_census_abstract.pdf,Kullu,,,,,,,,,,,,,,,,,,,,,,,,,,,,,,,,,,,,,,,,,,,,(0202600120),,,,,,,,,,,,,,,,,
,,,,,134,kullu_kullu_dchb_part_b_primary_census_abstract.pdf,Kullu,,,,,,,,,,,,,,,,,,,,,,,,,,,,,,,,,,,,,,,,,,,,Urban 450 448 (99.56%) 0 (0%) 0 (0%) 0 (0%) 2 (0.44%),,,,,,,,,,,,,,,,,
,,,,,134,kullu_kullu_dchb_part_b_primary_census_abstract.pdf,Kullu,,,,,,,,,,,,,,,,,,,,,,,,,,,,,,,,,,,,,,,,,,,,,Nermand,,,,,,,,,,,,,,,,
,,,,,134,kullu_kullu_dchb_part_b_primary_census_abstract.pdf,Kullu,,,,,,,,,,,,,,,,,,,,,,,,,,,,,,,,,,,,,,,,,,,,,"(0202600122)
Urban 0 0 (0%) 0 (0%) 0 (0%) 0 (0%) 0 (0%)",,,,,,,,,,,,,,,,
Name of Sub-District,"Total/
Rural/
Urban","Total
number of
households",Number and percentage of households by,,135,kullu_kullu_dchb_part_b_primary_census_abstract.pdf,Kullu,,,,,,,,,,,,,,,,,,,,,,,,,,,,,,,,,,,,,,,,,,,,,,,,,,,,,,,,,,,,,
,,,Firewood,Crop residue,135,kullu_kullu_dchb_part_b_primary_census_abstract.pdf,Kullu,,,,,,Cowdung cake,"Coal/ lignite/
charcoal",,,,,,,,,,,,,,,,,,,,,,,,,,,,,,,,,,,,,,,,,,,,,,,,,,,,,,
2,3,4,5,6,135,kullu_kullu_dchb_part_b_primary_census_abstract.pdf,Kullu,,,,,,7,8,,,,,,,,,,,,,,,,,,,,,,,,,,,,,,,,,,,,,,,1.0,,,,,,,,,,,,,,,
,,,,,135,kullu_kullu_dchb_part_b_primary_census_abstract.pdf,Kullu,,,,,,,,,,,,,,,,,,,,,,,,,,,,,,,,,,,,,,,,,,,,,,,,,,,,,,,,,,,,,
,,,,,135,kullu_kullu_dchb_part_b_primary_census_abstract.pdf,Kullu,,,,,,,,,,,,,,,,,,,,,,,,,,,,,,,,,,,,,,,,,,,,,,,"Urban 8,189 553 (6.75%) 10 (0.12%) 3 (0.04%) 2 (0.02%)",,,,,,,,,,,,,,
,,,,,135,kullu_kullu_dchb_part_b_primary_census_abstract.pdf,Kullu,,,,,,,,,,,,,,,,,,,,,,,,,,,,,,,,,,,,,,,,,,,,,,,,,,,,,,,,,,,,,
,,,,,135,kullu_kullu_dchb_part_b_primary_census_abstract.pdf,Kullu,,,,,,,,,,,,,,,,,,,,,,,,,,,,,,,,,,,,,,,,,,,,,,,,Urban 450 13 (2.89%) 0 (0%) 0 (0%) 0 (0%),,,,,,,,,,,,,
,,,,,135,kullu_kullu_dchb_part_b_primary_census_abstract.pdf,Kullu,,,,,,,,,,,,,,,,,,,,,,,,,,,,,,,,,,,,,,,,,,,,,,,,,(0202600122),,,,,,,,,,,,
,,,,,135,kullu_kullu_dchb_part_b_primary_census_abstract.pdf,Kullu,,,,,,,,,,,,,,,,,,,,,,,,,,,,,,,,,,,,,,,,,,,,,,,,,Urban 0 0 (0%) 0 (0%) 0 (0%) 0 (0%),,,,,,,,,,,,
,,,,,136,kullu_kullu_dchb_part_b_primary_census_abstract.pdf,Kullu,,,,,,"Total/
Rural/
Urban",Name of Sub-District,,,,,,,,,,,,,,,,,,,,,,,,,,,,,,,,,,,,,,,,,,,availability of fuel used for cooking,,,,,,,,,,,
LPG/ PNG,Electricity,Bio-gas,Any other,No cooking,136,kullu_kullu_dchb_part_b_primary_census_abstract.pdf,Kullu,,,,,,,,,,,,,,,,,,,,,,,,,,,,,,,,,,,,,,,,,,,,,,,,,,Kerosene,,,,,,,,,,,
10,11,12,13,14,136,kullu_kullu_dchb_part_b_primary_census_abstract.pdf,Kullu,,,,,,3,2,,,,,,,,,,,,,,,,,,,,,,,,,,,,,,,,,,,,,,,,,,,9,,,,,,,,,,,
,,,,,136,kullu_kullu_dchb_part_b_primary_census_abstract.pdf,Kullu,,,,,,,,,,,,,,,,,,,,,,,,,,,,,,,,,,,,,,,,,,,,,,,,,,,,,,,,,,,,,
,,,,,136,kullu_kullu_dchb_part_b_primary_census_abstract.pdf,Kullu,,,,,,,,,,,,,,,,,,,,,,,,,,,,,,,,,,,,,,,,,,,,,,,,,,,"801 (9.78%) 6,756 (82.5%) 14 (0.17%) 5 (0.06%) 1 (0.01%) 44 (0.54%) Urban",,,,,,,,,,
(0202600120),,,,,136,kullu_kullu_dchb_part_b_primary_census_abstract.pdf,Kullu,,,,,,,,,,,,,,,,,,,,,,,,,,,,,,,,,,,,,,,,,,,,,,,,,,,,,,,,,,,,,
,,,,,136,kullu_kullu_dchb_part_b_primary_census_abstract.pdf,Kullu,,,,,,,,,,,,,,,,,,,,,,,,,,,,,,,,,,,,,,,,,,,,,,,,,,,,31 (6.89%) 404 (89.78%) 0 (0%) 0 (0%) 0 (0%) 2 (0.44%) Urban,,,,,,,,,
(0202600122),,,,,136,kullu_kullu_dchb_part_b_primary_census_abstract.pdf,Kullu,,,,,,,,,,,,,,,,,,,,,,,,,,,,,,,,,,,,,,,,,,,,,,,,,,,,,,,,,,,,,
,,,,,136,kullu_kullu_dchb_part_b_primary_census_abstract.pdf,Kullu,,,,,,,,,,,,,,,,,,,,,,,,,,,,,,,,,,,,,,,,,,,,,,,,,,,,,0 (0%) 0 (0%) 0 (0%) 0 (0%) 0 (0%) 0 (0%) Urban,,,,,,,,
"Name of Sub-
District","Total/
Rural/
Urban","Total
number
of house-
holds","Total number of
households availing
banking services",Number and percentage of households,137,kullu_kullu_dchb_part_b_primary_census_abstract.pdf,Kullu,,,,,,,,,,,,,,,,,,,,,,,,,,,,,,,,,,,,,,,,,,,,,,,,,,,,,,,,,,,,,
,,,,Radio/ Transistor,137,kullu_kullu_dchb_part_b_primary_census_abstract.pdf,Kullu,,,,,,Television,"Computer/ laptop-
With Internet","Computer/ laptop-
Without Internet",,,,,,,,,,,,,,,,,,,,,,,,,,,,,,,,,,,,,,,,,,,,,,,,,,,,,
2,3,4,5,6,137,kullu_kullu_dchb_part_b_primary_census_abstract.pdf,Kullu,,,,,,7,8,9,,,,,,,,,,,,,,,,,,,,,,,,,,,,,,,,,,,,,,,,,,,,,,1.0,,,,,,,
,,,,,137,kullu_kullu_dchb_part_b_primary_census_abstract.pdf,Kullu,,,,,,,,,,,,,,,,,,,,,,,,,,,,,,,,,,,,,,,,,,,,,,,,,,,,,,,(0202600118),,,,,,
,,,,,137,kullu_kullu_dchb_part_b_primary_census_abstract.pdf,Kullu,,,,,,,,,,,,,,,,,,,,,,,,,,,,,,,,,,,,,,,,,,,,,,,,,,,,,,,"Urban 8,189 7,336 (89.58%) 1,834 (22.4%) 7,122 (86.97%) 971 (11.86%) 1,129 (13.79%)",,,,,,
,,,,,137,kullu_kullu_dchb_part_b_primary_census_abstract.pdf,Kullu,,,,,,,,,,,,,,,,,,,,,,,,,,,,,,,,,,,,,,,,,,,,,,,,,,,,,,,,Banjar,,,,,
,,,,,137,kullu_kullu_dchb_part_b_primary_census_abstract.pdf,Kullu,,,,,,,,,,,,,,,,,,,,,,,,,,,,,,,,,,,,,,,,,,,,,,,,,,,,,,,,"(0202600120)
Urban 450 434 (96.44%) 61 (13.56%) 362 (80.44%) 21 (4.67%) 45 (10%)",,,,,
,,,,,137,kullu_kullu_dchb_part_b_primary_census_abstract.pdf,Kullu,,,,,,,,,,,,,,,,,,,,,,,,,,,,,,,,,,,,,,,,,,,,,,,,,,,,,,,,,Nermand,,,,
,,,,,137,kullu_kullu_dchb_part_b_primary_census_abstract.pdf,Kullu,,,,,,,,,,,,,,,,,,,,,,,,,,,,,,,,,,,,,,,,,,,,,,,,,,,,,,,,,"(0202600122)
Urban 0 0 (0%) 0 (0%) 0 (0%) 0 (0%) 0 (0%)",,,,
,,,,,138,kullu_kullu_dchb_part_b_primary_census_abstract.pdf,Kullu,,,,,,,"Total/
Rural/
Urban","Name of Sub-
District",,,,,,,,,,,,,,,,,,,,,,,,,,,,,,,,,,,,,,,,,,,,,,,,,,,,,
Mobile Telephone,"Both Land line
and MobileTele-
phone",Bicycle,"Scooter/ Motor
Cycle/ Moped",Car/ Jeep/ Van,138,kullu_kullu_dchb_part_b_primary_census_abstract.pdf,Kullu,,,,,,"None of the
specified asset",,,,,,,,,,,,,,,,,,,,,,,,,,,,,,,,,,,,,,,,,,,,,,,,,,,,,,,
11,12,13,14,15,138,kullu_kullu_dchb_part_b_primary_census_abstract.pdf,Kullu,,,,,,16,3,2,,,,,,,,,,,,,,,,,,,,,,,,,,,,,,,,,,,,,,,,,,,,,,,,,,10.0,,,
Kullu,,,,,138,kullu_kullu_dchb_part_b_primary_census_abstract.pdf,Kullu,,,,,,,,,,,,,,,,,,,,,,,,,,,,,,,,,,,,,,,,,,,,,,,,,,,,,,,,,,,,,
,,,,,138,kullu_kullu_dchb_part_b_primary_census_abstract.pdf,Kullu,,,,,,,,,,,,,,,,,,,,,,,,,,,,,,,,,,,,,,,,,,,,,,,,,,,,,,,,,,,"(0202600118)
311 (3.8%) 5,594 (68.31%) 1,647 (20.11%) 833 (10.17%) 1,679 (20.5%) 1,721 (21.02%) 276 (3.37%)Urban",,
Banjar,,,,,138,kullu_kullu_dchb_part_b_primary_census_abstract.pdf,Kullu,,,,,,,,,,,,,,,,,,,,,,,,,,,,,,,,,,,,,,,,,,,,,,,,,,,,,,,,,,,,,
,,,,,138,kullu_kullu_dchb_part_b_primary_census_abstract.pdf,Kullu,,,,,,,,,,,,,,,,,,,,,,,,,,,,,,,,,,,,,,,,,,,,,,,,,,,,,,,,,,,,"(0202600120)
14 (3.11%) 351 (78%) 60 (13.33%) 13 (2.89%) 40 (8.89%) 69 (15.33%) 9 (2%)Urban",
Nermand,,,,,138,kullu_kullu_dchb_part_b_primary_census_abstract.pdf,Kullu,,,,,,,,,,,,,,,,,,,,,,,,,,,,,,,,,,,,,,,,,,,,,,,,,,,,,,,,,,,,,
,,,,,138,kullu_kullu_dchb_part_b_primary_census_abstract.pdf,Kullu,,,,,,,,,,,,,,,,,,,,,,,,,,,,,,,,,,,,,,,,,,,,,,,,,,,,,,,,,,,,,"(0202600122)
0 (0%) 0 (0%) 0 (0%) 0 (0%) 0 (0%) 0 (0%) 0 (0%)Urban"
