File Name,Dataset,aid,Date,Count,Minimum,Maximum,Range,Mean,Standard Deviation,Variance,Upper Quartile,Upper 1.5 IQR,Median,Lower 1.5 IQR,Lower Quartile
MOD13Q1_061__250m_16_days_NDVI_doy2004353000000_aid0001,_250m_16_days_NDVI,aid0001,2004-12-18,87523.0,-0.1753,0.9912,"(-0.1753,0.9912)",0.5588449,0.1099135,0.012081,0.6319,0.8461,0.5607,0.2732,0.4884
MOD13Q1_061__250m_16_days_NDVI_doy2005001000000_aid0001,_250m_16_days_NDVI,aid0001,2005-01-01,87528.0,-0.0929,0.9941,"(-0.0929,0.9941)",0.5535595,0.1178841,0.0138967,0.6317,0.864,0.55865,0.2456,0.4768
MOD13Q1_061__250m_16_days_NDVI_doy2005017000000_aid0001,_250m_16_days_NDVI,aid0001,2005-01-17,87504.0,-0.064,0.9966,"(-0.064,0.9966)",0.4971274,0.1863392,0.0347223,0.6229,0.9172,0.5446,0.1322,0.4266
MOD13Q1_061__250m_16_days_NDVI_doy2005033000000_aid0001,_250m_16_days_NDVI,aid0001,2005-02-02,87523.0,-0.1829,0.9871,"(-0.1829,0.9871)",0.5011028,0.1654206,0.027364,0.6108,0.8786,0.533,0.1643,0.4322
MOD13Q1_061__250m_16_days_NDVI_doy2005049000000_aid0001,_250m_16_days_NDVI,aid0001,2005-02-18,87515.0,-0.0688,0.9941,"(-0.0688,0.9941)",0.5104709,0.1431482,0.0204914,0.6074,0.864,0.5284,0.1761,0.4348
MOD13Q1_061__250m_16_days_NDVI_doy2005065000000_aid0001,_250m_16_days_NDVI,aid0001,2005-03-06,87527.0,-0.0819,0.992,"(-0.0819,0.992)",0.5494229,0.1231009,0.0151538,0.6332,0.8629,0.5592,0.2492,0.4796
MOD13Q1_061__250m_16_days_NDVI_doy2005081000000_aid0001,_250m_16_days_NDVI,aid0001,2005-03-22,87531.0,-0.1365,0.9068,"(-0.1365,0.9068)",0.5661055,0.1012866,0.010259,0.634,0.8196,0.5745,0.322,0.5092
MOD13Q1_061__250m_16_days_NDVI_doy2005097000000_aid0001,_250m_16_days_NDVI,aid0001,2005-04-07,87531.0,0.0095,0.8733,"(0.0095,0.8733)",0.5229139,0.0797026,0.0063525,0.5732,0.7163,0.5254,0.3347,0.4778
MOD13Q1_061__250m_16_days_NDVI_doy2005113000000_aid0001,_250m_16_days_NDVI,aid0001,2005-04-23,87531.0,-0.0434,0.9963,"(-0.0434,0.9963)",0.5526855,0.0912977,0.0083353,0.6101,0.7815,0.5501,0.325,0.4958
MOD13Q1_061__250m_16_days_NDVI_doy2005129000000_aid0001,_250m_16_days_NDVI,aid0001,2005-05-09,87531.0,-0.0195,0.9403,"(-0.0195,0.9403)",0.5360711,0.1047211,0.0109665,0.6098,0.8313,0.529,0.2393,0.4616
MOD13Q1_061__250m_16_days_NDVI_doy2005145000000_aid0001,_250m_16_days_NDVI,aid0001,2005-05-25,87531.0,0.0959,0.986,"(0.0959,0.986)",0.531243,0.130537,0.0170399,0.63935,0.9361,0.5093,0.1252,0.4295
MOD13Q1_061__250m_16_days_NDVI_doy2005161000000_aid0001,_250m_16_days_NDVI,aid0001,2005-06-10,87531.0,-0.0067,0.9888,"(-0.0067,0.9888)",0.5098766,0.1374883,0.018903,0.6202,0.9366,0.4798,0.0818,0.4044
MOD13Q1_061__250m_16_days_NDVI_doy2005177000000_aid0001,_250m_16_days_NDVI,aid0001,2005-06-26,87510.0,-0.0171,0.9994,"(-0.0171,0.9994)",0.5592329,0.2025537,0.041028,0.7049,0.9994,0.6062,0.0811,0.4553
MOD13Q1_061__250m_16_days_NDVI_doy2005193000000_aid0001,_250m_16_days_NDVI,aid0001,2005-07-12,87509.0,-0.0185,0.9993,"(-0.0185,0.9993)",0.5827247,0.2546389,0.064841,0.7757,0.9993,0.6952,-0.0185,0.3776
MOD13Q1_061__250m_16_days_NDVI_doy2005209000000_aid0001,_250m_16_days_NDVI,aid0001,2005-07-28,87498.0,-0.0335,0.9992,"(-0.0335,0.9992)",0.6044637,0.2740754,0.0751173,0.8296,0.9992,0.7278,-0.0335,0.374
MOD13Q1_061__250m_16_days_NDVI_doy2005225000000_aid0001,_250m_16_days_NDVI,aid0001,2005-08-13,87521.0,-0.1003,0.9994,"(-0.1003,0.9994)",0.7216875,0.1761242,0.0310197,0.8088,0.9267,0.7806,0.6123,0.7302
MOD13Q1_061__250m_16_days_NDVI_doy2005241000000_aid0001,_250m_16_days_NDVI,aid0001,2005-08-29,87531.0,0.0081,0.9991,"(0.0081,0.9991)",0.7962297,0.0820603,0.0067339,0.8395,0.9259,0.8158,0.6948,0.7816
MOD13Q1_061__250m_16_days_NDVI_doy2005257000000_aid0001,_250m_16_days_NDVI,aid0001,2005-09-14,87529.0,-0.1472,0.999,"(-0.1472,0.999)",0.7841171,0.061874,0.0038284,0.8216,0.9148,0.7957,0.6654,0.7591
MOD13Q1_061__250m_16_days_NDVI_doy2005273000000_aid0001,_250m_16_days_NDVI,aid0001,2005-09-30,87530.0,-0.138,0.9953,"(-0.138,0.9953)",0.7263971,0.0747174,0.0055827,0.7758,0.9101,0.7364,0.5518,0.6862
MOD13Q1_061__250m_16_days_NDVI_doy2005289000000_aid0001,_250m_16_days_NDVI,aid0001,2005-10-16,87531.0,-0.0995,0.9953,"(-0.0995,0.9953)",0.6551917,0.0980465,0.0096131,0.7242,0.9186,0.6623,0.3992,0.5942
MOD13Q1_061__250m_16_days_NDVI_doy2005305000000_aid0001,_250m_16_days_NDVI,aid0001,2005-11-01,87531.0,-0.1847,0.983,"(-0.1847,0.983)",0.5941317,0.1044733,0.0109147,0.6666,0.8759,0.5966,0.3174,0.5269
MOD13Q1_061__250m_16_days_NDVI_doy2005321000000_aid0001,_250m_16_days_NDVI,aid0001,2005-11-17,87530.0,0.0398,0.9941,"(0.0398,0.9941)",0.5542664,0.1104762,0.012205,0.6297,0.8571,0.5509,0.2504,0.4778
MOD13Q1_061__250m_16_days_NDVI_doy2005337000000_aid0001,_250m_16_days_NDVI,aid0001,2005-12-03,87530.0,-0.0838,0.9669,"(-0.0838,0.9669)",0.5251049,0.1122488,0.0125998,0.5988,0.828,0.5158,0.2168,0.446
MOD13Q1_061__250m_16_days_NDVI_doy2005353000000_aid0001,_250m_16_days_NDVI,aid0001,2005-12-19,87531.0,0.081,0.9838,"(0.081,0.9838)",0.5013869,0.1108563,0.0122891,0.5701,0.7906,0.4883,0.2035,0.4231
MOD13Q1_061__250m_16_days_NDVI_doy2006001000000_aid0001,_250m_16_days_NDVI,aid0001,2006-01-01,87530.0,-0.0626,0.9945,"(-0.0626,0.9945)",0.5218862,0.12051,0.0145227,0.5968,0.8294,0.5113,0.2092,0.4417
MOD13Q1_061__250m_16_days_NDVI_doy2006017000000_aid0001,_250m_16_days_NDVI,aid0001,2006-01-17,87530.0,-0.0541,0.9815,"(-0.0541,0.9815)",0.4950819,0.1238682,0.0153433,0.5682,0.7935,0.4892,0.1925,0.4179
MOD13Q1_061__250m_16_days_NDVI_doy2006033000000_aid0001,_250m_16_days_NDVI,aid0001,2006-02-02,87531.0,-0.0787,0.9911,"(-0.0787,0.9911)",0.5152693,0.1178163,0.0138807,0.5906,0.8244,0.5064,0.2009,0.4347
MOD13Q1_061__250m_16_days_NDVI_doy2006049000000_aid0001,_250m_16_days_NDVI,aid0001,2006-02-18,87531.0,-0.0215,0.9938,"(-0.0215,0.9938)",0.5385674,0.1066698,0.0113785,0.6098,0.8309,0.5311,0.2417,0.4624
MOD13Q1_061__250m_16_days_NDVI_doy2006065000000_aid0001,_250m_16_days_NDVI,aid0001,2006-03-06,87531.0,-0.0488,0.982,"(-0.0488,0.982)",0.544583,0.1087492,0.0118264,0.6169,0.8298,0.5446,0.262,0.4748
MOD13Q1_061__250m_16_days_NDVI_doy2006081000000_aid0001,_250m_16_days_NDVI,aid0001,2006-03-22,87530.0,-0.0402,0.9481,"(-0.0402,0.9481)",0.567002,0.1049792,0.0110206,0.6377,0.8445,0.569,0.2931,0.4996
MOD13Q1_061__250m_16_days_NDVI_doy2006097000000_aid0001,_250m_16_days_NDVI,aid0001,2006-04-07,87531.0,-0.145,0.9749,"(-0.145,0.9749)",0.5326019,0.0942717,0.0088871,0.595,0.7857,0.5279,0.2771,0.4678
MOD13Q1_061__250m_16_days_NDVI_doy2006113000000_aid0001,_250m_16_days_NDVI,aid0001,2006-04-23,87531.0,-0.0378,0.9542,"(-0.0378,0.9542)",0.5126561,0.0928,0.0086118,0.5781,0.7762,0.5059,0.2479,0.446
MOD13Q1_061__250m_16_days_NDVI_doy2006129000000_aid0001,_250m_16_days_NDVI,aid0001,2006-05-09,87531.0,-0.1058,0.908,"(-0.1058,0.908)",0.5337827,0.1019321,0.0103902,0.608,0.8319,0.5233,0.234,0.4581
MOD13Q1_061__250m_16_days_NDVI_doy2006145000000_aid0001,_250m_16_days_NDVI,aid0001,2006-05-25,87530.0,0.0088,0.9959,"(0.0088,0.9959)",0.6068194,0.1037495,0.010764,0.6808,0.8836,0.6106,0.3421,0.5453
MOD13Q1_061__250m_16_days_NDVI_doy2006161000000_aid0001,_250m_16_days_NDVI,aid0001,2006-06-10,87531.0,0.0596,0.9931,"(0.0596,0.9931)",0.5829295,0.1123335,0.0126188,0.6676,0.8946,0.5826,0.2741,0.5101
MOD13Q1_061__250m_16_days_NDVI_doy2006177000000_aid0001,_250m_16_days_NDVI,aid0001,2006-06-26,87522.0,-0.0344,0.9991,"(-0.0344,0.9991)",0.6376046,0.1811654,0.0328209,0.7597,0.9991,0.6848,0.2745,0.5656
MOD13Q1_061__250m_16_days_NDVI_doy2006193000000_aid0001,_250m_16_days_NDVI,aid0001,2006-07-12,87516.0,-0.0179,0.9986,"(-0.0179,0.9986)",0.5496522,0.1942657,0.0377392,0.6672,0.9283,0.5774,0.2315,0.4929
MOD13Q1_061__250m_16_days_NDVI_doy2006209000000_aid0001,_250m_16_days_NDVI,aid0001,2006-07-28,87531.0,-0.0138,0.9967,"(-0.0138,0.9967)",0.7557461,0.1118685,0.0125146,0.8114,0.9135,0.786,0.6394,0.7426
MOD13Q1_061__250m_16_days_NDVI_doy2006225000000_aid0001,_250m_16_days_NDVI,aid0001,2006-08-13,87528.0,-0.0502,0.9951,"(-0.0502,0.9951)",0.826109,0.0706612,0.004993,0.86,0.9312,0.841,0.7413,0.8125
MOD13Q1_061__250m_16_days_NDVI_doy2006241000000_aid0001,_250m_16_days_NDVI,aid0001,2006-08-29,87527.0,-0.0004,0.9988,"(-0.0004,0.9988)",0.7997568,0.0769809,0.0059261,0.833,0.8973,0.8141,0.7258,0.7901
MOD13Q1_061__250m_16_days_NDVI_doy2006257000000_aid0001,_250m_16_days_NDVI,aid0001,2006-09-14,87530.0,-0.1301,0.999,"(-0.1301,0.999)",0.7724915,0.0586991,0.0034456,0.8086,0.8971,0.7825,0.6601,0.7492
MOD13Q1_061__250m_16_days_NDVI_doy2006273000000_aid0001,_250m_16_days_NDVI,aid0001,2006-09-30,87531.0,-0.0028,0.9946,"(-0.0028,0.9946)",0.7222416,0.0770892,0.0059428,0.7731,0.9012,0.7365,0.5569,0.6866
MOD13Q1_061__250m_16_days_NDVI_doy2006289000000_aid0001,_250m_16_days_NDVI,aid0001,2006-10-16,87531.0,0.008,0.9981,"(0.008,0.9981)",0.6600934,0.0942605,0.008885,0.7259,0.9011,0.6716,0.4329,0.6087
MOD13Q1_061__250m_16_days_NDVI_doy2006305000000_aid0001,_250m_16_days_NDVI,aid0001,2006-11-01,87531.0,0.0766,0.97,"(0.0766,0.97)",0.6096753,0.1013412,0.01027,0.6798,0.8755,0.6185,0.3536,0.5493
MOD13Q1_061__250m_16_days_NDVI_doy2006321000000_aid0001,_250m_16_days_NDVI,aid0001,2006-11-17,87531.0,-0.0329,0.9962,"(-0.0329,0.9962)",0.5976296,0.1083364,0.0117368,0.6723,0.887,0.6037,0.3138,0.5289
MOD13Q1_061__250m_16_days_NDVI_doy2006337000000_aid0001,_250m_16_days_NDVI,aid0001,2006-12-03,87531.0,-0.0502,0.9949,"(-0.0502,0.9949)",0.5742866,0.1097745,0.0120504,0.6458,0.8497,0.583,0.3057,0.50975
MOD13Q1_061__250m_16_days_NDVI_doy2006353000000_aid0001,_250m_16_days_NDVI,aid0001,2006-12-19,87522.0,-0.1012,0.9941,"(-0.1012,0.9941)",0.5746528,0.1128674,0.012739,0.649,0.8668,0.5813,0.286,0.5037
MOD13Q1_061__250m_16_days_NDVI_doy2007001000000_aid0001,_250m_16_days_NDVI,aid0001,2007-01-01,87529.0,-0.0352,0.9887,"(-0.0352,0.9887)",0.5488733,0.1134078,0.0128613,0.6241,0.85,0.5524,0.2477,0.4735
MOD13Q1_061__250m_16_days_NDVI_doy2007017000000_aid0001,_250m_16_days_NDVI,aid0001,2007-01-17,87530.0,-0.0417,0.9904,"(-0.0417,0.9904)",0.5225675,0.1094744,0.0119846,0.5944,0.8123,0.5214,0.2308,0.448825
MOD13Q1_061__250m_16_days_NDVI_doy2007033000000_aid0001,_250m_16_days_NDVI,aid0001,2007-02-02,87531.0,-0.0277,0.975,"(-0.0277,0.975)",0.4962936,0.1098634,0.01207,0.5665,0.7785,0.4941,0.2134,0.4251
MOD13Q1_061__250m_16_days_NDVI_doy2007049000000_aid0001,_250m_16_days_NDVI,aid0001,2007-02-18,87514.0,-0.0567,0.9964,"(-0.0567,0.9964)",0.5197027,0.1427427,0.0203755,0.613,0.8517,0.5382,0.2122,0.4526
MOD13Q1_061__250m_16_days_NDVI_doy2007065000000_aid0001,_250m_16_days_NDVI,aid0001,2007-03-06,87530.0,-0.1734,0.9817,"(-0.1734,0.9817)",0.5308329,0.1391112,0.0193519,0.6215,0.8576,0.5466,0.2273,0.4638
MOD13Q1_061__250m_16_days_NDVI_doy2007081000000_aid0001,_250m_16_days_NDVI,aid0001,2007-03-22,87529.0,-0.0466,0.9197,"(-0.0466,0.9197)",0.5551124,0.0976972,0.0095447,0.6184,0.7976,0.5607,0.3198,0.4989
MOD13Q1_061__250m_16_days_NDVI_doy2007097000000_aid0001,_250m_16_days_NDVI,aid0001,2007-04-07,87531.0,-0.0201,0.9782,"(-0.0201,0.9782)",0.5771811,0.0813714,0.0066213,0.6303,0.7823,0.5791,0.3769,0.5289
MOD13Q1_061__250m_16_days_NDVI_doy2007113000000_aid0001,_250m_16_days_NDVI,aid0001,2007-04-23,87531.0,0.0531,0.9423,"(0.0531,0.9423)",0.5730429,0.0932372,0.0086932,0.6354,0.8226,0.5689,0.3234,0.5106
MOD13Q1_061__250m_16_days_NDVI_doy2007129000000_aid0001,_250m_16_days_NDVI,aid0001,2007-05-09,87531.0,-0.1909,0.9696,"(-0.1909,0.9696)",0.5747087,0.1118744,0.0125159,0.6582,0.898,0.5685,0.2583,0.4982
MOD13Q1_061__250m_16_days_NDVI_doy2007145000000_aid0001,_250m_16_days_NDVI,aid0001,2007-05-25,87531.0,-0.1947,0.9519,"(-0.1947,0.9519)",0.5489661,0.120856,0.0146062,0.6445,0.9048,0.537,0.1902,0.4618
MOD13Q1_061__250m_16_days_NDVI_doy2007161000000_aid0001,_250m_16_days_NDVI,aid0001,2007-06-10,87531.0,0.0836,0.9937,"(0.0836,0.9937)",0.6235236,0.1118322,0.0125064,0.7029,0.9125,0.6335,0.3377,0.5568
MOD13Q1_061__250m_16_days_NDVI_doy2007177000000_aid0001,_250m_16_days_NDVI,aid0001,2007-06-26,87525.0,-0.0362,0.9995,"(-0.0362,0.9995)",0.5728933,0.2401313,0.0576631,0.7722,0.9995,0.6512,-0.0362,0.3756
MOD13Q1_061__250m_16_days_NDVI_doy2007193000000_aid0001,_250m_16_days_NDVI,aid0001,2007-07-12,87522.0,0.0051,0.9993,"(0.0051,0.9993)",0.6198153,0.225572,0.0508827,0.7962,0.9993,0.6981,0.0131,0.4822
MOD13Q1_061__250m_16_days_NDVI_doy2007209000000_aid0001,_250m_16_days_NDVI,aid0001,2007-07-28,87526.0,-0.1198,0.9994,"(-0.1198,0.9994)",0.6993961,0.2103654,0.0442536,0.8317,0.9994,0.7819,0.3807,0.6513
MOD13Q1_061__250m_16_days_NDVI_doy2007225000000_aid0001,_250m_16_days_NDVI,aid0001,2007-08-13,87509.0,0.0055,0.9995,"(0.0055,0.9995)",0.692662,0.2069463,0.0428268,0.8209,0.9995,0.7811,0.4134,0.6579
MOD13Q1_061__250m_16_days_NDVI_doy2007241000000_aid0001,_250m_16_days_NDVI,aid0001,2007-08-29,87499.0,-0.072,0.9993,"(-0.072,0.9993)",0.700522,0.1973117,0.0389319,0.8292,0.9993,0.7744,0.3735,0.6469
MOD13Q1_061__250m_16_days_NDVI_doy2007257000000_aid0001,_250m_16_days_NDVI,aid0001,2007-09-14,87530.0,-0.0294,0.9992,"(-0.0294,0.9992)",0.7769276,0.0757605,0.0057397,0.8208,0.921,0.7888,0.6526,0.7535
MOD13Q1_061__250m_16_days_NDVI_doy2007273000000_aid0001,_250m_16_days_NDVI,aid0001,2007-09-30,87530.0,0.1024,0.9771,"(0.1024,0.9771)",0.7271508,0.0813766,0.0066222,0.7822,0.9249,0.7402,0.5405,0.6855
MOD13Q1_061__250m_16_days_NDVI_doy2007289000000_aid0001,_250m_16_days_NDVI,aid0001,2007-10-16,87531.0,-0.068,0.9771,"(-0.068,0.9771)",0.6573233,0.1020649,0.0104172,0.7286,0.9247,0.6666,0.3979,0.5963
MOD13Q1_061__250m_16_days_NDVI_doy2007305000000_aid0001,_250m_16_days_NDVI,aid0001,2007-11-01,87531.0,0.0701,0.9911,"(0.0701,0.9911)",0.5815081,0.105954,0.0112263,0.6535,0.8643,0.5849,0.3005,0.5123
MOD13Q1_061__250m_16_days_NDVI_doy2007321000000_aid0001,_250m_16_days_NDVI,aid0001,2007-11-17,87530.0,0.087,0.9963,"(0.087,0.9963)",0.5536265,0.1131962,0.0128134,0.6298,0.8596,0.5498,0.2469,0.4765
MOD13Q1_061__250m_16_days_NDVI_doy2007337000000_aid0001,_250m_16_days_NDVI,aid0001,2007-12-03,87527.0,-0.1932,0.9914,"(-0.1932,0.9914)",0.5495222,0.1170809,0.0137079,0.6245,0.855,0.5463,0.2403,0.4708
MOD13Q1_061__250m_16_days_NDVI_doy2007353000000_aid0001,_250m_16_days_NDVI,aid0001,2007-12-19,87519.0,-0.0487,0.9982,"(-0.0487,0.9982)",0.5326052,0.1241331,0.015409,0.6114,0.8565,0.5229,0.2032,0.448
MOD13Q1_061__250m_16_days_NDVI_doy2008001000000_aid0001,_250m_16_days_NDVI,aid0001,2008-01-01,87530.0,-0.0142,0.9912,"(-0.0142,0.9912)",0.4966411,0.1158578,0.013423,0.5674,0.7904,0.4887,0.196,0.4187
MOD13Q1_061__250m_16_days_NDVI_doy2008017000000_aid0001,_250m_16_days_NDVI,aid0001,2008-01-17,87510.0,-0.0671,0.9874,"(-0.0671,0.9874)",0.5030682,0.1475436,0.0217691,0.5929,0.8439,0.5098,0.1745,0.4255
MOD13Q1_061__250m_16_days_NDVI_doy2008033000000_aid0001,_250m_16_days_NDVI,aid0001,2008-02-02,87529.0,-0.0514,0.9958,"(-0.0514,0.9958)",0.4678359,0.1505884,0.0226769,0.5621,0.8237,0.476,0.1261,0.3877
MOD13Q1_061__250m_16_days_NDVI_doy2008049000000_aid0001,_250m_16_days_NDVI,aid0001,2008-02-18,87531.0,-0.0491,0.9955,"(-0.0491,0.9955)",0.5027503,0.1168549,0.0136551,0.5788,0.81,0.5008,0.1934,0.4246
MOD13Q1_061__250m_16_days_NDVI_doy2008065000000_aid0001,_250m_16_days_NDVI,aid0001,2008-03-05,87531.0,-0.0471,0.9186,"(-0.0471,0.9186)",0.5118659,0.0987278,0.0097472,0.5787,0.7806,0.5087,0.2428,0.444
MOD13Q1_061__250m_16_days_NDVI_doy2008081000000_aid0001,_250m_16_days_NDVI,aid0001,2008-03-21,87531.0,-0.0026,0.996,"(-0.0026,0.996)",0.4914506,0.0921523,0.008492,0.5511,0.7346,0.488,0.2452,0.4285
MOD13Q1_061__250m_16_days_NDVI_doy2008097000000_aid0001,_250m_16_days_NDVI,aid0001,2008-04-06,87531.0,-0.021,0.9926,"(-0.021,0.9926)",0.5336775,0.0963611,0.0092855,0.5982,0.7892,0.5342,0.2792,0.4705
MOD13Q1_061__250m_16_days_NDVI_doy2008113000000_aid0001,_250m_16_days_NDVI,aid0001,2008-04-22,87531.0,-0.0021,0.9846,"(-0.0021,0.9846)",0.5027111,0.1050382,0.011033,0.5767,0.7996,0.4947,0.2089,0.4281
MOD13Q1_061__250m_16_days_NDVI_doy2008129000000_aid0001,_250m_16_days_NDVI,aid0001,2008-05-08,87531.0,0.0148,0.9959,"(0.0148,0.9959)",0.5021563,0.1207362,0.0145772,0.5875,0.847,0.4831,0.1559,0.4145
MOD13Q1_061__250m_16_days_NDVI_doy2008145000000_aid0001,_250m_16_days_NDVI,aid0001,2008-05-24,87529.0,-0.1365,0.9929,"(-0.1365,0.9929)",0.5560829,0.1162122,0.0135053,0.6433,0.8938,0.5527,0.2179,0.4727
MOD13Q1_061__250m_16_days_NDVI_doy2008161000000_aid0001,_250m_16_days_NDVI,aid0001,2008-06-09,87530.0,-0.0991,0.998,"(-0.0991,0.998)",0.6489415,0.1671769,0.0279481,0.7498,0.9599,0.6986,0.3992,0.6095
MOD13Q1_061__250m_16_days_NDVI_doy2008177000000_aid0001,_250m_16_days_NDVI,aid0001,2008-06-25,87507.0,-0.1601,0.9995,"(-0.1601,0.9995)",0.5946019,0.2444983,0.0597794,0.7776,0.9995,0.6925,-0.0672,0.42765
MOD13Q1_061__250m_16_days_NDVI_doy2008193000000_aid0001,_250m_16_days_NDVI,aid0001,2008-07-11,87508.0,-0.0028,0.999,"(-0.0028,0.999)",0.6469597,0.2503867,0.0626935,0.8336,0.999,0.7583,-0.0028,0.4968
MOD13Q1_061__250m_16_days_NDVI_doy2008209000000_aid0001,_250m_16_days_NDVI,aid0001,2008-07-27,87512.0,-0.0241,0.9994,"(-0.0241,0.9994)",0.5520268,0.2941371,0.0865166,0.8177,0.9994,0.659,-0.0241,0.2554
MOD13Q1_061__250m_16_days_NDVI_doy2008225000000_aid0001,_250m_16_days_NDVI,aid0001,2008-08-12,87498.0,-0.0008,0.9992,"(-0.0008,0.9992)",0.6657163,0.2553243,0.0651905,0.8362,0.9992,0.7923,0.13,0.5537
MOD13Q1_061__250m_16_days_NDVI_doy2008241000000_aid0001,_250m_16_days_NDVI,aid0001,2008-08-28,87531.0,-0.1539,0.9933,"(-0.1539,0.9933)",0.7899104,0.0525015,0.0027564,0.8226,0.9057,0.7994,0.6836,0.767
MOD13Q1_061__250m_16_days_NDVI_doy2008257000000_aid0001,_250m_16_days_NDVI,aid0001,2008-09-13,87531.0,0.0642,0.9754,"(0.0642,0.9754)",0.7387615,0.0687352,0.0047245,0.785,0.9092,0.7494,0.5765,0.7016
MOD13Q1_061__250m_16_days_NDVI_doy2008273000000_aid0001,_250m_16_days_NDVI,aid0001,2008-09-29,87531.0,0.0591,0.9804,"(0.0591,0.9804)",0.6812408,0.0836618,0.0069993,0.7388,0.8962,0.6896,0.4721,0.6321
MOD13Q1_061__250m_16_days_NDVI_doy2008289000000_aid0001,_250m_16_days_NDVI,aid0001,2008-10-15,87531.0,0.0997,0.9647,"(0.0997,0.9647)",0.6477901,0.0830181,0.006892,0.7048,0.8628,0.654,0.4391,0.5985
MOD13Q1_061__250m_16_days_NDVI_doy2008305000000_aid0001,_250m_16_days_NDVI,aid0001,2008-10-31,87531.0,0.1221,0.9689,"(0.1221,0.9689)",0.6089839,0.0972862,0.0094646,0.6761,0.8657,0.6117,0.3536,0.5471
MOD13Q1_061__250m_16_days_NDVI_doy2008321000000_aid0001,_250m_16_days_NDVI,aid0001,2008-11-16,87530.0,-0.048,0.995,"(-0.048,0.995)",0.5904461,0.1039217,0.0107997,0.6609,0.8707,0.5891,0.3104,0.5207
MOD13Q1_061__250m_16_days_NDVI_doy2008337000000_aid0001,_250m_16_days_NDVI,aid0001,2008-12-02,87530.0,0.0951,0.9943,"(0.0951,0.9943)",0.5496903,0.0985994,0.0097218,0.6134,0.8091,0.5454,0.2869,0.4828
MOD13Q1_061__250m_16_days_NDVI_doy2008353000000_aid0001,_250m_16_days_NDVI,aid0001,2008-12-18,87530.0,-0.1673,0.9813,"(-0.1673,0.9813)",0.5586333,0.1110198,0.0123254,0.6304,0.8498,0.5518,0.2664,0.4841
MOD13Q1_061__250m_16_days_NDVI_doy2009001000000_aid0001,_250m_16_days_NDVI,aid0001,2009-01-01,87515.0,-0.0737,0.9957,"(-0.0737,0.9957)",0.5255277,0.108039,0.0116724,0.5918,0.7963,0.521,0.2508,0.4553
MOD13Q1_061__250m_16_days_NDVI_doy2009017000000_aid0001,_250m_16_days_NDVI,aid0001,2009-01-17,87531.0,-0.0739,0.994,"(-0.0739,0.994)",0.5353761,0.1080158,0.0116674,0.6045,0.8142,0.5294,0.2546,0.4644
MOD13Q1_061__250m_16_days_NDVI_doy2009033000000_aid0001,_250m_16_days_NDVI,aid0001,2009-02-02,87530.0,-0.0577,0.9922,"(-0.0577,0.9922)",0.5382447,0.1181327,0.0139553,0.6186,0.8622,0.5316,0.2127,0.4562
MOD13Q1_061__250m_16_days_NDVI_doy2009049000000_aid0001,_250m_16_days_NDVI,aid0001,2009-02-18,87531.0,-0.0358,0.9771,"(-0.0358,0.9771)",0.5138473,0.1113573,0.0124004,0.5908,0.8248,0.5065,0.2001,0.4345
MOD13Q1_061__250m_16_days_NDVI_doy2009065000000_aid0001,_250m_16_days_NDVI,aid0001,2009-03-06,87530.0,-0.0181,0.988,"(-0.0181,0.988)",0.5021584,0.1056421,0.0111603,0.5748,0.7966,0.4953,0.2046,0.4265
MOD13Q1_061__250m_16_days_NDVI_doy2009081000000_aid0001,_250m_16_days_NDVI,aid0001,2009-03-22,87531.0,-0.0645,0.9224,"(-0.0645,0.9224)",0.5068855,0.1070753,0.0114651,0.5799,0.8012,0.5034,0.2127,0.4323
MOD13Q1_061__250m_16_days_NDVI_doy2009097000000_aid0001,_250m_16_days_NDVI,aid0001,2009-04-07,87531.0,-0.0559,0.9869,"(-0.0559,0.9869)",0.5421034,0.0956979,0.0091581,0.6067,0.7993,0.5399,0.2854,0.4781
MOD13Q1_061__250m_16_days_NDVI_doy2009113000000_aid0001,_250m_16_days_NDVI,aid0001,2009-04-23,87531.0,-0.0612,0.967,"(-0.0612,0.967)",0.5022252,0.0948179,0.0089904,0.5675,0.7649,0.4966,0.2386,0.4359
MOD13Q1_061__250m_16_days_NDVI_doy2009129000000_aid0001,_250m_16_days_NDVI,aid0001,2009-05-09,87531.0,0.0134,0.8857,"(0.0134,0.8857)",0.5128807,0.1138162,0.0129541,0.5944,0.8398,0.4989,0.1855,0.4308
MOD13Q1_061__250m_16_days_NDVI_doy2009145000000_aid0001,_250m_16_days_NDVI,aid0001,2009-05-25,87530.0,-0.1846,0.9737,"(-0.1846,0.9737)",0.5147645,0.1229958,0.015128,0.605575,0.8763,0.49675,0.1544,0.4246
MOD13Q1_061__250m_16_days_NDVI_doy2009161000000_aid0001,_250m_16_days_NDVI,aid0001,2009-06-10,87531.0,-0.102,0.9799,"(-0.102,0.9799)",0.5079397,0.1258915,0.0158487,0.6005,0.8744,0.4901,0.1364,0.4134
MOD13Q1_061__250m_16_days_NDVI_doy2009177000000_aid0001,_250m_16_days_NDVI,aid0001,2009-06-26,87529.0,-0.1282,0.9911,"(-0.1282,0.9911)",0.5521262,0.1168365,0.0136508,0.6356,0.8805,0.5483,0.2244,0.4711
MOD13Q1_061__250m_16_days_NDVI_doy2009193000000_aid0001,_250m_16_days_NDVI,aid0001,2009-07-12,87529.0,-0.1398,0.9988,"(-0.1398,0.9988)",0.6165548,0.1606286,0.0258015,0.7224,0.9901,0.6414,0.276,0.5437
MOD13Q1_061__250m_16_days_NDVI_doy2009209000000_aid0001,_250m_16_days_NDVI,aid0001,2009-07-28,87517.0,0.0068,0.9993,"(0.0068,0.9993)",0.6296017,0.2352153,0.0553262,0.7986,0.9993,0.7328,0.1131,0.5244
MOD13Q1_061__250m_16_days_NDVI_doy2009225000000_aid0001,_250m_16_days_NDVI,aid0001,2009-08-13,87527.0,-0.0118,0.999,"(-0.0118,0.999)",0.7099564,0.2004348,0.0401741,0.8265,0.999,0.7871,0.4965,0.6945
MOD13Q1_061__250m_16_days_NDVI_doy2009241000000_aid0001,_250m_16_days_NDVI,aid0001,2009-08-29,87529.0,-0.072,0.9958,"(-0.072,0.9958)",0.8031793,0.0615268,0.0037856,0.8393,0.9233,0.8157,0.6988,0.7831
MOD13Q1_061__250m_16_days_NDVI_doy2009257000000_aid0001,_250m_16_days_NDVI,aid0001,2009-09-14,87531.0,0.0262,0.9957,"(0.0262,0.9957)",0.7822598,0.0545359,0.0029742,0.8162,0.8981,0.7922,0.6775,0.7607
MOD13Q1_061__250m_16_days_NDVI_doy2009273000000_aid0001,_250m_16_days_NDVI,aid0001,2009-09-30,87531.0,0.18,0.9871,"(0.18,0.9871)",0.7337382,0.0781624,0.0061094,0.7878,0.9338,0.7443,0.5431,0.6899
MOD13Q1_061__250m_16_days_NDVI_doy2009289000000_aid0001,_250m_16_days_NDVI,aid0001,2009-10-16,87531.0,0.1518,0.9846,"(0.1518,0.9846)",0.6664807,0.0848375,0.0071974,0.7241,0.883,0.6759,0.4534,0.6158
MOD13Q1_061__250m_16_days_NDVI_doy2009305000000_aid0001,_250m_16_days_NDVI,aid0001,2009-11-01,87529.0,0.0217,0.9925,"(0.0217,0.9925)",0.6143441,0.1016924,0.0103413,0.6843,0.8901,0.6182,0.3413,0.5471
MOD13Q1_061__250m_16_days_NDVI_doy2009321000000_aid0001,_250m_16_days_NDVI,aid0001,2009-11-17,87530.0,-0.0477,0.9922,"(-0.0477,0.9922)",0.5786006,0.1087439,0.0118252,0.652,0.8714,0.579,0.2861,0.5056
MOD13Q1_061__250m_16_days_NDVI_doy2009337000000_aid0001,_250m_16_days_NDVI,aid0001,2009-12-03,87531.0,-0.0597,0.9886,"(-0.0597,0.9886)",0.5533477,0.107757,0.0116116,0.625,0.8451,0.5482,0.2586,0.4782
MOD13Q1_061__250m_16_days_NDVI_doy2009353000000_aid0001,_250m_16_days_NDVI,aid0001,2009-12-19,87527.0,-0.0066,0.9944,"(-0.0066,0.9944)",0.5558447,0.1140399,0.0130051,0.63105,0.8631,0.551,0.2442,0.4761
MOD13Q1_061__250m_16_days_NDVI_doy2010001000000_aid0001,_250m_16_days_NDVI,aid0001,2010-01-01,87524.0,-0.082,0.9964,"(-0.082,0.9964)",0.5527552,0.118508,0.0140441,0.6296,0.8691,0.5462,0.2312,0.4699
MOD13Q1_061__250m_16_days_NDVI_doy2010017000000_aid0001,_250m_16_days_NDVI,aid0001,2010-01-17,87524.0,-0.0372,0.993,"(-0.0372,0.993)",0.5220642,0.1146024,0.0131337,0.5973,0.831,0.5149,0.208,0.4415
MOD13Q1_061__250m_16_days_NDVI_doy2010033000000_aid0001,_250m_16_days_NDVI,aid0001,2010-02-02,87531.0,-0.0603,0.9845,"(-0.0603,0.9845)",0.4983611,0.1093439,0.0119561,0.5674,0.7831,0.4915,0.2085,0.4236
MOD13Q1_061__250m_16_days_NDVI_doy2010049000000_aid0001,_250m_16_days_NDVI,aid0001,2010-02-18,87531.0,-0.0394,0.9895,"(-0.0394,0.9895)",0.5011921,0.1106923,0.0122528,0.574,0.7917,0.4971,0.211,0.42875
MOD13Q1_061__250m_16_days_NDVI_doy2010065000000_aid0001,_250m_16_days_NDVI,aid0001,2010-03-06,87531.0,-0.048,0.9699,"(-0.048,0.9699)",0.5313766,0.1043408,0.010887,0.6014,0.8129,0.5267,0.2488,0.4603
MOD13Q1_061__250m_16_days_NDVI_doy2010081000000_aid0001,_250m_16_days_NDVI,aid0001,2010-03-22,87531.0,0.0067,0.8519,"(0.0067,0.8519)",0.5159143,0.0956619,0.0091512,0.5852,0.7934,0.5126,0.2379,0.44605
MOD13Q1_061__250m_16_days_NDVI_doy2010097000000_aid0001,_250m_16_days_NDVI,aid0001,2010-04-07,87531.0,0.0006,0.842,"(0.0006,0.842)",0.499718,0.1039189,0.0107991,0.57455,0.7994,0.4935,0.1969,0.4234
MOD13Q1_061__250m_16_days_NDVI_doy2010113000000_aid0001,_250m_16_days_NDVI,aid0001,2010-04-23,87531.0,-0.107,0.9392,"(-0.107,0.9392)",0.4911637,0.1213421,0.0147239,0.5737,0.8324,0.4764,0.1435,0.401
MOD13Q1_061__250m_16_days_NDVI_doy2010129000000_aid0001,_250m_16_days_NDVI,aid0001,2010-05-09,87528.0,-0.0543,0.9571,"(-0.0543,0.9571)",0.5214042,0.1309034,0.0171357,0.6239,0.9187,0.5037,0.1207,0.4204
MOD13Q1_061__250m_16_days_NDVI_doy2010145000000_aid0001,_250m_16_days_NDVI,aid0001,2010-05-25,87531.0,-0.1693,0.9304,"(-0.1693,0.9304)",0.4972924,0.1214043,0.014739,0.594,0.868,0.4782,0.1238,0.4044
MOD13Q1_061__250m_16_days_NDVI_doy2010161000000_aid0001,_250m_16_days_NDVI,aid0001,2010-06-10,87531.0,-0.0646,0.9696,"(-0.0646,0.9696)",0.6038475,0.0938432,0.0088066,0.6717,0.8689,0.5991,0.3413,0.5395
MOD13Q1_061__250m_16_days_NDVI_doy2010177000000_aid0001,_250m_16_days_NDVI,aid0001,2010-06-26,87528.0,0.0279,0.9931,"(0.0279,0.9931)",0.6542934,0.1025832,0.0105233,0.721,0.8977,0.6584,0.4248,0.6025
MOD13Q1_061__250m_16_days_NDVI_doy2010193000000_aid0001,_250m_16_days_NDVI,aid0001,2010-07-12,87528.0,-0.1532,0.9988,"(-0.1532,0.9988)",0.6995634,0.1572306,0.0247214,0.7851,0.931,0.7464,0.5416,0.6877
MOD13Q1_061__250m_16_days_NDVI_doy2010209000000_aid0001,_250m_16_days_NDVI,aid0001,2010-07-28,87528.0,0.0085,0.9994,"(0.0085,0.9994)",0.6221119,0.2687385,0.0722204,0.826,0.9994,0.7492,0.0085,0.4178
MOD13Q1_061__250m_16_days_NDVI_doy2010225000000_aid0001,_250m_16_days_NDVI,aid0001,2010-08-13,87518.0,-0.0255,0.9992,"(-0.0255,0.9992)",0.6285505,0.3091891,0.0955979,0.8709,0.9992,0.8103,-0.0255,0.3304
MOD13Q1_061__250m_16_days_NDVI_doy2010241000000_aid0001,_250m_16_days_NDVI,aid0001,2010-08-29,87515.0,-0.1364,0.9993,"(-0.1364,0.9993)",0.6593623,0.2470797,0.0610484,0.834,0.9993,0.7839,0.0639,0.52595
MOD13Q1_061__250m_16_days_NDVI_doy2010257000000_aid0001,_250m_16_days_NDVI,aid0001,2010-09-14,87529.0,-0.1772,0.9988,"(-0.1772,0.9988)",0.7803213,0.0592843,0.0035146,0.8162,0.9077,0.7883,0.6637,0.7552
MOD13Q1_061__250m_16_days_NDVI_doy2010273000000_aid0001,_250m_16_days_NDVI,aid0001,2010-09-30,87531.0,0.0249,0.9847,"(0.0249,0.9847)",0.7364411,0.0640148,0.0040979,0.7802,0.8916,0.7463,0.5847,0.702
MOD13Q1_061__250m_16_days_NDVI_doy2010289000000_aid0001,_250m_16_days_NDVI,aid0001,2010-10-16,87531.0,0.0225,0.9782,"(0.0225,0.9782)",0.6674453,0.0863916,0.0074635,0.7265,0.8879,0.6774,0.457,0.6187
MOD13Q1_061__250m_16_days_NDVI_doy2010305000000_aid0001,_250m_16_days_NDVI,aid0001,2010-11-01,87531.0,-0.1615,0.9863,"(-0.1615,0.9863)",0.6289716,0.0936776,0.0087755,0.6918,0.8701,0.6348,0.3943,0.5728
MOD13Q1_061__250m_16_days_NDVI_doy2010321000000_aid0001,_250m_16_days_NDVI,aid0001,2010-11-17,87528.0,0.0307,0.9849,"(0.0307,0.9849)",0.6124523,0.0950776,0.0090397,0.6771,0.8652,0.6144,0.3637,0.5517
MOD13Q1_061__250m_16_days_NDVI_doy2010337000000_aid0001,_250m_16_days_NDVI,aid0001,2010-12-03,87530.0,0.0121,0.992,"(0.0121,0.992)",0.5818037,0.0974834,0.009503,0.6469,0.8414,0.5812,0.3214,0.5167
MOD13Q1_061__250m_16_days_NDVI_doy2010353000000_aid0001,_250m_16_days_NDVI,aid0001,2010-12-19,87531.0,-0.0895,0.9979,"(-0.0895,0.9979)",0.5505662,0.0987108,0.0097438,0.6136,0.807,0.5492,0.2912,0.48455
MOD13Q1_061__250m_16_days_NDVI_doy2011001000000_aid0001,_250m_16_days_NDVI,aid0001,2011-01-01,87522.0,-0.1112,0.9964,"(-0.1112,0.9964)",0.5257007,0.135821,0.0184473,0.6028,0.8068,0.5377,0.2625,0.4666
MOD13Q1_061__250m_16_days_NDVI_doy2011017000000_aid0001,_250m_16_days_NDVI,aid0001,2011-01-17,87516.0,-0.0506,0.9964,"(-0.0506,0.9964)",0.5263714,0.1240486,0.0153881,0.601,0.8186,0.5298,0.2384,0.4559
MOD13Q1_061__250m_16_days_NDVI_doy2011033000000_aid0001,_250m_16_days_NDVI,aid0001,2011-02-02,87531.0,-0.0885,0.9994,"(-0.0885,0.9994)",0.5222864,0.1188522,0.0141258,0.5988,0.8186,0.5263,0.232,0.45205
MOD13Q1_061__250m_16_days_NDVI_doy2011049000000_aid0001,_250m_16_days_NDVI,aid0001,2011-02-18,87529.0,-0.1365,0.9986,"(-0.1365,0.9986)",0.5203493,0.1544428,0.0238526,0.6214,0.8724,0.5438,0.2029,0.4539
MOD13Q1_061__250m_16_days_NDVI_doy2011065000000_aid0001,_250m_16_days_NDVI,aid0001,2011-03-06,87531.0,-0.0632,0.9984,"(-0.0632,0.9984)",0.5401599,0.1150104,0.0132274,0.6155,0.8266,0.5452,0.2629,0.4743
MOD13Q1_061__250m_16_days_NDVI_doy2011081000000_aid0001,_250m_16_days_NDVI,aid0001,2011-03-22,87531.0,-0.0368,0.8417,"(-0.0368,0.8417)",0.5482637,0.0881565,0.0077716,0.6066,0.77,0.5551,0.3339,0.4975
MOD13Q1_061__250m_16_days_NDVI_doy2011097000000_aid0001,_250m_16_days_NDVI,aid0001,2011-04-07,87531.0,-0.09,0.9611,"(-0.09,0.9611)",0.5676254,0.0929388,0.0086376,0.6256,0.7894,0.5723,0.3526,0.5164
MOD13Q1_061__250m_16_days_NDVI_doy2011113000000_aid0001,_250m_16_days_NDVI,aid0001,2011-04-23,87531.0,-0.0476,0.9793,"(-0.0476,0.9793)",0.5578797,0.0859483,0.0073871,0.612,0.7678,0.5613,0.3523,0.5081
MOD13Q1_061__250m_16_days_NDVI_doy2011129000000_aid0001,_250m_16_days_NDVI,aid0001,2011-05-09,87531.0,-0.0543,0.9363,"(-0.0543,0.9363)",0.5776655,0.1116837,0.0124733,0.656,0.8853,0.5742,0.2734,0.50295
MOD13Q1_061__250m_16_days_NDVI_doy2011145000000_aid0001,_250m_16_days_NDVI,aid0001,2011-05-25,87531.0,-0.0121,0.9955,"(-0.0121,0.9955)",0.6191585,0.1003617,0.0100725,0.6914,0.8989,0.6132,0.3445,0.5525
MOD13Q1_061__250m_16_days_NDVI_doy2011161000000_aid0001,_250m_16_days_NDVI,aid0001,2011-06-10,87531.0,0.0228,0.9981,"(0.0228,0.9981)",0.6373736,0.1019121,0.0103861,0.7083,0.9031,0.6381,0.3836,0.5784
MOD13Q1_061__250m_16_days_NDVI_doy2011177000000_aid0001,_250m_16_days_NDVI,aid0001,2011-06-26,87522.0,0.009,0.9994,"(0.009,0.9994)",0.6934472,0.1587763,0.0252099,0.783,0.9544,0.7317,0.4973,0.6687
MOD13Q1_061__250m_16_days_NDVI_doy2011193000000_aid0001,_250m_16_days_NDVI,aid0001,2011-07-12,87515.0,-0.0416,0.9991,"(-0.0416,0.9991)",0.6004191,0.2665885,0.0710694,0.80405,0.9991,0.7224,-0.0416,0.3804
MOD13Q1_061__250m_16_days_NDVI_doy2011209000000_aid0001,_250m_16_days_NDVI,aid0001,2011-07-28,87513.0,-0.0195,0.9995,"(-0.0195,0.9995)",0.5560593,0.2697681,0.0727749,0.8052,0.9995,0.613,-0.0195,0.3038
MOD13Q1_061__250m_16_days_NDVI_doy2011225000000_aid0001,_250m_16_days_NDVI,aid0001,2011-08-13,87490.0,0.0001,0.9995,"(0.0001,0.9995)",0.5580906,0.3025341,0.0915269,0.8422,0.9995,0.64175,0.0001,0.2522
MOD13Q1_061__250m_16_days_NDVI_doy2011241000000_aid0001,_250m_16_days_NDVI,aid0001,2011-08-29,87505.0,0.0009,0.9995,"(0.0009,0.9995)",0.6741322,0.237083,0.0562084,0.8356,0.9995,0.7889,0.1644,0.5671
MOD13Q1_061__250m_16_days_NDVI_doy2011257000000_aid0001,_250m_16_days_NDVI,aid0001,2011-09-14,87520.0,-0.0971,0.9986,"(-0.0971,0.9986)",0.7741465,0.084687,0.0071719,0.8185,0.9229,0.786,0.6445,0.7489
MOD13Q1_061__250m_16_days_NDVI_doy2011273000000_aid0001,_250m_16_days_NDVI,aid0001,2011-09-30,87531.0,0.0773,0.9879,"(0.0773,0.9879)",0.6928949,0.0873344,0.0076273,0.7514,0.9124,0.7014,0.4829,0.644
MOD13Q1_061__250m_16_days_NDVI_doy2011289000000_aid0001,_250m_16_days_NDVI,aid0001,2011-10-16,87531.0,0.0108,0.9708,"(0.0108,0.9708)",0.6557014,0.0929492,0.0086396,0.7193,0.8945,0.6649,0.4253,0.6017
MOD13Q1_061__250m_16_days_NDVI_doy2011305000000_aid0001,_250m_16_days_NDVI,aid0001,2011-11-01,87531.0,0.0021,0.9784,"(0.0021,0.9784)",0.6093809,0.1030896,0.0106275,0.67945,0.882,0.6129,0.3419,0.5444
MOD13Q1_061__250m_16_days_NDVI_doy2011321000000_aid0001,_250m_16_days_NDVI,aid0001,2011-11-17,87531.0,0.107,0.9797,"(0.107,0.9797)",0.5729838,0.1040735,0.0108313,0.6419,0.8467,0.5722,0.3003,0.5052
MOD13Q1_061__250m_16_days_NDVI_doy2011337000000_aid0001,_250m_16_days_NDVI,aid0001,2011-12-03,87530.0,-0.056,0.9905,"(-0.056,0.9905)",0.5656927,0.1070535,0.0114605,0.6352,0.8483,0.5612,0.2799,0.4929
MOD13Q1_061__250m_16_days_NDVI_doy2011353000000_aid0001,_250m_16_days_NDVI,aid0001,2011-12-19,87528.0,0.0114,0.9956,"(0.0114,0.9956)",0.5338022,0.1146091,0.0131352,0.6057,0.831,0.5247,0.2315,0.4555
MOD13Q1_061__250m_16_days_NDVI_doy2012001000000_aid0001,_250m_16_days_NDVI,aid0001,2012-01-01,87527.0,-0.0551,0.9903,"(-0.0551,0.9903)",0.4766949,0.169368,0.0286855,0.5801,0.827,0.5071,0.1684,0.4154
MOD13Q1_061__250m_16_days_NDVI_doy2012017000000_aid0001,_250m_16_days_NDVI,aid0001,2012-01-17,87499.0,-0.0908,0.9978,"(-0.0908,0.9978)",0.5097746,0.1510195,0.0228069,0.6008,0.8439,0.5258,0.1953,0.4386
MOD13Q1_061__250m_16_days_NDVI_doy2012033000000_aid0001,_250m_16_days_NDVI,aid0001,2012-02-02,87513.0,-0.1021,0.9921,"(-0.1021,0.9921)",0.4958692,0.1428494,0.0204059,0.584,0.8237,0.5052,0.1845,0.4242
MOD13Q1_061__250m_16_days_NDVI_doy2012049000000_aid0001,_250m_16_days_NDVI,aid0001,2012-02-18,87531.0,-0.0405,0.994,"(-0.0405,0.994)",0.5048709,0.1189358,0.0141457,0.5813,0.8076,0.5058,0.2044,0.4304
MOD13Q1_061__250m_16_days_NDVI_doy2012065000000_aid0001,_250m_16_days_NDVI,aid0001,2012-03-05,87531.0,-0.0221,0.9659,"(-0.0221,0.9659)",0.5328443,0.1129967,0.0127683,0.6093,0.8349,0.5341,0.233,0.4587
MOD13Q1_061__250m_16_days_NDVI_doy2012081000000_aid0001,_250m_16_days_NDVI,aid0001,2012-03-21,87531.0,-0.0221,0.8592,"(-0.0221,0.8592)",0.525524,0.0941435,0.008863,0.5885,0.7737,0.5269,0.2801,0.465
MOD13Q1_061__250m_16_days_NDVI_doy2012097000000_aid0001,_250m_16_days_NDVI,aid0001,2012-04-06,87529.0,0.0078,0.9817,"(0.0078,0.9817)",0.5769403,0.0941693,0.0088679,0.6385,0.8119,0.5836,0.3495,0.5229
MOD13Q1_061__250m_16_days_NDVI_doy2012113000000_aid0001,_250m_16_days_NDVI,aid0001,2012-04-22,87530.0,-0.1184,0.9984,"(-0.1184,0.9984)",0.5868675,0.0932097,0.0086881,0.6462,0.8151,0.5909,0.3648,0.5336
MOD13Q1_061__250m_16_days_NDVI_doy2012129000000_aid0001,_250m_16_days_NDVI,aid0001,2012-05-08,87531.0,0.028,0.9435,"(0.028,0.9435)",0.5567571,0.1000256,0.0100051,0.6255,0.8286,0.5547,0.2871,0.4901
MOD13Q1_061__250m_16_days_NDVI_doy2012145000000_aid0001,_250m_16_days_NDVI,aid0001,2012-05-24,87531.0,-0.0487,0.8722,"(-0.0487,0.8722)",0.508942,0.1188919,0.0141353,0.5994,0.8617,0.4906,0.1576,0.4215
MOD13Q1_061__250m_16_days_NDVI_doy2012161000000_aid0001,_250m_16_days_NDVI,aid0001,2012-06-09,87528.0,-0.1742,0.9388,"(-0.1742,0.9388)",0.4882404,0.1330325,0.0176976,0.589025,0.8882,0.4543,0.0937,0.3888
MOD13Q1_061__250m_16_days_NDVI_doy2012177000000_aid0001,_250m_16_days_NDVI,aid0001,2012-06-25,87531.0,-0.1489,0.9827,"(-0.1489,0.9827)",0.5125798,0.1389286,0.0193011,0.6198,0.9322,0.491,0.0969,0.4104
MOD13Q1_061__250m_16_days_NDVI_doy2012193000000_aid0001,_250m_16_days_NDVI,aid0001,2012-07-11,87530.0,0.0202,0.9983,"(0.0202,0.9983)",0.7208757,0.0996305,0.0099262,0.7843,0.9391,0.7411,0.5228,0.6797
MOD13Q1_061__250m_16_days_NDVI_doy2012209000000_aid0001,_250m_16_days_NDVI,aid0001,2012-07-27,87508.0,-0.0073,0.9987,"(-0.0073,0.9987)",0.5551727,0.2725158,0.0742649,0.7888,0.9987,0.6776,-0.0073,0.2947
MOD13Q1_061__250m_16_days_NDVI_doy2012225000000_aid0001,_250m_16_days_NDVI,aid0001,2012-08-12,87524.0,-0.0098,0.9995,"(-0.0098,0.9995)",0.589583,0.282897,0.0800307,0.835,0.9995,0.7044,-0.0098,0.328
MOD13Q1_061__250m_16_days_NDVI_doy2012241000000_aid0001,_250m_16_days_NDVI,aid0001,2012-08-28,87499.0,-0.1675,0.9995,"(-0.1675,0.9995)",0.6790483,0.2515807,0.0632928,0.8575,0.9995,0.8004,0.0778,0.5456
MOD13Q1_061__250m_16_days_NDVI_doy2012257000000_aid0001,_250m_16_days_NDVI,aid0001,2012-09-13,87531.0,0.1127,0.9963,"(0.1127,0.9963)",0.7996649,0.0553817,0.0030671,0.8334,0.9184,0.8066,0.6917,0.7767
MOD13Q1_061__250m_16_days_NDVI_doy2012273000000_aid0001,_250m_16_days_NDVI,aid0001,2012-09-29,87531.0,0.05,0.9842,"(0.05,0.9842)",0.7771479,0.0568421,0.003231,0.8136,0.9075,0.7856,0.6564,0.7507
MOD13Q1_061__250m_16_days_NDVI_doy2012289000000_aid0001,_250m_16_days_NDVI,aid0001,2012-10-15,87531.0,0.0112,0.9774,"(0.0112,0.9774)",0.6795075,0.0783766,0.0061429,0.732,0.8763,0.6854,0.49,0.6352
MOD13Q1_061__250m_16_days_NDVI_doy2012305000000_aid0001,_250m_16_days_NDVI,aid0001,2012-10-31,87531.0,0.13,0.9608,"(0.13,0.9608)",0.6355409,0.0964861,0.0093096,0.702,0.8912,0.6404,0.3835,0.5746
MOD13Q1_061__250m_16_days_NDVI_doy2012321000000_aid0001,_250m_16_days_NDVI,aid0001,2012-11-16,87530.0,0.0077,0.9945,"(0.0077,0.9945)",0.5905816,0.1045755,0.010936,0.6625,0.8734,0.5933,0.3111,0.5219
MOD13Q1_061__250m_16_days_NDVI_doy2012337000000_aid0001,_250m_16_days_NDVI,aid0001,2012-12-02,87527.0,-0.0266,0.9976,"(-0.0266,0.9976)",0.5801357,0.1145281,0.0131167,0.6566,0.8878,0.5777,0.2712,0.5024
MOD13Q1_061__250m_16_days_NDVI_doy2012353000000_aid0001,_250m_16_days_NDVI,aid0001,2012-12-18,87525.0,-0.115,0.9967,"(-0.115,0.9967)",0.5719107,0.1219467,0.014871,0.6515,0.8929,0.57,0.249,0.4904
MOD13Q1_061__250m_16_days_NDVI_doy2013001000000_aid0001,_250m_16_days_NDVI,aid0001,2013-01-01,87522.0,-0.0529,0.9967,"(-0.0529,0.9967)",0.5368747,0.1207289,0.0145755,0.6137,0.854,0.5288,0.2132,0.4535
MOD13Q1_061__250m_16_days_NDVI_doy2013017000000_aid0001,_250m_16_days_NDVI,aid0001,2013-01-17,87517.0,-0.103,0.9866,"(-0.103,0.9866)",0.490305,0.1671395,0.0279356,0.594,0.8583,0.5158,0.1533,0.4177
MOD13Q1_061__250m_16_days_NDVI_doy2013033000000_aid0001,_250m_16_days_NDVI,aid0001,2013-02-02,87512.0,-0.0624,0.9884,"(-0.0624,0.9884)",0.4998244,0.1620813,0.0262703,0.6027,0.8564,0.5271,0.179,0.4331
MOD13Q1_061__250m_16_days_NDVI_doy2013049000000_aid0001,_250m_16_days_NDVI,aid0001,2013-02-18,87531.0,-0.0625,0.9735,"(-0.0625,0.9735)",0.5269533,0.1282536,0.016449,0.6079,0.8262,0.54,0.2441,0.4623
MOD13Q1_061__250m_16_days_NDVI_doy2013065000000_aid0001,_250m_16_days_NDVI,aid0001,2013-03-06,87531.0,-0.1076,0.9898,"(-0.1076,0.9898)",0.5595057,0.110296,0.0121652,0.634,0.8423,0.5661,0.286,0.4948
MOD13Q1_061__250m_16_days_NDVI_doy2013081000000_aid0001,_250m_16_days_NDVI,aid0001,2013-03-22,87531.0,-0.064,0.9242,"(-0.064,0.9242)",0.6038316,0.0952254,0.0090679,0.6678,0.8402,0.6131,0.3743,0.5504
MOD13Q1_061__250m_16_days_NDVI_doy2013097000000_aid0001,_250m_16_days_NDVI,aid0001,2013-04-07,87531.0,-0.0313,0.9421,"(-0.0313,0.9421)",0.5882111,0.0810856,0.0065749,0.64065,0.7875,0.5928,0.396,0.5427
MOD13Q1_061__250m_16_days_NDVI_doy2013113000000_aid0001,_250m_16_days_NDVI,aid0001,2013-04-23,87531.0,-0.0038,0.9686,"(-0.0038,0.9686)",0.6029167,0.0833349,0.0069447,0.6569,0.8121,0.6062,0.3977,0.5532
MOD13Q1_061__250m_16_days_NDVI_doy2013129000000_aid0001,_250m_16_days_NDVI,aid0001,2013-05-09,87531.0,0.0278,0.8882,"(0.0278,0.8882)",0.5800466,0.1011782,0.010237,0.6495,0.8571,0.5758,0.3037,0.5111
MOD13Q1_061__250m_16_days_NDVI_doy2013145000000_aid0001,_250m_16_days_NDVI,aid0001,2013-05-25,87531.0,-0.0762,0.9905,"(-0.0762,0.9905)",0.5494594,0.115161,0.0132621,0.6333,0.8819,0.5357,0.2168,0.4667
MOD13Q1_061__250m_16_days_NDVI_doy2013161000000_aid0001,_250m_16_days_NDVI,aid0001,2013-06-10,87531.0,-0.1526,0.9983,"(-0.1526,0.9983)",0.6553043,0.1091934,0.0119232,0.7229,0.8931,0.6662,0.4372,0.6086
MOD13Q1_061__250m_16_days_NDVI_doy2013177000000_aid0001,_250m_16_days_NDVI,aid0001,2013-06-26,87531.0,0.0102,0.9984,"(0.0102,0.9984)",0.7516428,0.0844106,0.0071251,0.7981,0.9004,0.7667,0.6269,0.7296
MOD13Q1_061__250m_16_days_NDVI_doy2013193000000_aid0001,_250m_16_days_NDVI,aid0001,2013-07-12,87518.0,-0.0245,0.9995,"(-0.0245,0.9995)",0.6696934,0.2496821,0.0623411,0.836,0.9995,0.7863,0.186,0.576
MOD13Q1_061__250m_16_days_NDVI_doy2013209000000_aid0001,_250m_16_days_NDVI,aid0001,2013-07-28,87529.0,-0.1584,0.9993,"(-0.1584,0.9993)",0.6698954,0.2671565,0.0713726,0.8491,0.9993,0.804,0.1707,0.5777
MOD13Q1_061__250m_16_days_NDVI_doy2013225000000_aid0001,_250m_16_days_NDVI,aid0001,2013-08-13,87513.0,-0.0106,0.9995,"(-0.0106,0.9995)",0.6567262,0.2566425,0.0658654,0.8535,0.9995,0.7719,-0.0015,0.5091
MOD13Q1_061__250m_16_days_NDVI_doy2013241000000_aid0001,_250m_16_days_NDVI,aid0001,2013-08-29,87509.0,0.0019,0.9995,"(0.0019,0.9995)",0.7271064,0.2031721,0.0412789,0.8404,0.9995,0.8071,0.5592,0.7279
MOD13Q1_061__250m_16_days_NDVI_doy2013257000000_aid0001,_250m_16_days_NDVI,aid0001,2013-09-14,87531.0,-0.1443,0.9851,"(-0.1443,0.9851)",0.7837399,0.0579688,0.0033604,0.818,0.9029,0.7931,0.6763,0.7613
MOD13Q1_061__250m_16_days_NDVI_doy2013273000000_aid0001,_250m_16_days_NDVI,aid0001,2013-09-30,87500.0,-0.0502,0.9991,"(-0.0502,0.9991)",0.7138496,0.1419139,0.0201396,0.7915,0.9508,0.7483,0.526,0.6853
MOD13Q1_061__250m_16_days_NDVI_doy2013289000000_aid0001,_250m_16_days_NDVI,aid0001,2013-10-16,87531.0,-0.1806,0.9722,"(-0.1806,0.9722)",0.704084,0.0929591,0.0086414,0.7675,0.9344,0.7186,0.4888,0.656
MOD13Q1_061__250m_16_days_NDVI_doy2013305000000_aid0001,_250m_16_days_NDVI,aid0001,2013-11-01,87531.0,0.0127,0.9876,"(0.0127,0.9876)",0.6354328,0.1048125,0.0109857,0.7068,0.91,0.6455,0.3676,0.5711
MOD13Q1_061__250m_16_days_NDVI_doy2013321000000_aid0001,_250m_16_days_NDVI,aid0001,2013-11-17,87522.0,-0.0902,0.995,"(-0.0902,0.995)",0.6191965,0.1168472,0.0136533,0.6991,0.9313,0.6258,0.3119,0.5442
MOD13Q1_061__250m_16_days_NDVI_doy2013337000000_aid0001,_250m_16_days_NDVI,aid0001,2013-12-03,87526.0,-0.058,0.9886,"(-0.058,0.9886)",0.5903497,0.1168157,0.0136459,0.6697,0.9012,0.5965,0.2805,0.514
MOD13Q1_061__250m_16_days_NDVI_doy2013353000000_aid0001,_250m_16_days_NDVI,aid0001,2013-12-19,87530.0,-0.1173,0.9966,"(-0.1173,0.9966)",0.5742367,0.1177198,0.013858,0.6491,0.8762,0.5744,0.2706,0.4976
MOD13Q1_061__250m_16_days_NDVI_doy2014001000000_aid0001,_250m_16_days_NDVI,aid0001,2014-01-01,87520.0,-0.0934,0.9966,"(-0.0934,0.9966)",0.5533837,0.1256117,0.0157783,0.6342,0.8665,0.5597,0.2469,0.4792
MOD13Q1_061__250m_16_days_NDVI_doy2014017000000_aid0001,_250m_16_days_NDVI,aid0001,2014-01-17,87525.0,-0.0798,0.995,"(-0.0798,0.995)",0.5613419,0.1412633,0.0199553,0.6495,0.8885,0.5746,0.2506,0.4899
MOD13Q1_061__250m_16_days_NDVI_doy2014033000000_aid0001,_250m_16_days_NDVI,aid0001,2014-02-02,87528.0,-0.0756,0.9962,"(-0.0756,0.9962)",0.5489998,0.1564592,0.0244795,0.645,0.8916,0.5689,0.2339,0.4804
MOD13Q1_061__250m_16_days_NDVI_doy2014049000000_aid0001,_250m_16_days_NDVI,aid0001,2014-02-18,87530.0,-0.0482,0.9974,"(-0.0482,0.9974)",0.5104753,0.1428099,0.0203947,0.6032,0.8465,0.53,0.1947,0.4398
MOD13Q1_061__250m_16_days_NDVI_doy2014065000000_aid0001,_250m_16_days_NDVI,aid0001,2014-03-06,87531.0,-0.1303,0.9696,"(-0.1303,0.9696)",0.5643831,0.1224964,0.0150054,0.6456,0.8629,0.5787,0.2821,0.5002
MOD13Q1_061__250m_16_days_NDVI_doy2014081000000_aid0001,_250m_16_days_NDVI,aid0001,2014-03-22,87528.0,-0.0657,0.8983,"(-0.0657,0.8983)",0.5665191,0.0983832,0.0096792,0.6308,0.8075,0.5759,0.3363,0.513
MOD13Q1_061__250m_16_days_NDVI_doy2014097000000_aid0001,_250m_16_days_NDVI,aid0001,2014-04-07,87530.0,-0.0478,0.973,"(-0.0478,0.973)",0.6180962,0.0924484,0.0085467,0.6765,0.8327,0.6273,0.4162,0.5723
MOD13Q1_061__250m_16_days_NDVI_doy2014113000000_aid0001,_250m_16_days_NDVI,aid0001,2014-04-23,87531.0,-0.0565,0.9773,"(-0.0565,0.9773)",0.600816,0.0864816,0.0074791,0.65815,0.8221,0.6032,0.3848,0.5488
MOD13Q1_061__250m_16_days_NDVI_doy2014129000000_aid0001,_250m_16_days_NDVI,aid0001,2014-05-09,87531.0,-0.1114,0.9857,"(-0.1114,0.9857)",0.628664,0.090455,0.0081821,0.6906,0.8693,0.6267,0.3926,0.5714
MOD13Q1_061__250m_16_days_NDVI_doy2014145000000_aid0001,_250m_16_days_NDVI,aid0001,2014-05-25,87531.0,0.0102,0.9541,"(0.0102,0.9541)",0.5861872,0.1017365,0.0103503,0.6624,0.8722,0.5771,0.2924,0.5144
MOD13Q1_061__250m_16_days_NDVI_doy2014161000000_aid0001,_250m_16_days_NDVI,aid0001,2014-06-10,87531.0,0.0827,0.9847,"(0.0827,0.9847)",0.6211291,0.1010713,0.0102154,0.6934,0.8844,0.6231,0.3614,0.5606
MOD13Q1_061__250m_16_days_NDVI_doy2014177000000_aid0001,_250m_16_days_NDVI,aid0001,2014-06-26,87529.0,0.005,0.9987,"(0.005,0.9987)",0.6757795,0.1225784,0.0150255,0.7546,0.9391,0.6924,0.4471,0.6316
MOD13Q1_061__250m_16_days_NDVI_doy2014193000000_aid0001,_250m_16_days_NDVI,aid0001,2014-07-12,87519.0,-0.0128,0.9993,"(-0.0128,0.9993)",0.44669,0.2924118,0.0855047,0.7368,0.9993,0.3973,-0.0128,0.1702
MOD13Q1_061__250m_16_days_NDVI_doy2014209000000_aid0001,_250m_16_days_NDVI,aid0001,2014-07-28,87465.0,-0.0128,0.9995,"(-0.0128,0.9995)",0.640561,0.2756612,0.0759891,0.854,0.9995,0.7807,-0.0128,0.4351
MOD13Q1_061__250m_16_days_NDVI_doy2014225000000_aid0001,_250m_16_days_NDVI,aid0001,2014-08-13,87531.0,-0.1196,0.9989,"(-0.1196,0.9989)",0.7820798,0.064473,0.0041568,0.8155,0.8891,0.7938,0.6924,0.76625
MOD13Q1_061__250m_16_days_NDVI_doy2014241000000_aid0001,_250m_16_days_NDVI,aid0001,2014-08-29,87513.0,-0.0043,0.9994,"(-0.0043,0.9994)",0.7002386,0.220388,0.0485709,0.8376,0.9994,0.7966,0.3841,0.6562
MOD13Q1_061__250m_16_days_NDVI_doy2014257000000_aid0001,_250m_16_days_NDVI,aid0001,2014-09-14,87530.0,-0.1137,0.9989,"(-0.1137,0.9989)",0.7910212,0.0619888,0.0038426,0.8265,0.9112,0.8008,0.6853,0.77
MOD13Q1_061__250m_16_days_NDVI_doy2014273000000_aid0001,_250m_16_days_NDVI,aid0001,2014-09-30,87531.0,-0.035,0.9607,"(-0.035,0.9607)",0.7118211,0.0834474,0.0069635,0.7693,0.922,0.7239,0.5141,0.6672
MOD13Q1_061__250m_16_days_NDVI_doy2014289000000_aid0001,_250m_16_days_NDVI,aid0001,2014-10-16,87531.0,0.1475,0.991,"(0.1475,0.991)",0.669723,0.0950186,0.0090285,0.7359,0.9171,0.6805,0.4329,0.6147
MOD13Q1_061__250m_16_days_NDVI_doy2014305000000_aid0001,_250m_16_days_NDVI,aid0001,2014-11-01,87531.0,0.0203,0.9944,"(0.0203,0.9944)",0.6169594,0.1110952,0.0123421,0.6952,0.9183,0.6264,0.3185,0.5445
MOD13Q1_061__250m_16_days_NDVI_doy2014321000000_aid0001,_250m_16_days_NDVI,aid0001,2014-11-17,87529.0,-0.0622,0.9935,"(-0.0622,0.9935)",0.585044,0.1146635,0.0131477,0.6641,0.8967,0.5888,0.2751,0.5085
MOD13Q1_061__250m_16_days_NDVI_doy2014337000000_aid0001,_250m_16_days_NDVI,aid0001,2014-12-03,87531.0,-0.0651,0.9909,"(-0.0651,0.9909)",0.5733533,0.1175877,0.0138269,0.65455,0.8952,0.5808,0.252,0.4934
MOD13Q1_061__250m_16_days_NDVI_doy2014353000000_aid0001,_250m_16_days_NDVI,aid0001,2014-12-19,87509.0,-0.1005,0.997,"(-0.1005,0.997)",0.5491969,0.143273,0.0205272,0.6371,0.8884,0.5582,0.2181,0.4695
MOD13Q1_061__250m_16_days_NDVI_doy2015001000000_aid0001,_250m_16_days_NDVI,aid0001,2015-01-01,87512.0,-0.0733,0.9954,"(-0.0733,0.9954)",0.5426021,0.1477035,0.0218163,0.6302,0.8714,0.5539,0.228,0.4693
MOD13Q1_061__250m_16_days_NDVI_doy2015017000000_aid0001,_250m_16_days_NDVI,aid0001,2015-01-17,87521.0,-0.0874,0.9963,"(-0.0874,0.9963)",0.525719,0.1419862,0.0201601,0.614,0.8485,0.5432,0.223,0.4576
MOD13Q1_061__250m_16_days_NDVI_doy2015033000000_aid0001,_250m_16_days_NDVI,aid0001,2015-02-02,87528.0,-0.0614,0.9938,"(-0.0614,0.9938)",0.5513067,0.1273736,0.016224,0.6338,0.8665,0.5636,0.2451,0.4783
MOD13Q1_061__250m_16_days_NDVI_doy2015049000000_aid0001,_250m_16_days_NDVI,aid0001,2015-02-18,87523.0,-0.0789,0.9855,"(-0.0789,0.9855)",0.5578563,0.1598562,0.025554,0.6642,0.9129,0.5889,0.2448,0.4964
MOD13Q1_061__250m_16_days_NDVI_doy2015065000000_aid0001,_250m_16_days_NDVI,aid0001,2015-03-06,87527.0,-0.0741,0.995,"(-0.0741,0.995)",0.5789644,0.1296481,0.0168086,0.6625,0.8717,0.5986,0.3081,0.5207
MOD13Q1_061__250m_16_days_NDVI_doy2015081000000_aid0001,_250m_16_days_NDVI,aid0001,2015-03-22,87524.0,-0.1943,0.9925,"(-0.1943,0.9925)",0.574791,0.1145754,0.0131275,0.6534,0.8618,0.5883,0.2964,0.5106
MOD13Q1_061__250m_16_days_NDVI_doy2015097000000_aid0001,_250m_16_days_NDVI,aid0001,2015-04-07,87523.0,-0.1767,0.8793,"(-0.1767,0.8793)",0.6087433,0.0912905,0.008334,0.6674,0.8213,0.6212,0.4107,0.5647
MOD13Q1_061__250m_16_days_NDVI_doy2015113000000_aid0001,_250m_16_days_NDVI,aid0001,2015-04-23,87519.0,-0.1824,0.8764,"(-0.1824,0.8764)",0.6258402,0.0762205,0.0058096,0.6732,0.8025,0.6317,0.4575,0.5869
MOD13Q1_061__250m_16_days_NDVI_doy2015129000000_aid0001,_250m_16_days_NDVI,aid0001,2015-05-09,87527.0,-0.1908,0.9783,"(-0.1908,0.9783)",0.640775,0.0984506,0.0096925,0.7088,0.8998,0.6487,0.3901,0.5813
MOD13Q1_061__250m_16_days_NDVI_doy2015145000000_aid0001,_250m_16_days_NDVI,aid0001,2015-05-25,87528.0,-0.1834,0.9909,"(-0.1834,0.9909)",0.6139401,0.1064252,0.0113263,0.6846,0.894,0.6123,0.3322,0.5436
MOD13Q1_061__250m_16_days_NDVI_doy2015161000000_aid0001,_250m_16_days_NDVI,aid0001,2015-06-10,87517.0,-0.193,0.9985,"(-0.193,0.9985)",0.5847554,0.1216144,0.0147901,0.6781,0.9108,0.576,0.2308,0.4988
MOD13Q1_061__250m_16_days_NDVI_doy2015177000000_aid0001,_250m_16_days_NDVI,aid0001,2015-06-26,87529.0,-0.119,0.9929,"(-0.119,0.9929)",0.6395318,0.1211378,0.0146744,0.7266,0.9587,0.6468,0.3379,0.5711
MOD13Q1_061__250m_16_days_NDVI_doy2015193000000_aid0001,_250m_16_days_NDVI,aid0001,2015-07-12,87526.0,-0.0002,0.9993,"(-0.0002,0.9993)",0.7654681,0.1684483,0.0283748,0.8512,0.981,0.8199,0.634,0.7643
MOD13Q1_061__250m_16_days_NDVI_doy2015209000000_aid0001,_250m_16_days_NDVI,aid0001,2015-07-28,87518.0,-0.0842,0.9992,"(-0.0842,0.9992)",0.5483797,0.2946123,0.0867964,0.8262,0.9992,0.6243,-0.0842,0.2581
MOD13Q1_061__250m_16_days_NDVI_doy2015225000000_aid0001,_250m_16_days_NDVI,aid0001,2015-08-13,87505.0,-0.0752,0.9993,"(-0.0752,0.9993)",0.7648528,0.1794219,0.0321922,0.8576,0.9908,0.8236,0.6356,0.7688
MOD13Q1_061__250m_16_days_NDVI_doy2015241000000_aid0001,_250m_16_days_NDVI,aid0001,2015-08-29,87531.0,-0.0028,0.9854,"(-0.0028,0.9854)",0.7859962,0.0582819,0.0033968,0.822,0.9124,0.7972,0.6698,0.7611
MOD13Q1_061__250m_16_days_NDVI_doy2015257000000_aid0001,_250m_16_days_NDVI,aid0001,2015-09-14,87531.0,-0.155,0.996,"(-0.155,0.996)",0.774121,0.0650473,0.0042311,0.8157,0.9222,0.7848,0.6381,0.7446
MOD13Q1_061__250m_16_days_NDVI_doy2015273000000_aid0001,_250m_16_days_NDVI,aid0001,2015-09-30,87531.0,-0.1743,0.9811,"(-0.1743,0.9811)",0.7502183,0.0777659,0.0060475,0.802,0.9338,0.7649,0.5778,0.7123
MOD13Q1_061__250m_16_days_NDVI_doy2015289000000_aid0001,_250m_16_days_NDVI,aid0001,2015-10-16,87531.0,-0.1872,0.9746,"(-0.1872,0.9746)",0.6875865,0.0937256,0.0087845,0.7532,0.929,0.6996,0.4547,0.6338
MOD13Q1_061__250m_16_days_NDVI_doy2015305000000_aid0001,_250m_16_days_NDVI,aid0001,2015-11-01,87531.0,-0.128,0.9818,"(-0.128,0.9818)",0.6315582,0.1045128,0.0109229,0.7047,0.9097,0.6402,0.3622,0.5677
MOD13Q1_061__250m_16_days_NDVI_doy2015321000000_aid0001,_250m_16_days_NDVI,aid0001,2015-11-17,87526.0,-0.1609,0.997,"(-0.1609,0.997)",0.6223514,0.1213769,0.0147323,0.7052,0.951,0.6267,0.2955,0.5413
MOD13Q1_061__250m_16_days_NDVI_doy2015337000000_aid0001,_250m_16_days_NDVI,aid0001,2015-12-03,87526.0,-0.0878,0.9931,"(-0.0878,0.9931)",0.5870399,0.1181056,0.0139489,0.667,0.9047,0.5877,0.268,0.5073
MOD13Q1_061__250m_16_days_NDVI_doy2015353000000_aid0001,_250m_16_days_NDVI,aid0001,2015-12-19,87506.0,-0.1362,0.9985,"(-0.1362,0.9985)",0.5876396,0.1281406,0.01642,0.6705,0.9165,0.5902,0.2605,0.5065
MOD13Q1_061__250m_16_days_NDVI_doy2016001000000_aid0001,_250m_16_days_NDVI,aid0001,2016-01-01,87524.0,-0.0683,0.9952,"(-0.0683,0.9952)",0.5602772,0.1277953,0.0163316,0.6392,0.8819,0.5613,0.2347,0.4774
MOD13Q1_061__250m_16_days_NDVI_doy2016017000000_aid0001,_250m_16_days_NDVI,aid0001,2016-01-17,87525.0,-0.0645,0.9928,"(-0.0645,0.9928)",0.5282728,0.1194582,0.0142703,0.6015,0.8292,0.5269,0.222,0.4497
MOD13Q1_061__250m_16_days_NDVI_doy2016033000000_aid0001,_250m_16_days_NDVI,aid0001,2016-02-02,87531.0,-0.1724,0.9935,"(-0.1724,0.9935)",0.5443084,0.1241613,0.015416,0.6216,0.8568,0.5432,0.2294,0.4647
MOD13Q1_061__250m_16_days_NDVI_doy2016049000000_aid0001,_250m_16_days_NDVI,aid0001,2016-02-18,87531.0,-0.0918,0.9172,"(-0.0918,0.9172)",0.5172384,0.1039318,0.0108018,0.5847,0.79,0.5186,0.2427,0.4478
MOD13Q1_061__250m_16_days_NDVI_doy2016065000000_aid0001,_250m_16_days_NDVI,aid0001,2016-03-05,87530.0,-0.1875,0.9726,"(-0.1875,0.9726)",0.5718978,0.1148258,0.013185,0.6506,0.8715,0.5805,0.2799,0.5023
MOD13Q1_061__250m_16_days_NDVI_doy2016081000000_aid0001,_250m_16_days_NDVI,aid0001,2016-03-21,87531.0,-0.1302,0.9773,"(-0.1302,0.9773)",0.5690864,0.1045632,0.0109335,0.6362,0.8311,0.5694,0.3111,0.5061
MOD13Q1_061__250m_16_days_NDVI_doy2016097000000_aid0001,_250m_16_days_NDVI,aid0001,2016-04-06,87530.0,-0.1278,0.9474,"(-0.1278,0.9474)",0.5863278,0.0962964,0.009273,0.6532,0.845,0.5891,0.33,0.5238
MOD13Q1_061__250m_16_days_NDVI_doy2016113000000_aid0001,_250m_16_days_NDVI,aid0001,2016-04-22,87531.0,-0.1966,0.9581,"(-0.1966,0.9581)",0.5460088,0.1074302,0.0115413,0.6236,0.8532,0.5445,0.2405,0.4702
MOD13Q1_061__250m_16_days_NDVI_doy2016129000000_aid0001,_250m_16_days_NDVI,aid0001,2016-05-08,87525.0,-0.1975,0.9825,"(-0.1975,0.9825)",0.574395,0.1120175,0.0125479,0.6572,0.8977,0.5654,0.2533,0.4956
MOD13Q1_061__250m_16_days_NDVI_doy2016145000000_aid0001,_250m_16_days_NDVI,aid0001,2016-05-24,87525.0,-0.194,0.967,"(-0.194,0.967)",0.6038516,0.1116109,0.012457,0.6859,0.9051,0.6008,0.2993,0.531
MOD13Q1_061__250m_16_days_NDVI_doy2016161000000_aid0001,_250m_16_days_NDVI,aid0001,2016-06-09,87530.0,0.04,0.9994,"(0.04,0.9994)",0.6731008,0.090415,0.0081749,0.7303,0.8845,0.6835,0.4731,0.6274
MOD13Q1_061__250m_16_days_NDVI_doy2016177000000_aid0001,_250m_16_days_NDVI,aid0001,2016-06-25,87519.0,-0.001,0.999,"(-0.001,0.999)",0.6196374,0.239962,0.0575818,0.8011,0.999,0.7189,-0.001,0.4777
MOD13Q1_061__250m_16_days_NDVI_doy2016193000000_aid0001,_250m_16_days_NDVI,aid0001,2016-07-11,87528.0,-0.0332,0.9994,"(-0.0332,0.9994)",0.6885562,0.2215548,0.0490865,0.8283,0.9994,0.7895,0.3766,0.6476
MOD13Q1_061__250m_16_days_NDVI_doy2016209000000_aid0001,_250m_16_days_NDVI,aid0001,2016-07-27,87524.0,-0.1279,0.999,"(-0.1279,0.999)",0.7061144,0.2470749,0.061046,0.8658,0.999,0.8272,0.3128,0.644575
MOD13Q1_061__250m_16_days_NDVI_doy2016225000000_aid0001,_250m_16_days_NDVI,aid0001,2016-08-12,87513.0,-0.0769,0.9994,"(-0.0769,0.9994)",0.7231829,0.1996788,0.0398716,0.841,0.9994,0.8014,0.5038,0.7061
MOD13Q1_061__250m_16_days_NDVI_doy2016241000000_aid0001,_250m_16_days_NDVI,aid0001,2016-08-28,87498.0,-0.104,0.9994,"(-0.104,0.9994)",0.7263806,0.2016097,0.0406465,0.8486,0.9994,0.8054,0.4731,0.6984
MOD13Q1_061__250m_16_days_NDVI_doy2016257000000_aid0001,_250m_16_days_NDVI,aid0001,2016-09-13,87529.0,-0.1792,0.9989,"(-0.1792,0.9989)",0.7704247,0.1099002,0.0120781,0.8249,0.9288,0.7978,0.6515,0.7555
MOD13Q1_061__250m_16_days_NDVI_doy2016273000000_aid0001,_250m_16_days_NDVI,aid0001,2016-09-29,87531.0,0.0857,0.9789,"(0.0857,0.9789)",0.7131219,0.0839677,0.0070506,0.7698,0.9161,0.7291,0.5253,0.672
MOD13Q1_061__250m_16_days_NDVI_doy2016289000000_aid0001,_250m_16_days_NDVI,aid0001,2016-10-15,87531.0,-0.1678,0.9415,"(-0.1678,0.9415)",0.6646485,0.0972895,0.0094652,0.7328,0.9074,0.6803,0.4296,0.6115
MOD13Q1_061__250m_16_days_NDVI_doy2016305000000_aid0001,_250m_16_days_NDVI,aid0001,2016-10-31,87530.0,0.0152,0.9672,"(0.0152,0.9672)",0.5908689,0.1041825,0.010854,0.663575,0.8704,0.5951,0.3167,0.5248
MOD13Q1_061__250m_16_days_NDVI_doy2016321000000_aid0001,_250m_16_days_NDVI,aid0001,2016-11-16,87527.0,-0.1311,0.9949,"(-0.1311,0.9949)",0.5720237,0.1166129,0.0135986,0.6516,0.887,0.5755,0.259,0.4944
MOD13Q1_061__250m_16_days_NDVI_doy2016337000000_aid0001,_250m_16_days_NDVI,aid0001,2016-12-02,87528.0,-0.0507,0.9952,"(-0.0507,0.9952)",0.5346309,0.1172681,0.0137518,0.6083,0.8375,0.5293,0.2263,0.4555
MOD13Q1_061__250m_16_days_NDVI_doy2016353000000_aid0001,_250m_16_days_NDVI,aid0001,2016-12-18,87526.0,-0.062,0.9935,"(-0.062,0.9935)",0.5295792,0.124494,0.0154987,0.609,0.8574,0.5236,0.1948,0.4433
MOD13Q1_061__250m_16_days_NDVI_doy2017001000000_aid0001,_250m_16_days_NDVI,aid0001,2017-01-01,87529.0,-0.1111,0.9707,"(-0.1111,0.9707)",0.5259735,0.1177808,0.0138723,0.5996,0.8203,0.5279,0.2314,0.4522
MOD13Q1_061__250m_16_days_NDVI_doy2017017000000_aid0001,_250m_16_days_NDVI,aid0001,2017-01-17,87519.0,-0.1575,0.9954,"(-0.1575,0.9954)",0.505227,0.1495224,0.0223569,0.595,0.8401,0.5167,0.186,0.4314
MOD13Q1_061__250m_16_days_NDVI_doy2017033000000_aid0001,_250m_16_days_NDVI,aid0001,2017-02-02,87529.0,-0.1829,0.9962,"(-0.1829,0.9962)",0.5257059,0.1203114,0.0144748,0.6032,0.8365,0.5255,0.2141,0.4475
MOD13Q1_061__250m_16_days_NDVI_doy2017049000000_aid0001,_250m_16_days_NDVI,aid0001,2017-02-18,87530.0,-0.0774,0.9893,"(-0.0774,0.9893)",0.5660491,0.1108066,0.0122781,0.6401,0.8567,0.5692,0.2777,0.495
MOD13Q1_061__250m_16_days_NDVI_doy2017065000000_aid0001,_250m_16_days_NDVI,aid0001,2017-03-06,87531.0,-0.0477,0.9067,"(-0.0477,0.9067)",0.5504492,0.109777,0.012051,0.6243,0.8282,0.5577,0.2778,0.4854
MOD13Q1_061__250m_16_days_NDVI_doy2017081000000_aid0001,_250m_16_days_NDVI,aid0001,2017-03-22,87531.0,-0.1981,0.9958,"(-0.1981,0.9958)",0.5742168,0.0946051,0.0089501,0.6393,0.8234,0.5799,0.3311,0.516
MOD13Q1_061__250m_16_days_NDVI_doy2017097000000_aid0001,_250m_16_days_NDVI,aid0001,2017-04-07,87529.0,-0.1982,0.8372,"(-0.1982,0.8372)",0.5732625,0.0851723,0.0072543,0.6312,0.7954,0.5788,0.3575,0.5217
MOD13Q1_061__250m_16_days_NDVI_doy2017113000000_aid0001,_250m_16_days_NDVI,aid0001,2017-04-23,87516.0,-0.1991,0.9717,"(-0.1991,0.9717)",0.6042855,0.1027656,0.0105608,0.6749,0.8774,0.6068,0.3327,0.538
MOD13Q1_061__250m_16_days_NDVI_doy2017129000000_aid0001,_250m_16_days_NDVI,aid0001,2017-05-09,87531.0,-0.1635,0.9992,"(-0.1635,0.9992)",0.5779523,0.1112361,0.0123735,0.6555,0.8808,0.5744,0.2772,0.5041
MOD13Q1_061__250m_16_days_NDVI_doy2017145000000_aid0001,_250m_16_days_NDVI,aid0001,2017-05-25,87530.0,-0.1287,0.9785,"(-0.1287,0.9785)",0.6235283,0.1066972,0.0113843,0.7082,0.9326,0.6211,0.3101,0.5489
MOD13Q1_061__250m_16_days_NDVI_doy2017161000000_aid0001,_250m_16_days_NDVI,aid0001,2017-06-10,87527.0,-0.1229,0.9966,"(-0.1229,0.9966)",0.6516202,0.118989,0.0141584,0.7338,0.9578,0.6573,0.3604,0.5843
MOD13Q1_061__250m_16_days_NDVI_doy2017177000000_aid0001,_250m_16_days_NDVI,aid0001,2017-06-26,87521.0,0.0021,0.9993,"(0.0021,0.9993)",0.6310392,0.2104676,0.0442966,0.7766,0.9993,0.7013,0.2204,0.5541
MOD13Q1_061__250m_16_days_NDVI_doy2017193000000_aid0001,_250m_16_days_NDVI,aid0001,2017-07-12,87521.0,-0.0019,0.9994,"(-0.0019,0.9994)",0.6037416,0.2430569,0.0590767,0.8091,0.9994,0.6834,-0.0019,0.4168
MOD13Q1_061__250m_16_days_NDVI_doy2017209000000_aid0001,_250m_16_days_NDVI,aid0001,2017-07-28,87527.0,0.0006,0.9988,"(0.0006,0.9988)",0.3478998,0.2689931,0.0723573,0.51935,0.9988,0.2623,0.0006,0.1241
MOD13Q1_061__250m_16_days_NDVI_doy2017225000000_aid0001,_250m_16_days_NDVI,aid0001,2017-08-13,87521.0,-0.1036,0.9993,"(-0.1036,0.9993)",0.7507544,0.1730913,0.0299606,0.8398,0.9621,0.8105,0.6358,0.7582
MOD13Q1_061__250m_16_days_NDVI_doy2017241000000_aid0001,_250m_16_days_NDVI,aid0001,2017-08-29,87531.0,-0.002,0.9989,"(-0.002,0.9989)",0.7980769,0.0742779,0.0055172,0.8374,0.9272,0.8112,0.6874,0.7774
MOD13Q1_061__250m_16_days_NDVI_doy2017257000000_aid0001,_250m_16_days_NDVI,aid0001,2017-09-14,87529.0,-0.1864,0.997,"(-0.1864,0.997)",0.7724889,0.0732607,0.0053671,0.8177,0.9285,0.7886,0.6317,0.7433
MOD13Q1_061__250m_16_days_NDVI_doy2017273000000_aid0001,_250m_16_days_NDVI,aid0001,2017-09-30,87531.0,-0.134,0.9948,"(-0.134,0.9948)",0.7256856,0.0741248,0.0054945,0.775,0.9058,0.7359,0.5556,0.6872
MOD13Q1_061__250m_16_days_NDVI_doy2017289000000_aid0001,_250m_16_days_NDVI,aid0001,2017-10-16,87531.0,-0.1551,0.9773,"(-0.1551,0.9773)",0.6580978,0.0919117,0.0084478,0.72015,0.8903,0.6697,0.435,0.60605
MOD13Q1_061__250m_16_days_NDVI_doy2017305000000_aid0001,_250m_16_days_NDVI,aid0001,2017-11-01,87531.0,-0.0715,0.9904,"(-0.0715,0.9904)",0.5884347,0.0922157,0.0085037,0.6508,0.8273,0.5934,0.3563,0.533
MOD13Q1_061__250m_16_days_NDVI_doy2017321000000_aid0001,_250m_16_days_NDVI,aid0001,2017-11-17,87529.0,-0.1018,0.9923,"(-0.1018,0.9923)",0.5974198,0.110997,0.0123203,0.6729,0.8942,0.6027,0.304,0.5252
MOD13Q1_061__250m_16_days_NDVI_doy2017337000000_aid0001,_250m_16_days_NDVI,aid0001,2017-12-03,87529.0,-0.0991,0.9933,"(-0.0991,0.9933)",0.5868779,0.1137075,0.0129294,0.664,0.8935,0.5896,0.2821,0.5108
MOD13Q1_061__250m_16_days_NDVI_doy2017353000000_aid0001,_250m_16_days_NDVI,aid0001,2017-12-19,87529.0,-0.1746,0.9953,"(-0.1746,0.9953)",0.5583572,0.1148039,0.0131799,0.6333,0.8584,0.5605,0.2581,0.4832
MOD13Q1_061__250m_16_days_NDVI_doy2018001000000_aid0001,_250m_16_days_NDVI,aid0001,2018-01-01,87523.0,-0.1746,0.9967,"(-0.1746,0.9967)",0.5674752,0.1201665,0.01444,0.6446,0.8797,0.5677,0.2531,0.4878
MOD13Q1_061__250m_16_days_NDVI_doy2018017000000_aid0001,_250m_16_days_NDVI,aid0001,2018-01-17,87531.0,-0.0938,0.9953,"(-0.0938,0.9953)",0.5399989,0.1142506,0.0130532,0.613,0.8346,0.5407,0.2435,0.4652
MOD13Q1_061__250m_16_days_NDVI_doy2018033000000_aid0001,_250m_16_days_NDVI,aid0001,2018-02-02,87531.0,-0.0716,0.9866,"(-0.0716,0.9866)",0.5078742,0.1095703,0.0120056,0.5757,0.7861,0.5036,0.225,0.4354
MOD13Q1_061__250m_16_days_NDVI_doy2018049000000_aid0001,_250m_16_days_NDVI,aid0001,2018-02-18,87531.0,-0.0756,0.9801,"(-0.0756,0.9801)",0.5437937,0.1139539,0.0129855,0.6176,0.8338,0.546,0.2571,0.4734
MOD13Q1_061__250m_16_days_NDVI_doy2018065000000_aid0001,_250m_16_days_NDVI,aid0001,2018-03-06,87525.0,-0.1364,0.9878,"(-0.1364,0.9878)",0.5494039,0.1113627,0.0124016,0.6245,0.8471,0.5504,0.2539,0.4757
MOD13Q1_061__250m_16_days_NDVI_doy2018081000000_aid0001,_250m_16_days_NDVI,aid0001,2018-03-22,87531.0,-0.1454,0.9369,"(-0.1454,0.9369)",0.5525269,0.1027619,0.01056,0.624,0.8297,0.5565,0.281,0.4868
MOD13Q1_061__250m_16_days_NDVI_doy2018097000000_aid0001,_250m_16_days_NDVI,aid0001,2018-04-07,87531.0,-0.0984,0.9933,"(-0.0984,0.9933)",0.5887287,0.1032017,0.0106506,0.6597,0.8522,0.5976,0.3362,0.5303
MOD13Q1_061__250m_16_days_NDVI_doy2018113000000_aid0001,_250m_16_days_NDVI,aid0001,2018-04-23,87531.0,-0.1797,0.9533,"(-0.1797,0.9533)",0.5440972,0.0997976,0.0099596,0.6153,0.814,0.5472,0.2831,0.4824
MOD13Q1_061__250m_16_days_NDVI_doy2018129000000_aid0001,_250m_16_days_NDVI,aid0001,2018-05-09,87525.0,-0.1966,0.8816,"(-0.1966,0.8816)",0.5629367,0.1134834,0.0128785,0.6468,0.8816,0.5668,0.2542,0.4897
MOD13Q1_061__250m_16_days_NDVI_doy2018145000000_aid0001,_250m_16_days_NDVI,aid0001,2018-05-25,87530.0,-0.12,0.9581,"(-0.12,0.9581)",0.5396476,0.1214401,0.0147477,0.6216,0.8633,0.5331,0.2192,0.4604
MOD13Q1_061__250m_16_days_NDVI_doy2018161000000_aid0001,_250m_16_days_NDVI,aid0001,2018-06-10,87531.0,-0.1289,0.9946,"(-0.1289,0.9946)",0.6025371,0.106286,0.0112967,0.6782,0.8909,0.6091,0.3227,0.5359
MOD13Q1_061__250m_16_days_NDVI_doy2018177000000_aid0001,_250m_16_days_NDVI,aid0001,2018-06-26,87528.0,-0.1514,0.9907,"(-0.1514,0.9907)",0.6827859,0.0985028,0.0097028,0.7435,0.8914,0.7016,0.4961,0.6445
MOD13Q1_061__250m_16_days_NDVI_doy2018193000000_aid0001,_250m_16_days_NDVI,aid0001,2018-07-12,87522.0,-0.0704,0.9987,"(-0.0704,0.9987)",0.5338231,0.2844242,0.0808971,0.791,0.9987,0.6094,-0.0704,0.2544
MOD13Q1_061__250m_16_days_NDVI_doy2018209000000_aid0001,_250m_16_days_NDVI,aid0001,2018-07-28,87507.0,-0.1365,0.9992,"(-0.1365,0.9992)",0.6356409,0.2610048,0.0681235,0.8301,0.9992,0.7625,-0.0754,0.4669
MOD13Q1_061__250m_16_days_NDVI_doy2018225000000_aid0001,_250m_16_days_NDVI,aid0001,2018-08-13,87524.0,-0.013,0.9994,"(-0.013,0.9994)",0.6656551,0.2257894,0.0509809,0.8187,0.9994,0.7696,0.198,0.5704
MOD13Q1_061__250m_16_days_NDVI_doy2018241000000_aid0001,_250m_16_days_NDVI,aid0001,2018-08-29,87516.0,-0.0232,0.9993,"(-0.0232,0.9993)",0.5652678,0.2775601,0.0770396,0.8189,0.9993,0.6481,-0.0232,0.3073
MOD13Q1_061__250m_16_days_NDVI_doy2018257000000_aid0001,_250m_16_days_NDVI,aid0001,2018-09-14,87531.0,0.0258,0.9958,"(0.0258,0.9958)",0.7837088,0.0528451,0.0027926,0.8156,0.8982,0.7895,0.6779,0.7605
MOD13Q1_061__250m_16_days_NDVI_doy2018273000000_aid0001,_250m_16_days_NDVI,aid0001,2018-09-30,87524.0,-0.1992,0.9847,"(-0.1992,0.9847)",0.7652971,0.0622694,0.0038775,0.804,0.9028,0.7748,0.6393,0.7381
MOD13Q1_061__250m_16_days_NDVI_doy2018289000000_aid0001,_250m_16_days_NDVI,aid0001,2018-10-16,87529.0,-0.1973,0.9751,"(-0.1973,0.9751)",0.6870602,0.0738875,0.0054594,0.7356,0.8668,0.695,0.5159,0.6477
MOD13Q1_061__250m_16_days_NDVI_doy2018305000000_aid0001,_250m_16_days_NDVI,aid0001,2018-11-01,87528.0,-0.1465,0.9958,"(-0.1465,0.9958)",0.6702752,0.0981279,0.0096291,0.7369,0.9205,0.6796,0.4299,0.6141
MOD13Q1_061__250m_16_days_NDVI_doy2018321000000_aid0001,_250m_16_days_NDVI,aid0001,2018-11-17,87524.0,-0.1329,0.996,"(-0.1329,0.996)",0.6437132,0.1012955,0.0102608,0.7118,0.9096,0.648,0.3818,0.5798
MOD13Q1_061__250m_16_days_NDVI_doy2018337000000_aid0001,_250m_16_days_NDVI,aid0001,2018-12-03,87525.0,-0.1632,0.9967,"(-0.1632,0.9967)",0.5984976,0.1073281,0.0115193,0.6676,0.8756,0.5991,0.3206,0.5288
MOD13Q1_061__250m_16_days_NDVI_doy2018353000000_aid0001,_250m_16_days_NDVI,aid0001,2018-12-19,87522.0,-0.1186,0.9951,"(-0.1186,0.9951)",0.5840903,0.1130904,0.0127894,0.6575,0.8801,0.5842,0.2863,0.509
MOD13Q1_061__250m_16_days_NDVI_doy2019001000000_aid0001,_250m_16_days_NDVI,aid0001,2019-01-01,87509.0,-0.1619,0.9962,"(-0.1619,0.9962)",0.5658502,0.1250933,0.0156483,0.6425,0.8638,0.57,0.2736,0.4949
MOD13Q1_061__250m_16_days_NDVI_doy2019017000000_aid0001,_250m_16_days_NDVI,aid0001,2019-01-17,87518.0,-0.1937,0.9928,"(-0.1937,0.9928)",0.529791,0.138885,0.0192891,0.6149,0.8427,0.5454,0.2352,0.463
MOD13Q1_061__250m_16_days_NDVI_doy2019033000000_aid0001,_250m_16_days_NDVI,aid0001,2019-02-02,87526.0,-0.1811,0.9972,"(-0.1811,0.9972)",0.5106103,0.1766138,0.0311924,0.6222,0.8846,0.5501,0.1845,0.4471
MOD13Q1_061__250m_16_days_NDVI_doy2019049000000_aid0001,_250m_16_days_NDVI,aid0001,2019-02-18,87513.0,-0.1923,0.9885,"(-0.1923,0.9885)",0.5223156,0.1483694,0.0220135,0.6168,0.8465,0.5473,0.2321,0.4629
MOD13Q1_061__250m_16_days_NDVI_doy2019065000000_aid0001,_250m_16_days_NDVI,aid0001,2019-03-06,87519.0,-0.1819,0.9918,"(-0.1819,0.9918)",0.5478519,0.1340917,0.0179806,0.6349,0.8618,0.5641,0.2562,0.4834
MOD13Q1_061__250m_16_days_NDVI_doy2019081000000_aid0001,_250m_16_days_NDVI,aid0001,2019-03-22,87529.0,-0.1986,0.9787,"(-0.1986,0.9787)",0.5785316,0.1012208,0.0102457,0.6464,0.8278,0.5898,0.3427,0.5249
MOD13Q1_061__250m_16_days_NDVI_doy2019097000000_aid0001,_250m_16_days_NDVI,aid0001,2019-04-07,87520.0,-0.1821,0.9569,"(-0.1821,0.9569)",0.6086301,0.0901258,0.0081227,0.6664,0.8237,0.6163,0.4037,0.5613
MOD13Q1_061__250m_16_days_NDVI_doy2019113000000_aid0001,_250m_16_days_NDVI,aid0001,2019-04-23,87520.0,-0.1698,0.8871,"(-0.1698,0.8871)",0.6168623,0.0891428,0.0079464,0.674,0.8373,0.619,0.4018,0.5651
MOD13Q1_061__250m_16_days_NDVI_doy2019129000000_aid0001,_250m_16_days_NDVI,aid0001,2019-05-09,87511.0,-0.1803,0.9684,"(-0.1803,0.9684)",0.6016625,0.1096466,0.0120224,0.685,0.9192,0.5967,0.2892,0.5262
MOD13Q1_061__250m_16_days_NDVI_doy2019145000000_aid0001,_250m_16_days_NDVI,aid0001,2019-05-25,87509.0,-0.1949,0.919,"(-0.1949,0.919)",0.5974736,0.1203127,0.0144751,0.6909,0.919,0.5879,0.245,0.5124
MOD13Q1_061__250m_16_days_NDVI_doy2019161000000_aid0001,_250m_16_days_NDVI,aid0001,2019-06-10,87529.0,-0.1981,0.997,"(-0.1981,0.997)",0.5683311,0.1318021,0.0173718,0.6692,0.9567,0.5461,0.1757,0.4715
MOD13Q1_061__250m_16_days_NDVI_doy2019177000000_aid0001,_250m_16_days_NDVI,aid0001,2019-06-26,87529.0,-0.1493,0.9944,"(-0.1493,0.9944)",0.6096774,0.1285689,0.0165299,0.7111,0.9944,0.6022,0.2268,0.517
MOD13Q1_061__250m_16_days_NDVI_doy2019193000000_aid0001,_250m_16_days_NDVI,aid0001,2019-07-12,87512.0,0.006,0.9994,"(0.006,0.9994)",0.6106621,0.2507605,0.0628808,0.8002,0.9994,0.7187,0.006,0.4497
MOD13Q1_061__250m_16_days_NDVI_doy2019209000000_aid0001,_250m_16_days_NDVI,aid0001,2019-07-28,87521.0,-0.089,0.9994,"(-0.089,0.9994)",0.675037,0.2521588,0.0635841,0.8509,0.9994,0.7971,0.1594,0.5743
MOD13Q1_061__250m_16_days_NDVI_doy2019225000000_aid0001,_250m_16_days_NDVI,aid0001,2019-08-13,87523.0,-0.0925,0.9994,"(-0.0925,0.9994)",0.8202094,0.1101731,0.0121381,0.8723,0.9657,0.8456,0.7166,0.81
MOD13Q1_061__250m_16_days_NDVI_doy2019241000000_aid0001,_250m_16_days_NDVI,aid0001,2019-08-29,87518.0,0.0101,0.9995,"(0.0101,0.9995)",0.7383709,0.197235,0.0389016,0.8547,0.9995,0.8188,0.521,0.7212
MOD13Q1_061__250m_16_days_NDVI_doy2019257000000_aid0001,_250m_16_days_NDVI,aid0001,2019-09-14,87506.0,-0.1593,0.9992,"(-0.1593,0.9992)",0.7577229,0.1632604,0.026654,0.8438,0.985,0.8107,0.6078,0.7494
MOD13Q1_061__250m_16_days_NDVI_doy2019273000000_aid0001,_250m_16_days_NDVI,aid0001,2019-09-30,87529.0,-0.0805,0.9947,"(-0.0805,0.9947)",0.7842957,0.0697224,0.0048612,0.8306,0.9468,0.8007,0.6356,0.7526
MOD13Q1_061__250m_16_days_NDVI_doy2019289000000_aid0001,_250m_16_days_NDVI,aid0001,2019-10-16,87529.0,-0.0017,0.9569,"(-0.0017,0.9569)",0.7262165,0.0790026,0.0062414,0.7798,0.9214,0.738,0.5408,0.6842
MOD13Q1_061__250m_16_days_NDVI_doy2019305000000_aid0001,_250m_16_days_NDVI,aid0001,2019-11-01,87528.0,-0.1845,0.995,"(-0.1845,0.995)",0.6950649,0.0970839,0.0094253,0.7626,0.9507,0.707,0.4491,0.6372
MOD13Q1_061__250m_16_days_NDVI_doy2019321000000_aid0001,_250m_16_days_NDVI,aid0001,2019-11-17,87528.0,-0.1364,0.9931,"(-0.1364,0.9931)",0.668559,0.1052268,0.0110727,0.7387,0.9326,0.6806,0.4148,0.6091
MOD13Q1_061__250m_16_days_NDVI_doy2019337000000_aid0001,_250m_16_days_NDVI,aid0001,2019-12-03,87515.0,-0.1615,0.9936,"(-0.1615,0.9936)",0.6368906,0.1127105,0.0127037,0.7127,0.93,0.6455,0.3505,0.5678
MOD13Q1_061__250m_16_days_NDVI_doy2019353000000_aid0001,_250m_16_days_NDVI,aid0001,2019-12-19,87507.0,-0.1891,0.997,"(-0.1891,0.997)",0.6236914,0.1303948,0.0170028,0.7068,0.9368,0.6382,0.3226,0.5531
MOD13Q1_061__250m_16_days_NDVI_doy2020001000000_aid0001,_250m_16_days_NDVI,aid0001,2020-01-01,87527.0,-0.149,0.9941,"(-0.149,0.9941)",0.5821163,0.1366976,0.0186862,0.6681,0.8939,0.6025,0.2899,0.5168
MOD13Q1_061__250m_16_days_NDVI_doy2020017000000_aid0001,_250m_16_days_NDVI,aid0001,2020-01-17,87470.0,-0.1551,0.9978,"(-0.1551,0.9978)",0.5709902,0.1716212,0.0294538,0.6812,0.9543,0.6056,0.2253,0.4988
MOD13Q1_061__250m_16_days_NDVI_doy2020033000000_aid0001,_250m_16_days_NDVI,aid0001,2020-02-02,87525.0,-0.0811,0.9965,"(-0.0811,0.9965)",0.5826458,0.1336964,0.0178747,0.6666,0.8981,0.595,0.2802,0.512
MOD13Q1_061__250m_16_days_NDVI_doy2020049000000_aid0001,_250m_16_days_NDVI,aid0001,2020-02-18,87530.0,-0.1296,0.9987,"(-0.1296,0.9987)",0.5820816,0.1170998,0.0137124,0.6582,0.87,0.5944,0.3045,0.5167
MOD13Q1_061__250m_16_days_NDVI_doy2020065000000_aid0001,_250m_16_days_NDVI,aid0001,2020-03-05,87521.0,-0.1653,0.9932,"(-0.1653,0.9932)",0.5928618,0.1221077,0.0149103,0.6698,0.8716,0.609,0.3327,0.5349
MOD13Q1_061__250m_16_days_NDVI_doy2020081000000_aid0001,_250m_16_days_NDVI,aid0001,2020-03-21,87526.0,-0.1994,0.962,"(-0.1994,0.962)",0.6158971,0.0992944,0.0098594,0.679375,0.8455,0.629,0.401,0.568
MOD13Q1_061__250m_16_days_NDVI_doy2020097000000_aid0001,_250m_16_days_NDVI,aid0001,2020-04-06,87525.0,-0.163,0.9938,"(-0.163,0.9938)",0.598064,0.0964453,0.0093017,0.6576,0.8197,0.6069,0.3875,0.5495
MOD13Q1_061__250m_16_days_NDVI_doy2020113000000_aid0001,_250m_16_days_NDVI,aid0001,2020-04-22,87527.0,-0.1275,0.9828,"(-0.1275,0.9828)",0.6354855,0.0854491,0.0073015,0.6898,0.8401,0.6414,0.4393,0.5896
MOD13Q1_061__250m_16_days_NDVI_doy2020129000000_aid0001,_250m_16_days_NDVI,aid0001,2020-05-08,87525.0,-0.0911,0.9007,"(-0.0911,0.9007)",0.6417529,0.0964523,0.009303,0.7084,0.8949,0.6455,0.3935,0.5824
MOD13Q1_061__250m_16_days_NDVI_doy2020145000000_aid0001,_250m_16_days_NDVI,aid0001,2020-05-24,87523.0,-0.1734,0.9004,"(-0.1734,0.9004)",0.594766,0.102766,0.0105608,0.6708,0.8879,0.5911,0.3061,0.5247
MOD13Q1_061__250m_16_days_NDVI_doy2020161000000_aid0001,_250m_16_days_NDVI,aid0001,2020-06-09,87529.0,-0.1762,0.9886,"(-0.1762,0.9886)",0.6391207,0.1154679,0.0133328,0.7274,0.9668,0.6385,0.3254,0.5666
MOD13Q1_061__250m_16_days_NDVI_doy2020177000000_aid0001,_250m_16_days_NDVI,aid0001,2020-06-25,87529.0,-0.0669,0.9985,"(-0.0669,0.9985)",0.7165285,0.117456,0.0137959,0.7867,0.9598,0.7404,0.498,0.6712
MOD13Q1_061__250m_16_days_NDVI_doy2020193000000_aid0001,_250m_16_days_NDVI,aid0001,2020-07-11,87528.0,0.0134,0.9993,"(0.0134,0.9993)",0.7710408,0.1358847,0.0184647,0.8464,0.9926,0.8085,0.6027,0.7489
MOD13Q1_061__250m_16_days_NDVI_doy2020209000000_aid0001,_250m_16_days_NDVI,aid0001,2020-07-27,87507.0,-0.0088,0.9995,"(-0.0088,0.9995)",0.5978005,0.2701678,0.0729906,0.8324,0.9995,0.6875,-0.0088,0.3545
MOD13Q1_061__250m_16_days_NDVI_doy2020225000000_aid0001,_250m_16_days_NDVI,aid0001,2020-08-12,87519.0,-0.0684,0.9992,"(-0.0684,0.9992)",0.6149367,0.2717985,0.0738744,0.8402,0.9992,0.7303,-0.0684,0.3912
MOD13Q1_061__250m_16_days_NDVI_doy2020241000000_aid0001,_250m_16_days_NDVI,aid0001,2020-08-28,87502.0,-0.1605,0.999,"(-0.1605,0.999)",0.7384478,0.2030344,0.041223,0.8543,0.999,0.8172,0.5458,0.7309
MOD13Q1_061__250m_16_days_NDVI_doy2020257000000_aid0001,_250m_16_days_NDVI,aid0001,2020-09-13,87528.0,-0.0693,0.9944,"(-0.0693,0.9944)",0.7713765,0.0712551,0.0050773,0.8188,0.9363,0.7816,0.6218,0.74
MOD13Q1_061__250m_16_days_NDVI_doy2020273000000_aid0001,_250m_16_days_NDVI,aid0001,2020-09-29,87525.0,-0.1885,0.9699,"(-0.1885,0.9699)",0.7043588,0.095585,0.0091365,0.7715,0.9351,0.7185,0.4773,0.6538
MOD13Q1_061__250m_16_days_NDVI_doy2020289000000_aid0001,_250m_16_days_NDVI,aid0001,2020-10-15,87531.0,0.0385,0.9606,"(0.0385,0.9606)",0.6315416,0.1009953,0.0102,0.7006,0.8952,0.6372,0.3734,0.5697
MOD13Q1_061__250m_16_days_NDVI_doy2020305000000_aid0001,_250m_16_days_NDVI,aid0001,2020-10-31,87531.0,-0.0439,0.9774,"(-0.0439,0.9774)",0.5972344,0.1097193,0.0120383,0.6741,0.8988,0.5994,0.2983,0.5237
MOD13Q1_061__250m_16_days_NDVI_doy2020321000000_aid0001,_250m_16_days_NDVI,aid0001,2020-11-16,87528.0,-0.1745,0.9965,"(-0.1745,0.9965)",0.6074853,0.1196614,0.0143188,0.6875,0.9205,0.6098,0.2989,0.532
MOD13Q1_061__250m_16_days_NDVI_doy2020337000000_aid0001,_250m_16_days_NDVI,aid0001,2020-12-02,87524.0,-0.095,0.9975,"(-0.095,0.9975)",0.590576,0.1200672,0.0144161,0.6691,0.9026,0.5917,0.2799,0.5134
MOD13Q1_061__250m_16_days_NDVI_doy2020353000000_aid0001,_250m_16_days_NDVI,aid0001,2020-12-18,87521.0,-0.164,0.996,"(-0.164,0.996)",0.5653681,0.1217319,0.0148186,0.6421,0.8764,0.5638,0.2516,0.4859
MOD13Q1_061__250m_16_days_NDVI_doy2021001000000_aid0001,_250m_16_days_NDVI,aid0001,2021-01-01,87520.0,-0.15,0.9975,"(-0.15,0.9975)",0.5862556,0.1282418,0.016446,0.6704,0.924,0.5886,0.2478,0.5013
MOD13Q1_061__250m_16_days_NDVI_doy2021017000000_aid0001,_250m_16_days_NDVI,aid0001,2021-01-17,87528.0,-0.0101,0.9947,"(-0.0101,0.9947)",0.5540237,0.1184511,0.0140307,0.6302,0.8611,0.5536,0.2451,0.4758
MOD13Q1_061__250m_16_days_NDVI_doy2021033000000_aid0001,_250m_16_days_NDVI,aid0001,2021-02-02,87529.0,-0.0343,0.9979,"(-0.0343,0.9979)",0.539851,0.1155489,0.0133516,0.6146,0.8415,0.5375,0.2362,0.4632
MOD13Q1_061__250m_16_days_NDVI_doy2021049000000_aid0001,_250m_16_days_NDVI,aid0001,2021-02-18,87530.0,-0.0242,0.9328,"(-0.0242,0.9328)",0.5193023,0.1085636,0.0117861,0.5914,0.8125,0.513,0.2223,0.443725
MOD13Q1_061__250m_16_days_NDVI_doy2021065000000_aid0001,_250m_16_days_NDVI,aid0001,2021-03-06,87531.0,-0.0776,0.9872,"(-0.0776,0.9872)",0.5249301,0.1087207,0.0118202,0.5973,0.8179,0.5204,0.228,0.4494
MOD13Q1_061__250m_16_days_NDVI_doy2021081000000_aid0001,_250m_16_days_NDVI,aid0001,2021-03-22,87531.0,-0.06,0.8527,"(-0.06,0.8527)",0.5275203,0.1023853,0.0104827,0.5995,0.808,0.5274,0.2463,0.458
MOD13Q1_061__250m_16_days_NDVI_doy2021097000000_aid0001,_250m_16_days_NDVI,aid0001,2021-04-07,87531.0,-0.1083,0.9953,"(-0.1083,0.9953)",0.5273242,0.1064947,0.0113411,0.6026,0.8204,0.5291,0.2394,0.4573
MOD13Q1_061__250m_16_days_NDVI_doy2021113000000_aid0001,_250m_16_days_NDVI,aid0001,2021-04-23,87522.0,-0.1797,0.975,"(-0.1797,0.975)",0.5289321,0.1138713,0.0129667,0.6077,0.8361,0.52915,0.2274,0.4554
MOD13Q1_061__250m_16_days_NDVI_doy2021129000000_aid0001,_250m_16_days_NDVI,aid0001,2021-05-09,87525.0,-0.1478,0.9973,"(-0.1478,0.9973)",0.6261722,0.1017184,0.0103466,0.6923,0.8783,0.6294,0.3818,0.5681
MOD13Q1_061__250m_16_days_NDVI_doy2021145000000_aid0001,_250m_16_days_NDVI,aid0001,2021-05-25,87520.0,-0.1801,0.9144,"(-0.1801,0.9144)",0.6255737,0.0993597,0.0098723,0.693,0.8873,0.631,0.367,0.5626
MOD13Q1_061__250m_16_days_NDVI_doy2021161000000_aid0001,_250m_16_days_NDVI,aid0001,2021-06-10,87530.0,-0.1349,0.9838,"(-0.1349,0.9838)",0.7025387,0.0929791,0.0086451,0.7659,0.9388,0.7143,0.4734,0.6489
MOD13Q1_061__250m_16_days_NDVI_doy2021177000000_aid0001,_250m_16_days_NDVI,aid0001,2021-06-26,87528.0,0.0217,0.9991,"(0.0217,0.9991)",0.7213855,0.1024437,0.0104947,0.7819,0.9284,0.7377,0.5377,0.6842
MOD13Q1_061__250m_16_days_NDVI_doy2021193000000_aid0001,_250m_16_days_NDVI,aid0001,2021-07-12,87508.0,-0.0999,0.999,"(-0.0999,0.999)",0.6266367,0.2260409,0.0510945,0.7951,0.999,0.7082,0.015,0.4823
MOD13Q1_061__250m_16_days_NDVI_doy2021209000000_aid0001,_250m_16_days_NDVI,aid0001,2021-07-28,87512.0,-0.0067,0.9994,"(-0.0067,0.9994)",0.6606804,0.252368,0.0636896,0.8471,0.9994,0.7896,-0.0042,0.5062
MOD13Q1_061__250m_16_days_NDVI_doy2021225000000_aid0001,_250m_16_days_NDVI,aid0001,2021-08-13,87531.0,0.0185,0.9987,"(0.0185,0.9987)",0.7822103,0.0716103,0.005128,0.8197,0.907,0.7965,0.6742,0.7615
MOD13Q1_061__250m_16_days_NDVI_doy2021241000000_aid0001,_250m_16_days_NDVI,aid0001,2021-08-29,87530.0,-0.0191,0.9995,"(-0.0191,0.9995)",0.6884249,0.2187322,0.0478438,0.8215,0.9995,0.7875,0.3968,0.6516
MOD13Q1_061__250m_16_days_NDVI_doy2021257000000_aid0001,_250m_16_days_NDVI,aid0001,2021-09-14,87520.0,-0.196,0.9983,"(-0.196,0.9983)",0.7927924,0.120894,0.0146154,0.8501,0.9557,0.8218,0.6741,0.7797
MOD13Q1_061__250m_16_days_NDVI_doy2021273000000_aid0001,_250m_16_days_NDVI,aid0001,2021-09-30,87530.0,-0.1562,0.9978,"(-0.1562,0.9978)",0.7735452,0.0694202,0.0048192,0.8191,0.9382,0.7808,0.6194,0.7392
MOD13Q1_061__250m_16_days_NDVI_doy2021289000000_aid0001,_250m_16_days_NDVI,aid0001,2021-10-16,87517.0,-0.2,0.9968,"(-0.2,0.9968)",0.7448157,0.0753411,0.0056763,0.7943,0.9278,0.7523,0.5696,0.7044
MOD13Q1_061__250m_16_days_NDVI_doy2021305000000_aid0001,_250m_16_days_NDVI,aid0001,2021-11-01,87526.0,-0.1672,0.9942,"(-0.1672,0.9942)",0.6915326,0.0918147,0.0084299,0.7544,0.9304,0.6989,0.4599,0.6365
MOD13Q1_061__250m_16_days_NDVI_doy2021321000000_aid0001,_250m_16_days_NDVI,aid0001,2021-11-17,87529.0,-0.0982,0.9957,"(-0.0982,0.9957)",0.6348742,0.1001824,0.0100365,0.7012,0.8923,0.6394,0.3787,0.5722
MOD13Q1_061__250m_16_days_NDVI_doy2021337000000_aid0001,_250m_16_days_NDVI,aid0001,2021-12-03,87519.0,-0.1597,0.9939,"(-0.1597,0.9939)",0.6324104,0.1128675,0.0127391,0.7054,0.92,0.6372,0.3474,0.5622
MOD13Q1_061__250m_16_days_NDVI_doy2021353000000_aid0001,_250m_16_days_NDVI,aid0001,2021-12-19,87520.0,-0.0889,0.9961,"(-0.0889,0.9961)",0.5940702,0.1153121,0.0132969,0.6684,0.8898,0.5968,0.2994,0.5208
MOD13Q1_061__250m_16_days_NDVI_doy2022001000000_aid0001,_250m_16_days_NDVI,aid0001,2022-01-01,87524.0,-0.1156,0.9978,"(-0.1156,0.9978)",0.5851646,0.1248949,0.0155987,0.6611,0.8823,0.5903,0.2925,0.5136
MOD13Q1_061__250m_16_days_NDVI_doy2022017000000_aid0001,_250m_16_days_NDVI,aid0001,2022-01-17,87522.0,-0.1438,0.9974,"(-0.1438,0.9974)",0.5707677,0.164184,0.0269564,0.6692,0.9158,0.593,0.2582,0.5048
MOD13Q1_061__250m_16_days_NDVI_doy2022033000000_aid0001,_250m_16_days_NDVI,aid0001,2022-02-02,87523.0,-0.0791,0.9975,"(-0.0791,0.9975)",0.5534919,0.1536225,0.0235999,0.6521,0.9168,0.5766,0.2106,0.4755
MOD13Q1_061__250m_16_days_NDVI_doy2022049000000_aid0001,_250m_16_days_NDVI,aid0001,2022-02-18,87520.0,-0.1454,0.9959,"(-0.1454,0.9959)",0.5538357,0.1328109,0.0176387,0.6364,0.8619,0.5672,0.2591,0.485475
MOD13Q1_061__250m_16_days_NDVI_doy2022065000000_aid0001,_250m_16_days_NDVI,aid0001,2022-03-06,87527.0,-0.1979,0.9837,"(-0.1979,0.9837)",0.581857,0.1162734,0.0135195,0.66075,0.8865,0.5923,0.2845,0.5102
MOD13Q1_061__250m_16_days_NDVI_doy2022081000000_aid0001,_250m_16_days_NDVI,aid0001,2022-03-22,87529.0,-0.1929,0.9646,"(-0.1929,0.9646)",0.5982644,0.091178,0.0083134,0.6604,0.8346,0.6051,0.3699,0.5442
MOD13Q1_061__250m_16_days_NDVI_doy2022097000000_aid0001,_250m_16_days_NDVI,aid0001,2022-04-07,87530.0,-0.1549,0.9082,"(-0.1549,0.9082)",0.5908076,0.0933748,0.0087189,0.6516,0.8274,0.5943,0.3587,0.5344
MOD13Q1_061__250m_16_days_NDVI_doy2022113000000_aid0001,_250m_16_days_NDVI,aid0001,2022-04-23,87531.0,-0.1284,0.9267,"(-0.1284,0.9267)",0.5483597,0.10464,0.0109495,0.6156,0.8196,0.5461,0.2756,0.4796
MOD13Q1_061__250m_16_days_NDVI_doy2022129000000_aid0001,_250m_16_days_NDVI,aid0001,2022-05-09,87525.0,-0.1977,0.9099,"(-0.1977,0.9099)",0.5707032,0.1183866,0.0140154,0.6548,0.8901,0.5635,0.247,0.4914
MOD13Q1_061__250m_16_days_NDVI_doy2022145000000_aid0001,_250m_16_days_NDVI,aid0001,2022-05-25,87531.0,-0.1741,0.9743,"(-0.1741,0.9743)",0.5745383,0.1055739,0.0111459,0.6514,0.8787,0.5643,0.273,0.4998
MOD13Q1_061__250m_16_days_NDVI_doy2022161000000_aid0001,_250m_16_days_NDVI,aid0001,2022-06-10,87530.0,-0.1513,0.9745,"(-0.1513,0.9745)",0.6159248,0.1042941,0.0108773,0.6943,0.9195,0.611,0.3171,0.5434
MOD13Q1_061__250m_16_days_NDVI_doy2022177000000_aid0001,_250m_16_days_NDVI,aid0001,2022-06-26,87517.0,-0.18,0.9979,"(-0.18,0.9979)",0.6669208,0.145333,0.0211217,0.7696,0.9979,0.696,0.3409,0.5981
MOD13Q1_061__250m_16_days_NDVI_doy2022193000000_aid0001,_250m_16_days_NDVI,aid0001,2022-07-12,87527.0,-0.1559,0.9991,"(-0.1559,0.9991)",0.731313,0.2297451,0.0527828,0.8788,0.9991,0.8277,0.3977,0.68635
MOD13Q1_061__250m_16_days_NDVI_doy2022209000000_aid0001,_250m_16_days_NDVI,aid0001,2022-07-28,87519.0,-0.0962,0.9993,"(-0.0962,0.9993)",0.738987,0.2081355,0.0433204,0.8734,0.9993,0.8188,0.426,0.6944
MOD13Q1_061__250m_16_days_NDVI_doy2022225000000_aid0001,_250m_16_days_NDVI,aid0001,2022-08-13,87519.0,-0.1354,0.9995,"(-0.1354,0.9995)",0.8001446,0.122481,0.0150016,0.8589,0.9574,0.8295,0.6947,0.7932
MOD13Q1_061__250m_16_days_NDVI_doy2022241000000_aid0001,_250m_16_days_NDVI,aid0001,2022-08-29,87509.0,-0.0078,0.9996,"(-0.0078,0.9996)",0.7472861,0.1823625,0.0332561,0.8409,0.966,0.8081,0.6324,0.7575
MOD13Q1_061__250m_16_days_NDVI_doy2022257000000_aid0001,_250m_16_days_NDVI,aid0001,2022-09-14,87521.0,-0.172,0.9991,"(-0.172,0.9991)",0.7824172,0.0978643,0.0095774,0.8287,0.9254,0.8005,0.6675,0.7642
MOD13Q1_061__250m_16_days_NDVI_doy2022273000000_aid0001,_250m_16_days_NDVI,aid0001,2022-09-30,87523.0,-0.1828,0.991,"(-0.1828,0.991)",0.7669983,0.0697162,0.0048603,0.8108,0.9243,0.7783,0.6203,0.7346
MOD13Q1_061__250m_16_days_NDVI_doy2022289000000_aid0001,_250m_16_days_NDVI,aid0001,2022-10-16,87530.0,-0.149,0.9541,"(-0.149,0.9541)",0.6787072,0.0796101,0.0063378,0.7313,0.8733,0.6861,0.4928,0.6359
MOD13Q1_061__250m_16_days_NDVI_doy2022305000000_aid0001,_250m_16_days_NDVI,aid0001,2022-11-01,87529.0,-0.0513,0.971,"(-0.0513,0.971)",0.6721289,0.0891229,0.0079429,0.7313,0.8968,0.678,0.4543,0.6205
MOD13Q1_061__250m_16_days_NDVI_doy2022321000000_aid0001,_250m_16_days_NDVI,aid0001,2022-11-17,87527.0,-0.0452,0.997,"(-0.0452,0.997)",0.6437271,0.1003388,0.0100679,0.7111,0.9052,0.6491,0.3873,0.5815
MOD13Q1_061__250m_16_days_NDVI_doy2022337000000_aid0001,_250m_16_days_NDVI,aid0001,2022-12-03,87524.0,-0.0701,0.9972,"(-0.0701,0.9972)",0.5945777,0.1018272,0.0103688,0.6633,0.8657,0.5973,0.3253,0.528
MOD13Q1_061__250m_16_days_NDVI_doy2022353000000_aid0001,_250m_16_days_NDVI,aid0001,2022-12-19,87527.0,-0.1414,0.9966,"(-0.1414,0.9966)",0.5725567,0.1017364,0.0103503,0.637,0.8321,0.5723,0.3121,0.5069
MOD13Q1_061__250m_16_days_NDVI_doy2023001000000_aid0001,_250m_16_days_NDVI,aid0001,2023-01-01,87526.0,-0.1355,0.9962,"(-0.1355,0.9962)",0.5695185,0.110469,0.0122034,0.6387,0.8434,0.571,0.2975,0.5022
MOD13Q1_061__250m_16_days_NDVI_doy2023017000000_aid0001,_250m_16_days_NDVI,aid0001,2023-01-17,87505.0,-0.1425,0.9961,"(-0.1425,0.9961)",0.5654868,0.1259156,0.0158547,0.6413,0.8568,0.5719,0.2818,0.4975
MOD13Q1_061__250m_16_days_NDVI_doy2023033000000_aid0001,_250m_16_days_NDVI,aid0001,2023-02-02,87528.0,-0.1341,0.9938,"(-0.1341,0.9938)",0.5464834,0.1136639,0.0129195,0.6194,0.8349,0.5485,0.2592,0.4753
MOD13Q1_061__250m_16_days_NDVI_doy2023049000000_aid0001,_250m_16_days_NDVI,aid0001,2023-02-18,87525.0,-0.1956,0.9869,"(-0.1956,0.9869)",0.5699437,0.1112186,0.0123696,0.6424,0.8582,0.5702,0.2827,0.4985
MOD13Q1_061__250m_16_days_NDVI_doy2023065000000_aid0001,_250m_16_days_NDVI,aid0001,2023-03-06,87530.0,-0.1582,0.9964,"(-0.1582,0.9964)",0.5729209,0.1098015,0.0120564,0.6472,0.8635,0.5746,0.2867,0.503
MOD13Q1_061__250m_16_days_NDVI_doy2023081000000_aid0001,_250m_16_days_NDVI,aid0001,2023-03-22,87530.0,-0.1442,0.9973,"(-0.1442,0.9973)",0.5932967,0.1131157,0.0127952,0.6692,0.8801,0.6018,0.3177,0.5285
MOD13Q1_061__250m_16_days_NDVI_doy2023097000000_aid0001,_250m_16_days_NDVI,aid0001,2023-04-07,87531.0,-0.0521,0.9959,"(-0.0521,0.9959)",0.5861521,0.0910609,0.0082921,0.64645,0.8107,0.5951,0.3705,0.536
MOD13Q1_061__250m_16_days_NDVI_doy2023113000000_aid0001,_250m_16_days_NDVI,aid0001,2023-04-23,87531.0,-0.0877,0.9979,"(-0.0877,0.9979)",0.6070581,0.0898097,0.0080658,0.6622,0.8105,0.6139,0.414,0.5629
MOD13Q1_061__250m_16_days_NDVI_doy2023129000000_aid0001,_250m_16_days_NDVI,aid0001,2023-05-09,87523.0,-0.1786,0.8978,"(-0.1786,0.8978)",0.6373892,0.0841515,0.0070815,0.6921,0.8487,0.6384,0.4311,0.5877
MOD13Q1_061__250m_16_days_NDVI_doy2023145000000_aid0001,_250m_16_days_NDVI,aid0001,2023-05-25,87511.0,-0.1872,0.9918,"(-0.1872,0.9918)",0.6777342,0.0905015,0.0081905,0.7346,0.8933,0.6803,0.4689,0.6283
MOD13Q1_061__250m_16_days_NDVI_doy2023161000000_aid0001,_250m_16_days_NDVI,aid0001,2023-06-10,87523.0,-0.1951,0.9793,"(-0.1951,0.9793)",0.6513084,0.0982707,0.0096571,0.7192,0.9085,0.653,0.4022,0.5924
MOD13Q1_061__250m_16_days_NDVI_doy2023177000000_aid0001,_250m_16_days_NDVI,aid0001,2023-06-26,87519.0,-0.0068,0.9994,"(-0.0068,0.9994)",0.6038715,0.2336517,0.0545931,0.783,0.9994,0.6874,-0.0068,0.4465
MOD13Q1_061__250m_16_days_NDVI_doy2023193000000_aid0001,_250m_16_days_NDVI,aid0001,2023-07-12,87518.0,-0.1111,0.9993,"(-0.1111,0.9993)",0.6773076,0.2261205,0.0511305,0.8171,0.9993,0.7796,0.3441,0.6279
MOD13Q1_061__250m_16_days_NDVI_doy2023209000000_aid0001,_250m_16_days_NDVI,aid0001,2023-07-28,87488.0,-0.0138,0.9994,"(-0.0138,0.9994)",0.6144644,0.270977,0.0734286,0.8435,0.9994,0.7206,-0.0138,0.3881
MOD13Q1_061__250m_16_days_NDVI_doy2023225000000_aid0001,_250m_16_days_NDVI,aid0001,2023-08-13,87509.0,-0.1729,0.9995,"(-0.1729,0.9995)",0.6278062,0.2394538,0.0573381,0.8152,0.9995,0.7289,-0.0035,0.4545
MOD13Q1_061__250m_16_days_NDVI_doy2023241000000_aid0001,_250m_16_days_NDVI,aid0001,2023-08-29,87524.0,-0.145,0.9958,"(-0.145,0.9958)",0.8092058,0.0638055,0.0040711,0.8421,0.9174,0.8177,0.7166,0.7919
MOD13Q1_061__250m_16_days_NDVI_doy2023257000000_aid0001,_250m_16_days_NDVI,aid0001,2023-09-14,87530.0,0.0494,0.9976,"(0.0494,0.9976)",0.7538916,0.0660174,0.0043583,0.7965,0.9055,0.7633,0.6143,0.7236
MOD13Q1_061__250m_16_days_NDVI_doy2023273000000_aid0001,_250m_16_days_NDVI,aid0001,2023-09-30,87530.0,-0.1549,0.9705,"(-0.1549,0.9705)",0.7364013,0.0814125,0.006628,0.7933,0.9411,0.74715,0.5418,0.6926
MOD13Q1_061__250m_16_days_NDVI_doy2023289000000_aid0001,_250m_16_days_NDVI,aid0001,2023-10-16,87531.0,-0.1561,0.9558,"(-0.1561,0.9558)",0.6977589,0.0850383,0.0072315,0.75475,0.9085,0.7064,0.4977,0.6519
MOD13Q1_061__250m_16_days_NDVI_doy2023305000000_aid0001,_250m_16_days_NDVI,aid0001,2023-11-01,87531.0,-0.1197,0.9897,"(-0.1197,0.9897)",0.6567425,0.0956186,0.0091429,0.7211,0.9001,0.6651,0.4222,0.6014
MOD13Q1_061__250m_16_days_NDVI_doy2023321000000_aid0001,_250m_16_days_NDVI,aid0001,2023-11-17,87531.0,0.0104,0.9945,"(0.0104,0.9945)",0.6199,0.103891,0.0107933,0.6886,0.8885,0.6243,0.3551,0.5552
MOD13Q1_061__250m_16_days_NDVI_doy2023337000000_aid0001,_250m_16_days_NDVI,aid0001,2023-12-03,87529.0,-0.1671,0.9928,"(-0.1671,0.9928)",0.5999855,0.1067957,0.0114053,0.6702,0.8759,0.603,0.3261,0.5325
MOD13Q1_061__250m_16_days_NDVI_doy2023353000000_aid0001,_250m_16_days_NDVI,aid0001,2023-12-19,87530.0,0.024,0.9945,"(0.024,0.9945)",0.5730587,0.118444,0.014029,0.6496,0.8798,0.575,0.2656,0.496
MOD13Q1_061__250m_16_days_NDVI_doy2024001000000_aid0001,_250m_16_days_NDVI,aid0001,2024-01-01,87531.0,-0.0978,0.9958,"(-0.0978,0.9958)",0.5422121,0.1171317,0.0137198,0.6149,0.8391,0.5362,0.2415,0.4654
MOD13Q1_061__250m_16_days_NDVI_doy2024017000000_aid0001,_250m_16_days_NDVI,aid0001,2024-01-17,87531.0,-0.0312,0.9733,"(-0.0312,0.9733)",0.5062101,0.1130043,0.01277,0.5762,0.7947,0.4986,0.212,0.4305
MOD13Q1_061__250m_16_days_NDVI_doy2024033000000_aid0001,_250m_16_days_NDVI,aid0001,2024-02-02,87524.0,-0.0949,0.9966,"(-0.0949,0.9966)",0.5383429,0.135821,0.0184473,0.6184,0.8498,0.5404,0.2328,0.4641
MOD13Q1_061__250m_16_days_NDVI_doy2024049000000_aid0001,_250m_16_days_NDVI,aid0001,2024-02-18,87520.0,-0.1972,0.9913,"(-0.1972,0.9913)",0.5565376,0.1309912,0.0171587,0.6366,0.8673,0.5575,0.2522,0.4828
MOD13Q1_061__250m_16_days_NDVI_doy2024065000000_aid0001,_250m_16_days_NDVI,aid0001,2024-03-05,87529.0,-0.1675,0.9693,"(-0.1675,0.9693)",0.5413119,0.1105978,0.0122319,0.61,0.8094,0.5416,0.2768,0.4767
MOD13Q1_061__250m_16_days_NDVI_doy2024081000000_aid0001,_250m_16_days_NDVI,aid0001,2024-03-21,87520.0,-0.167,0.9908,"(-0.167,0.9908)",0.6003909,0.1007865,0.0101579,0.665,0.8466,0.6037,0.3628,0.5439
MOD13Q1_061__250m_16_days_NDVI_doy2024097000000_aid0001,_250m_16_days_NDVI,aid0001,2024-04-06,87531.0,-0.1158,0.9708,"(-0.1158,0.9708)",0.610319,0.0890771,0.0079347,0.6688,0.8283,0.6179,0.4008,0.5616
MOD13Q1_061__250m_16_days_NDVI_doy2024113000000_aid0001,_250m_16_days_NDVI,aid0001,2024-04-22,87531.0,-0.1243,0.9802,"(-0.1243,0.9802)",0.6142791,0.0930021,0.0086494,0.6741,0.8424,0.6213,0.3937,0.5619
MOD13Q1_061__250m_16_days_NDVI_doy2024129000000_aid0001,_250m_16_days_NDVI,aid0001,2024-05-08,87529.0,-0.1552,0.9067,"(-0.1552,0.9067)",0.6108884,0.1061766,0.0112735,0.6852,0.8911,0.6129,0.339,0.5467
MOD13Q1_061__250m_16_days_NDVI_doy2024145000000_aid0001,_250m_16_days_NDVI,aid0001,2024-05-24,87519.0,-0.1286,0.9635,"(-0.1286,0.9635)",0.6242695,0.1208331,0.0146006,0.7144,0.9635,0.627,0.2958,0.5469
MOD13Q1_061__250m_16_days_NDVI_doy2024161000000_aid0001,_250m_16_days_NDVI,aid0001,2024-06-09,87531.0,-0.1298,0.9882,"(-0.1298,0.9882)",0.5690178,0.130789,0.0171058,0.6696,0.911,0.5565,0.1858,0.4753
MOD13Q1_061__250m_16_days_NDVI_doy2024177000000_aid0001,_250m_16_days_NDVI,aid0001,2024-06-25,87522.0,-0.1705,0.9993,"(-0.1705,0.9993)",0.6265797,0.1611345,0.0259643,0.7437,0.9993,0.6487,0.2489,0.5457
MOD13Q1_061__250m_16_days_NDVI_doy2024193000000_aid0001,_250m_16_days_NDVI,aid0001,2024-07-11,87514.0,-0.138,0.9995,"(-0.138,0.9995)",0.7320213,0.1524438,0.0232391,0.821,0.9935,0.7766,0.533,0.7058
MOD13Q1_061__250m_16_days_NDVI_doy2024209000000_aid0001,_250m_16_days_NDVI,aid0001,2024-07-27,87509.0,-0.0967,0.9995,"(-0.0967,0.9995)",0.6242154,0.2369073,0.0561251,0.8168,0.9995,0.7009,0.0068,0.4661
MOD13Q1_061__250m_16_days_NDVI_doy2024225000000_aid0001,_250m_16_days_NDVI,aid0001,2024-08-12,87516.0,-0.1926,0.9994,"(-0.1926,0.9994)",0.7793236,0.1571849,0.0247071,0.8597,0.9788,0.8313,0.6613,0.7803
MOD13Q1_061__250m_16_days_NDVI_doy2024241000000_aid0001,_250m_16_days_NDVI,aid0001,2024-08-28,87528.0,-0.054,0.9985,"(-0.054,0.9985)",0.8319499,0.1141928,0.01304,0.8826,0.967,0.8607,0.7419,0.8263
MOD13Q1_061__250m_16_days_NDVI_doy2024257000000_aid0001,_250m_16_days_NDVI,aid0001,2024-09-13,87527.0,0.016,0.9955,"(0.016,0.9955)",0.8194635,0.0541933,0.0029369,0.8498,0.9231,0.8265,0.7276,0.8009
MOD13Q1_061__250m_16_days_NDVI_doy2024273000000_aid0001,_250m_16_days_NDVI,aid0001,2024-09-29,87531.0,-0.095,0.9834,"(-0.095,0.9834)",0.7842948,0.0585359,0.0034264,0.8208,0.914,0.7925,0.6648,0.7584
MOD13Q1_061__250m_16_days_NDVI_doy2024289000000_aid0001,_250m_16_days_NDVI,aid0001,2024-10-15,87531.0,-0.0028,0.9949,"(-0.0028,0.9949)",0.7130641,0.0814111,0.0066278,0.7694,0.9213,0.7234,0.5149,0.6676
MOD13Q1_061__250m_16_days_NDVI_doy2024305000000_aid0001,_250m_16_days_NDVI,aid0001,2024-10-31,87529.0,0.0332,0.9895,"(0.0332,0.9895)",0.6593917,0.0931918,0.0086847,0.7236,0.9009,0.6687,0.4279,0.6053
MOD13Q1_061__250m_16_days_NDVI_doy2024321000000_aid0001,_250m_16_days_NDVI,aid0001,2024-11-16,87531.0,0.0454,0.9916,"(0.0454,0.9916)",0.620212,0.1028278,0.0105736,0.6886,0.8881,0.6239,0.3554,0.5553
MOD13Q1_061__250m_16_days_NDVI_doy2024337000000_aid0001,_250m_16_days_NDVI,aid0001,2024-12-02,87527.0,-0.1548,0.9897,"(-0.1548,0.9897)",0.5951307,0.1099762,0.0120948,0.6709,0.8923,0.6017,0.3018,0.52325
MOD13Q1_061__250m_16_days_NDVI_doy2024353000000_aid0001,_250m_16_days_NDVI,aid0001,2024-12-18,87527.0,-0.1304,0.9888,"(-0.1304,0.9888)",0.5711247,0.1109201,0.0123033,0.6448,0.8637,0.5737,0.2792,0.4985
MOD13Q1_061__250m_16_days_NDVI_doy2025001000000_aid0001,_250m_16_days_NDVI,aid0001,2025-01-01,87526.0,-0.0972,0.9937,"(-0.0972,0.9937)",0.5758583,0.1213949,0.0147367,0.6528,0.8782,0.5801,0.2766,0.5023
MOD13Q1_061__250m_16_days_NDVI_doy2025017000000_aid0001,_250m_16_days_NDVI,aid0001,2025-01-17,87522.0,-0.1309,0.9949,"(-0.1309,0.9949)",0.5538954,0.1225053,0.0150076,0.6346,0.875,0.5572,0.2334,0.4741
MOD13Q1_061__250m_16_days_NDVI_doy2025033000000_aid0001,_250m_16_days_NDVI,aid0001,2025-02-02,87530.0,-0.1968,0.9931,"(-0.1968,0.9931)",0.5558427,0.1129449,0.0127565,0.6299,0.8487,0.5601,0.2653,0.484
MOD13Q1_061__250m_16_days_NDVI_doy2025049000000_aid0001,_250m_16_days_NDVI,aid0001,2025-02-18,87521.0,-0.1657,0.9928,"(-0.1657,0.9928)",0.5541774,0.1133407,0.0128461,0.6277,0.8387,0.5605,0.2755,0.4868
MOD13Q1_061__250m_16_days_NDVI_doy2025065000000_aid0001,_250m_16_days_NDVI,aid0001,2025-03-06,87518.0,-0.1719,0.9965,"(-0.1719,0.9965)",0.6000194,0.1175559,0.0138194,0.6766,0.89,0.6078,0.3201,0.534
MOD13Q1_061__250m_16_days_NDVI_doy2025081000000_aid0001,_250m_16_days_NDVI,aid0001,2025-03-22,87531.0,-0.1862,0.9889,"(-0.1862,0.9889)",0.5902405,0.0975741,0.0095207,0.6553,0.8369,0.5978,0.3518,0.5339
MOD13Q1_061__250m_16_days_NDVI_doy2025097000000_aid0001,_250m_16_days_NDVI,aid0001,2025-04-07,87530.0,-0.1991,0.9298,"(-0.1991,0.9298)",0.5988176,0.0907362,0.0082331,0.6556,0.8168,0.6042,0.3869,0.5481
MOD13Q1_061__250m_16_days_NDVI_doy2025113000000_aid0001,_250m_16_days_NDVI,aid0001,2025-04-23,87507.0,-0.191,0.8753,"(-0.191,0.8753)",0.5861211,0.0911467,0.0083077,0.6474,0.8223,0.5904,0.3559,0.5308
MOD13Q1_061__250m_16_days_NDVI_doy2025129000000_aid0001,_250m_16_days_NDVI,aid0001,2025-05-09,87524.0,-0.1604,0.9687,"(-0.1604,0.9687)",0.614186,0.0959617,0.0092087,0.6786,0.8651,0.6146,0.3656,0.553375
MOD13Q1_061__250m_16_days_NDVI_doy2025145000000_aid0001,_250m_16_days_NDVI,aid0001,2025-05-25,87530.0,-0.0972,0.9398,"(-0.0972,0.9398)",0.6545985,0.0977992,0.0095647,0.7241,0.9102,0.6555,0.3957,0.5927
MOD13Q1_061__250m_16_days_NDVI_doy2025161000000_aid0001,_250m_16_days_NDVI,aid0001,2025-06-10,87531.0,-0.115,0.9728,"(-0.115,0.9728)",0.6097441,0.0978251,0.0095698,0.6885,0.903,0.6029,0.3248,0.543
MOD13Q1_061__250m_16_days_NDVI_doy2025177000000_aid0001,_250m_16_days_NDVI,aid0001,2025-06-26,87524.0,-0.1908,0.9994,"(-0.1908,0.9994)",0.7029656,0.1551239,0.0240634,0.7906,0.9517,0.7497,0.5221,0.6832
MOD13Q1_061__250m_16_days_NDVI_doy2025193000000_aid0001,_250m_16_days_NDVI,aid0001,2025-07-12,87529.0,-0.1484,0.9963,"(-0.1484,0.9963)",0.7574755,0.0876312,0.0076792,0.8009,0.8991,0.7733,0.6372,0.7354
MOD13Q1_061__250m_16_days_NDVI_doy2025209000000_aid0001,_250m_16_days_NDVI,aid0001,2025-07-28,87530.0,-0.1898,0.9988,"(-0.1898,0.9988)",0.5834966,0.2569966,0.0660472,0.7914,0.9988,0.707,-0.1898,0.3719
MOD13Q1_061__250m_16_days_NDVI_doy2025225000000_aid0001,_250m_16_days_NDVI,aid0001,2025-08-13,87522.0,-0.192,0.9994,"(-0.192,0.9994)",0.7487061,0.2123722,0.045102,0.8659,0.9994,0.8389,0.6059,0.7619
MOD13Q1_061__250m_16_days_NDVI_doy2025241000000_aid0001,_250m_16_days_NDVI,aid0001,2025-08-29,87509.0,-0.016,0.9996,"(-0.016,0.9996)",0.713953,0.1878675,0.0352942,0.8239,0.9996,0.7902,0.5078,0.6974
MOD13Q1_061__250m_16_days_NDVI_doy2025257000000_aid0001,_250m_16_days_NDVI,aid0001,2025-09-14,87530.0,0.0534,0.9921,"(0.0534,0.9921)",0.7965503,0.0613845,0.0037681,0.8328,0.9209,0.8074,0.6856,0.7739
MOD13Q1_061__250m_16_days_NDVI_doy2025273000000_aid0001,_250m_16_days_NDVI,aid0001,2025-09-30,87530.0,-0.1903,0.9934,"(-0.1903,0.9934)",0.7613554,0.0752303,0.0056596,0.8086,0.927,0.7735,0.6099,0.7291
MOD13Q1_061__250m_16_days_NDVI_doy2025289000000_aid0001,_250m_16_days_NDVI,aid0001,2025-10-16,87531.0,-0.0129,0.9906,"(-0.0129,0.9906)",0.7178113,0.0770227,0.0059325,0.7698,0.9067,0.7284,0.5408,0.6782
MOD13Q1_061__250m_16_days_NDVI_doy2025305000000_aid0001,_250m_16_days_NDVI,aid0001,2025-11-01,87525.0,-0.112,0.9937,"(-0.112,0.9937)",0.6566509,0.0883326,0.0078027,0.7151,0.8742,0.6647,0.4499,0.609
MOD13Q1_061__250m_16_days_NDVI_doy2025321000000_aid0001,_250m_16_days_NDVI,aid0001,2025-11-17,87527.0,-0.0903,0.9958,"(-0.0903,0.9958)",0.6326038,0.0946018,0.0089495,0.6947,0.8708,0.6387,0.4008,0.5771
MOD13Q1_061__250m_16_days_NDVI_doy2025337000000_aid0001,_250m_16_days_NDVI,aid0001,2025-12-03,87527.0,-0.1016,0.9982,"(-0.1016,0.9982)",0.5995095,0.099105,0.0098218,0.6657,0.856,0.6058,0.3482,0.5386
MOD13Q1_061__250m_16_days_NDVI_doy2025353000000_aid0001,_250m_16_days_NDVI,aid0001,2025-12-19,87522.0,0.0246,0.9931,"(0.0246,0.9931)",0.5784056,0.1050741,0.0110406,0.646,0.8411,0.58405,0.3208,0.5159
