row_index,fold
0,-1
1,-1
2,-1
3,-1
4,-1
5,-1
6,-1
7,-1
8,-1
9,-1
10,-1
11,-1
12,-1
13,-1
14,-1
15,-1
16,-1
17,-1
18,-1
19,-1
20,-1
21,-1
22,-1
23,-1
24,-1
25,-1
26,-1
27,-1
28,-1
29,-1
30,-1
31,-1
32,-1
33,-1
34,-1
35,-1
36,-1
37,-1
38,-1
39,-1
40,-1
41,-1
42,-1
43,-1
44,-1
45,-1
46,-1
47,-1
48,-1
49,-1
50,-1
51,-1
52,-1
53,-1
54,-1
55,-1
56,-1
57,-1
58,-1
59,-1
60,-1
61,-1
62,-1
63,-1
64,-1
65,-1
66,-1
67,-1
68,-1
69,-1
70,-1
71,-1
72,-1
73,-1
74,-1
75,-1
76,-1
77,-1
78,-1
79,-1
80,-1
81,-1
82,-1
83,-1
84,-1
85,-1
86,-1
87,-1
88,-1
89,-1
90,-1
91,-1
92,-1
93,-1
94,-1
95,-1
96,-1
97,-1
98,-1
99,-1
100,-1
101,-1
102,-1
103,-1
104,-1
105,-1
106,-1
107,-1
108,-1
109,-1
110,-1
111,-1
112,-1
113,-1
114,-1
115,-1
116,-1
117,-1
118,-1
119,-1
120,-1
121,-1
122,-1
123,-1
124,-1
125,-1
126,-1
127,-1
128,-1
129,-1
130,-1
131,-1
132,-1
133,-1
134,-1
135,-1
136,-1
137,-1
138,-1
139,-1
140,-1
141,-1
142,-1
143,-1
144,-1
145,-1
146,-1
147,-1
148,-1
149,-1
150,-1
151,-1
152,-1
153,-1
154,-1
155,-1
156,-1
157,-1
158,-1
159,-1
160,-1
161,-1
162,-1
163,-1
164,-1
165,-1
166,-1
167,-1
168,-1
169,-1
170,-1
171,-1
172,-1
173,-1
174,-1
175,-1
176,-1
177,-1
178,-1
179,-1
180,-1
181,-1
182,-1
183,-1
184,-1
185,-1
186,-1
187,-1
188,-1
189,-1
190,-1
191,-1
192,-1
193,-1
194,-1
195,-1
196,-1
197,-1
198,-1
199,-1
200,-1
201,-1
202,-1
203,-1
204,-1
205,-1
206,-1
207,-1
208,-1
209,-1
210,-1
211,-1
212,-1
213,-1
214,-1
215,-1
216,-1
217,-1
218,-1
219,-1
220,-1
221,-1
222,-1
223,-1
224,-1
225,-1
226,-1
227,-1
228,-1
229,-1
230,-1
231,-1
232,-1
233,-1
234,-1
235,-1
236,-1
237,-1
238,-1
239,-1
240,-1
241,-1
242,-1
243,-1
244,-1
245,-1
246,-1
247,-1
248,-1
249,-1
250,-1
251,-1
252,-1
253,-1
254,-1
255,-1
256,-1
257,-1
258,-1
259,-1
260,-1
261,-1
262,-1
263,-1
264,-1
265,-1
266,-1
267,-1
268,-1
269,-1
270,-1
271,-1
272,-1
273,-1
274,-1
275,-1
276,-1
277,-1
278,-1
279,-1
280,-1
281,-1
282,-1
283,-1
284,-1
285,-1
286,-1
287,-1
288,-1
289,-1
290,-1
291,-1
292,-1
293,-1
294,-1
295,-1
296,-1
297,-1
298,-1
299,-1
300,-1
301,-1
302,-1
303,-1
304,-1
305,-1
306,-1
307,-1
308,-1
309,-1
310,-1
311,-1
312,-1
313,-1
314,-1
315,-1
316,-1
317,-1
318,-1
319,-1
320,-1
321,-1
322,-1
323,-1
324,-1
325,-1
326,-1
327,-1
328,-1
329,-1
330,-1
331,-1
332,-1
333,-1
334,-1
335,-1
336,-1
337,-1
338,-1
339,-1
340,-1
341,-1
342,-1
343,-1
344,-1
345,-1
346,-1
347,-1
348,-1
349,-1
350,-1
351,-1
352,-1
353,-1
354,-1
355,-1
356,-1
357,-1
358,-1
359,-1
360,-1
361,-1
362,-1
363,-1
364,-1
365,-1
366,-1
367,-1
368,-1
369,-1
370,-1
371,-1
372,-1
373,-1
374,-1
375,-1
376,-1
377,-1
378,-1
379,-1
380,-1
381,-1
382,-1
383,-1
384,-1
385,-1
386,-1
387,-1
388,-1
389,-1
390,-1
391,-1
392,-1
393,-1
394,-1
395,-1
396,-1
397,-1
398,-1
399,-1
400,-1
401,-1
402,-1
403,-1
404,-1
405,-1
406,-1
407,-1
408,-1
409,-1
410,-1
411,-1
412,-1
413,-1
414,-1
415,-1
416,-1
417,-1
418,-1
419,-1
420,-1
421,-1
422,-1
423,-1
424,-1
425,-1
426,-1
427,-1
428,-1
429,-1
430,-1
431,-1
432,-1
433,-1
434,-1
435,-1
436,-1
437,-1
438,-1
439,-1
440,-1
441,-1
442,-1
443,-1
444,-1
445,-1
446,-1
447,-1
448,-1
449,-1
450,-1
451,-1
452,-1
453,-1
454,-1
455,-1
456,-1
457,-1
458,-1
459,-1
460,-1
461,-1
462,-1
463,-1
464,-1
465,-1
466,-1
467,-1
468,-1
469,-1
470,-1
471,-1
472,-1
473,-1
474,-1
475,-1
476,-1
477,-1
478,-1
479,-1
480,-1
481,-1
482,-1
483,-1
484,-1
485,-1
486,-1
487,-1
488,-1
489,-1
490,-1
491,-1
492,-1
493,-1
494,-1
495,-1
496,-1
497,-1
498,-1
499,-1
500,-1
501,-1
502,-1
503,-1
504,-1
505,-1
506,-1
507,-1
508,-1
509,-1
510,-1
511,-1
512,-1
513,-1
514,-1
515,-1
516,-1
517,-1
518,-1
519,-1
520,-1
521,-1
522,-1
523,-1
524,-1
525,-1
526,-1
527,-1
528,-1
529,-1
530,-1
531,-1
532,-1
533,-1
534,-1
535,-1
536,-1
537,-1
538,-1
539,-1
540,-1
541,-1
542,-1
543,-1
544,-1
545,-1
546,-1
547,-1
548,-1
549,-1
550,-1
551,-1
552,-1
553,-1
554,-1
555,-1
556,-1
557,-1
558,-1
559,-1
560,-1
561,-1
562,-1
563,-1
564,-1
565,-1
566,-1
567,-1
568,-1
569,-1
570,-1
571,-1
572,-1
573,-1
574,-1
575,-1
576,-1
577,-1
578,-1
579,-1
580,-1
581,-1
582,-1
583,-1
584,-1
585,-1
586,-1
587,-1
588,-1
589,-1
590,-1
591,-1
592,-1
593,-1
594,-1
595,-1
596,-1
597,-1
598,-1
599,-1
600,-1
601,-1
602,-1
603,-1
604,-1
605,-1
606,-1
607,-1
608,-1
609,-1
610,-1
611,-1
612,-1
613,-1
614,-1
615,-1
616,-1
617,-1
618,-1
619,-1
620,-1
621,-1
622,-1
623,-1
624,-1
625,-1
626,-1
627,-1
628,-1
629,-1
630,-1
631,-1
632,-1
633,-1
634,-1
635,-1
636,-1
637,-1
638,-1
639,-1
640,-1
641,-1
642,-1
643,-1
644,-1
645,-1
646,-1
647,-1
648,-1
649,-1
650,-1
651,-1
652,-1
653,-1
654,-1
655,-1
656,-1
657,-1
658,-1
659,-1
660,-1
661,-1
662,-1
663,-1
664,-1
665,-1
666,-1
667,-1
668,-1
669,-1
670,-1
671,-1
672,-1
673,-1
674,-1
675,-1
676,-1
677,-1
678,-1
679,-1
680,-1
681,-1
682,-1
683,-1
684,-1
685,-1
686,-1
687,-1
688,-1
689,-1
690,-1
691,-1
692,-1
693,-1
694,-1
695,-1
696,-1
697,-1
698,-1
699,-1
700,-1
701,-1
702,-1
703,-1
704,-1
705,-1
706,-1
707,-1
708,-1
709,-1
710,-1
711,-1
712,-1
713,-1
714,-1
715,-1
716,-1
717,-1
718,-1
719,-1
720,-1
721,-1
722,-1
723,-1
724,-1
725,-1
726,-1
727,-1
728,-1
729,-1
730,-1
731,-1
732,-1
733,-1
734,-1
735,-1
736,-1
737,-1
738,-1
739,-1
740,-1
741,-1
742,-1
743,-1
744,-1
745,-1
746,-1
747,-1
748,-1
749,-1
750,-1
751,-1
752,-1
753,-1
754,-1
755,-1
756,-1
757,-1
758,-1
759,-1
760,-1
761,-1
762,-1
763,-1
764,-1
765,-1
766,-1
767,-1
768,-1
769,-1
770,-1
771,-1
772,-1
773,-1
774,-1
775,-1
776,-1
777,-1
778,-1
779,-1
780,-1
781,-1
782,-1
783,-1
784,-1
785,-1
786,-1
787,-1
788,-1
789,-1
790,-1
791,-1
792,-1
793,-1
794,-1
795,-1
796,-1
797,-1
798,-1
799,-1
800,-1
801,-1
802,-1
803,-1
804,-1
805,-1
806,-1
807,-1
808,-1
809,-1
810,-1
811,-1
812,-1
813,-1
814,-1
815,-1
816,-1
817,-1
818,-1
819,-1
820,-1
821,-1
822,-1
823,-1
824,-1
825,-1
826,-1
827,-1
828,-1
829,-1
830,-1
831,-1
832,-1
833,-1
834,-1
835,-1
836,-1
837,-1
838,-1
839,-1
840,-1
841,-1
842,-1
843,-1
844,-1
845,-1
846,-1
847,-1
848,-1
849,-1
850,-1
851,-1
852,-1
853,-1
854,-1
855,-1
856,-1
857,-1
858,-1
859,-1
860,-1
861,-1
862,-1
863,-1
864,-1
865,-1
866,-1
867,-1
868,-1
869,-1
870,-1
871,-1
872,-1
873,-1
874,-1
875,-1
876,-1
877,-1
878,-1
879,-1
880,-1
881,-1
882,-1
883,-1
884,-1
885,-1
886,-1
887,-1
888,-1
889,-1
890,-1
891,-1
892,-1
893,-1
894,-1
895,-1
896,-1
897,-1
898,-1
899,-1
900,-1
901,-1
902,-1
903,-1
904,-1
905,-1
906,-1
907,-1
908,-1
909,-1
910,-1
911,-1
912,-1
913,-1
914,-1
915,-1
916,-1
917,-1
918,-1
919,-1
920,-1
921,-1
922,-1
923,-1
924,-1
925,-1
926,-1
927,-1
928,-1
929,-1
930,-1
931,-1
932,-1
933,-1
934,-1
935,-1
936,-1
937,-1
938,-1
939,-1
940,-1
941,-1
942,-1
943,-1
944,-1
945,-1
946,-1
947,-1
948,-1
949,-1
950,-1
951,-1
952,-1
953,-1
954,-1
955,-1
956,-1
957,-1
958,-1
959,-1
960,-1
961,-1
962,-1
963,-1
964,-1
965,-1
966,-1
967,-1
968,-1
969,-1
970,-1
971,-1
972,-1
973,-1
974,-1
975,-1
976,-1
977,-1
978,-1
979,-1
980,-1
981,-1
982,-1
983,-1
984,-1
985,-1
986,-1
987,-1
988,-1
989,-1
990,-1
991,-1
992,-1
993,-1
994,-1
995,-1
996,-1
997,-1
998,-1
999,-1
1000,-1
1001,-1
1002,-1
1003,-1
1004,-1
1005,-1
1006,-1
1007,-1
1008,-1
1009,-1
1010,-1
1011,-1
1012,-1
1013,-1
1014,-1
1015,-1
1016,-1
1017,-1
1018,-1
1019,-1
1020,-1
1021,-1
1022,-1
1023,-1
1024,-1
1025,-1
1026,-1
1027,-1
1028,-1
1029,-1
1030,-1
1031,-1
1032,-1
1033,-1
1034,-1
1035,-1
1036,-1
1037,-1
1038,-1
1039,-1
1040,-1
1041,-1
1042,-1
1043,-1
1044,-1
1045,-1
1046,-1
1047,-1
1048,-1
1049,-1
1050,-1
1051,-1
1052,-1
1053,-1
1054,-1
1055,-1
1056,-1
1057,-1
1058,-1
1059,-1
1060,-1
1061,-1
1062,-1
1063,-1
1064,-1
1065,-1
1066,-1
1067,-1
1068,-1
1069,-1
1070,-1
1071,-1
1072,-1
1073,-1
1074,-1
1075,-1
1076,-1
1077,-1
1078,-1
1079,-1
1080,-1
1081,-1
1082,-1
1083,-1
1084,-1
1085,-1
1086,-1
1087,-1
1088,-1
1089,-1
1090,-1
1091,-1
1092,-1
1093,-1
1094,-1
1095,-1
1096,-1
1097,-1
1098,-1
1099,-1
1100,-1
1101,-1
1102,-1
1103,-1
1104,-1
1105,-1
1106,-1
1107,-1
1108,-1
1109,-1
1110,-1
1111,-1
1112,-1
1113,-1
1114,-1
1115,-1
1116,-1
1117,-1
1118,-1
1119,-1
1120,-1
1121,-1
1122,-1
1123,-1
1124,-1
1125,-1
1126,-1
1127,-1
1128,-1
1129,-1
1130,-1
1131,-1
1132,-1
1133,-1
1134,-1
1135,-1
1136,-1
1137,-1
1138,-1
1139,-1
1140,-1
1141,-1
1142,-1
1143,-1
1144,-1
1145,-1
1146,-1
1147,-1
1148,-1
1149,-1
1150,-1
1151,-1
1152,-1
1153,-1
1154,-1
1155,-1
1156,-1
1157,-1
1158,-1
1159,-1
1160,-1
1161,-1
1162,-1
1163,-1
1164,-1
1165,-1
1166,-1
1167,-1
1168,-1
1169,-1
1170,-1
1171,-1
1172,-1
1173,-1
1174,-1
1175,-1
1176,-1
1177,-1
1178,-1
1179,-1
1180,-1
1181,-1
1182,-1
1183,-1
1184,-1
1185,-1
1186,-1
1187,-1
1188,-1
1189,-1
1190,-1
1191,-1
1192,-1
1193,-1
1194,-1
1195,-1
1196,-1
1197,-1
1198,-1
1199,-1
1200,-1
1201,-1
1202,-1
1203,-1
1204,-1
1205,-1
1206,-1
1207,-1
1208,-1
1209,-1
1210,-1
1211,-1
1212,-1
1213,-1
1214,-1
1215,-1
1216,-1
1217,-1
1218,-1
1219,-1
1220,-1
1221,-1
1222,-1
1223,-1
1224,-1
1225,-1
1226,-1
1227,-1
1228,-1
1229,-1
1230,-1
1231,-1
1232,-1
1233,-1
1234,-1
1235,-1
1236,-1
1237,-1
1238,-1
1239,-1
1240,-1
1241,-1
1242,-1
1243,-1
1244,-1
1245,-1
1246,-1
1247,-1
1248,-1
1249,-1
1250,-1
1251,-1
1252,-1
1253,-1
1254,-1
1255,-1
1256,-1
1257,-1
1258,-1
1259,-1
1260,-1
1261,-1
1262,-1
1263,-1
1264,-1
1265,-1
1266,-1
1267,-1
1268,-1
1269,-1
1270,-1
1271,-1
1272,-1
1273,-1
1274,-1
1275,-1
1276,-1
1277,-1
1278,-1
1279,-1
1280,-1
1281,-1
1282,-1
1283,-1
1284,-1
1285,-1
1286,-1
1287,-1
1288,-1
1289,-1
1290,-1
1291,-1
1292,-1
1293,-1
1294,-1
1295,-1
1296,-1
1297,-1
1298,-1
1299,-1
1300,-1
1301,-1
1302,-1
1303,-1
1304,-1
1305,-1
1306,-1
1307,-1
1308,-1
1309,-1
1310,-1
1311,-1
1312,-1
1313,-1
1314,-1
1315,-1
1316,-1
1317,-1
1318,-1
1319,-1
1320,-1
1321,-1
1322,-1
1323,-1
1324,-1
1325,-1
1326,-1
1327,-1
1328,-1
1329,-1
1330,-1
1331,-1
1332,-1
1333,-1
1334,-1
1335,-1
1336,-1
1337,-1
1338,-1
1339,-1
1340,-1
1341,-1
1342,-1
1343,-1
1344,-1
1345,-1
1346,-1
1347,-1
1348,-1
1349,-1
1350,-1
1351,-1
1352,-1
1353,-1
1354,-1
1355,-1
1356,-1
1357,-1
1358,-1
1359,-1
1360,-1
1361,-1
1362,-1
1363,-1
1364,-1
1365,-1
1366,-1
1367,-1
1368,-1
1369,-1
1370,-1
1371,-1
1372,-1
1373,-1
1374,-1
1375,-1
1376,-1
1377,-1
1378,-1
1379,-1
1380,-1
1381,-1
1382,-1
1383,-1
1384,-1
1385,-1
1386,-1
1387,-1
1388,-1
1389,-1
1390,-1
1391,-1
1392,-1
1393,-1
1394,-1
1395,-1
1396,-1
1397,-1
1398,-1
1399,-1
1400,-1
1401,-1
1402,-1
1403,-1
1404,-1
1405,-1
1406,-1
1407,-1
1408,-1
1409,-1
1410,-1
1411,-1
1412,-1
1413,-1
1414,-1
1415,-1
1416,-1
1417,-1
1418,-1
1419,-1
1420,-1
1421,-1
1422,-1
1423,-1
1424,-1
1425,-1
1426,-1
1427,-1
1428,-1
1429,-1
1430,-1
1431,-1
1432,-1
1433,-1
1434,-1
1435,-1
1436,-1
1437,-1
1438,-1
1439,-1
1440,-1
1441,-1
1442,-1
1443,-1
1444,-1
1445,-1
1446,-1
1447,-1
1448,-1
1449,-1
1450,-1
1451,-1
1452,-1
1453,-1
1454,-1
1455,-1
1456,-1
1457,-1
1458,-1
1459,-1
1460,-1
1461,-1
1462,-1
1463,-1
1464,-1
1465,-1
1466,-1
1467,-1
1468,-1
1469,-1
1470,-1
1471,-1
1472,-1
1473,-1
1474,-1
1475,-1
1476,-1
1477,-1
1478,-1
1479,-1
1480,-1
1481,-1
1482,-1
1483,-1
1484,-1
1485,-1
1486,-1
1487,-1
1488,-1
1489,-1
1490,-1
1491,-1
1492,-1
1493,-1
1494,-1
1495,-1
1496,-1
1497,-1
1498,-1
1499,-1
1500,-1
1501,-1
1502,-1
1503,-1
1504,-1
1505,-1
1506,-1
1507,-1
1508,-1
1509,-1
1510,-1
1511,-1
1512,-1
1513,-1
1514,-1
1515,-1
1516,-1
1517,-1
1518,-1
1519,-1
1520,-1
1521,-1
1522,-1
1523,-1
1524,-1
1525,-1
1526,-1
1527,-1
1528,-1
1529,-1
1530,-1
1531,-1
1532,-1
1533,-1
1534,-1
1535,-1
1536,-1
1537,-1
1538,-1
1539,-1
1540,-1
1541,-1
1542,-1
1543,-1
1544,-1
1545,-1
1546,-1
1547,-1
1548,-1
1549,-1
1550,-1
1551,-1
1552,-1
1553,-1
1554,-1
1555,-1
1556,-1
1557,-1
1558,-1
1559,-1
1560,-1
1561,-1
1562,-1
1563,-1
1564,-1
1565,-1
1566,-1
1567,-1
1568,-1
1569,-1
1570,-1
1571,-1
1572,-1
1573,-1
1574,-1
1575,-1
1576,-1
1577,-1
1578,-1
1579,-1
1580,-1
1581,-1
1582,-1
1583,-1
1584,-1
1585,-1
1586,-1
1587,-1
1588,-1
1589,-1
1590,-1
1591,-1
1592,-1
1593,-1
1594,-1
1595,-1
1596,-1
1597,-1
1598,-1
1599,-1
1600,-1
1601,-1
1602,-1
1603,-1
1604,-1
1605,-1
1606,-1
1607,-1
1608,-1
1609,-1
1610,-1
1611,-1
1612,-1
1613,-1
1614,-1
1615,-1
1616,-1
1617,-1
1618,-1
1619,-1
1620,-1
1621,-1
1622,-1
1623,-1
1624,-1
1625,-1
1626,-1
1627,-1
1628,-1
1629,-1
1630,-1
1631,-1
1632,-1
1633,-1
1634,-1
1635,-1
1636,-1
1637,-1
1638,-1
1639,-1
1640,-1
1641,-1
1642,-1
1643,-1
1644,-1
1645,-1
1646,-1
1647,-1
1648,-1
1649,-1
1650,-1
1651,-1
1652,-1
1653,-1
1654,-1
1655,-1
1656,-1
1657,-1
1658,-1
1659,-1
1660,-1
1661,-1
1662,-1
1663,-1
1664,-1
1665,-1
1666,-1
1667,-1
1668,-1
1669,-1
1670,-1
1671,-1
1672,-1
1673,-1
1674,-1
1675,-1
1676,-1
1677,-1
1678,-1
1679,-1
1680,-1
1681,-1
1682,-1
1683,-1
1684,-1
1685,-1
1686,-1
1687,-1
1688,-1
1689,-1
1690,-1
1691,-1
1692,-1
1693,-1
1694,-1
1695,-1
1696,-1
1697,-1
1698,-1
1699,-1
1700,-1
1701,-1
1702,-1
1703,-1
1704,-1
1705,-1
1706,-1
1707,-1
1708,-1
1709,-1
1710,-1
1711,-1
1712,-1
1713,-1
1714,-1
1715,-1
1716,-1
1717,-1
1718,-1
1719,-1
1720,-1
1721,-1
1722,-1
1723,-1
1724,-1
1725,-1
1726,-1
1727,-1
1728,-1
1729,-1
1730,-1
1731,-1
1732,-1
1733,-1
1734,-1
1735,-1
1736,-1
1737,-1
1738,-1
1739,-1
1740,-1
1741,-1
1742,-1
1743,-1
1744,-1
1745,-1
1746,-1
1747,-1
1748,-1
1749,-1
1750,-1
1751,-1
1752,-1
1753,-1
1754,-1
1755,-1
1756,-1
1757,-1
1758,-1
1759,-1
1760,-1
1761,-1
1762,-1
1763,-1
1764,-1
1765,-1
1766,-1
1767,-1
1768,-1
1769,-1
1770,-1
1771,-1
1772,-1
1773,-1
1774,-1
1775,-1
1776,-1
1777,-1
1778,-1
1779,-1
1780,-1
1781,-1
1782,-1
1783,-1
1784,-1
1785,-1
1786,-1
1787,-1
1788,-1
1789,-1
1790,-1
1791,-1
1792,-1
1793,-1
1794,-1
1795,-1
1796,-1
1797,-1
1798,-1
1799,-1
1800,-1
1801,-1
1802,-1
1803,-1
1804,-1
1805,-1
1806,-1
1807,-1
1808,-1
1809,-1
1810,-1
1811,-1
1812,-1
1813,-1
1814,-1
1815,-1
1816,-1
1817,-1
1818,-1
1819,-1
1820,-1
1821,-1
1822,-1
1823,-1
1824,-1
1825,-1
1826,-1
1827,-1
1828,-1
1829,-1
1830,-1
1831,-1
1832,-1
1833,-1
1834,-1
1835,-1
1836,-1
1837,-1
1838,-1
1839,-1
1840,-1
1841,-1
1842,-1
1843,-1
1844,-1
1845,-1
1846,-1
1847,-1
1848,-1
1849,-1
1850,-1
1851,-1
1852,-1
1853,-1
1854,-1
1855,-1
1856,-1
1857,-1
1858,-1
1859,-1
1860,-1
1861,-1
1862,-1
1863,-1
1864,-1
1865,-1
1866,-1
1867,-1
1868,-1
1869,-1
1870,-1
1871,-1
1872,-1
1873,-1
1874,-1
1875,-1
1876,-1
1877,-1
1878,-1
1879,-1
1880,-1
1881,-1
1882,-1
1883,-1
1884,-1
1885,-1
1886,-1
1887,-1
1888,-1
1889,-1
1890,-1
1891,-1
1892,-1
1893,-1
1894,-1
1895,-1
1896,-1
1897,-1
1898,-1
1899,-1
1900,-1
1901,-1
1902,-1
1903,-1
1904,-1
1905,-1
1906,-1
1907,-1
1908,-1
1909,-1
1910,-1
1911,-1
1912,-1
1913,-1
1914,-1
1915,-1
1916,-1
1917,-1
1918,-1
1919,-1
1920,-1
1921,-1
1922,-1
1923,-1
1924,-1
1925,-1
1926,-1
1927,-1
1928,-1
1929,-1
1930,-1
1931,-1
1932,-1
1933,-1
1934,-1
1935,-1
1936,-1
1937,-1
1938,-1
1939,-1
1940,-1
1941,-1
1942,-1
1943,-1
1944,-1
1945,-1
1946,-1
1947,-1
1948,-1
1949,-1
1950,-1
1951,-1
1952,-1
1953,-1
1954,-1
1955,-1
1956,-1
1957,-1
1958,-1
1959,-1
1960,-1
1961,-1
1962,-1
1963,-1
1964,-1
1965,-1
1966,-1
1967,-1
1968,-1
1969,-1
1970,-1
1971,-1
1972,-1
1973,-1
1974,-1
1975,-1
1976,-1
1977,-1
1978,-1
1979,-1
1980,-1
1981,-1
1982,-1
1983,-1
1984,-1
1985,-1
1986,-1
1987,-1
1988,-1
1989,-1
1990,-1
1991,-1
1992,-1
1993,-1
1994,-1
1995,-1
1996,-1
1997,-1
1998,-1
1999,-1
2000,-1
2001,-1
2002,-1
2003,-1
2004,-1
2005,-1
2006,-1
2007,-1
2008,-1
2009,-1
2010,-1
2011,-1
2012,-1
2013,-1
2014,-1
2015,-1
2016,-1
2017,-1
2018,-1
2019,-1
2020,-1
2021,-1
2022,-1
2023,-1
2024,-1
2025,-1
2026,-1
2027,-1
2028,-1
2029,-1
2030,-1
2031,-1
2032,-1
2033,-1
2034,-1
2035,-1
2036,-1
2037,-1
2038,-1
2039,-1
2040,-1
2041,-1
2042,-1
2043,-1
2044,-1
2045,-1
2046,-1
2047,-1
2048,-1
2049,-1
2050,-1
2051,-1
2052,-1
2053,-1
2054,-1
2055,-1
2056,-1
2057,-1
2058,-1
2059,-1
2060,-1
2061,-1
2062,-1
2063,-1
2064,-1
2065,-1
2066,-1
2067,-1
2068,-1
2069,-1
2070,-1
2071,-1
2072,-1
2073,-1
2074,-1
2075,-1
2076,-1
2077,-1
2078,-1
2079,-1
2080,-1
2081,-1
2082,-1
2083,-1
2084,-1
2085,-1
2086,-1
2087,-1
2088,-1
2089,-1
2090,-1
2091,-1
2092,-1
2093,-1
2094,-1
2095,-1
2096,-1
2097,-1
2098,-1
2099,-1
2100,-1
2101,-1
2102,-1
2103,-1
2104,-1
2105,-1
2106,-1
2107,-1
2108,-1
2109,-1
2110,-1
2111,-1
2112,-1
2113,-1
2114,-1
2115,-1
2116,-1
2117,-1
2118,-1
2119,-1
2120,-1
2121,-1
2122,-1
2123,-1
2124,-1
2125,-1
2126,-1
2127,-1
2128,-1
2129,-1
2130,-1
2131,-1
2132,-1
2133,-1
2134,-1
2135,-1
2136,-1
2137,-1
2138,-1
2139,-1
2140,-1
2141,-1
2142,-1
2143,-1
2144,-1
2145,-1
2146,-1
2147,-1
2148,-1
2149,-1
2150,-1
2151,-1
2152,-1
2153,-1
2154,-1
2155,-1
2156,-1
2157,-1
2158,-1
2159,-1
2160,-1
2161,-1
2162,-1
2163,-1
2164,-1
2165,-1
2166,-1
2167,-1
2168,-1
2169,-1
2170,-1
2171,-1
2172,-1
2173,-1
2174,-1
2175,-1
2176,-1
2177,-1
2178,-1
2179,-1
2180,-1
2181,-1
2182,-1
2183,-1
2184,0
2185,0
2186,0
2187,0
2188,0
2189,0
2190,0
2191,0
2192,0
2193,0
2194,0
2195,0
2196,0
2197,0
2198,0
2199,0
2200,0
2201,0
2202,0
2203,0
2204,0
2205,0
2206,0
2207,0
2208,0
2209,0
2210,0
2211,0
2212,0
2213,0
2214,0
2215,0
2216,0
2217,0
2218,0
2219,0
2220,0
2221,0
2222,0
2223,0
2224,0
2225,0
2226,0
2227,0
2228,0
2229,0
2230,0
2231,0
2232,0
2233,0
2234,0
2235,0
2236,0
2237,0
2238,0
2239,0
2240,0
2241,0
2242,0
2243,0
2244,0
2245,0
2246,0
2247,0
2248,0
2249,0
2250,0
2251,0
2252,0
2253,0
2254,0
2255,0
2256,0
2257,0
2258,0
2259,0
2260,0
2261,0
2262,0
2263,0
2264,0
2265,0
2266,0
2267,0
2268,0
2269,0
2270,0
2271,0
2272,0
2273,0
2274,0
2275,0
2276,0
2277,0
2278,0
2279,0
2280,0
2281,0
2282,0
2283,0
2284,0
2285,0
2286,0
2287,0
2288,0
2289,0
2290,0
2291,0
2292,0
2293,0
2294,0
2295,0
2296,0
2297,0
2298,0
2299,0
2300,0
2301,0
2302,0
2303,0
2304,0
2305,0
2306,0
2307,0
2308,0
2309,0
2310,0
2311,0
2312,0
2313,0
2314,0
2315,0
2316,0
2317,0
2318,0
2319,0
2320,0
2321,0
2322,0
2323,0
2324,0
2325,0
2326,0
2327,0
2328,0
2329,0
2330,0
2331,0
2332,0
2333,0
2334,0
2335,0
2336,0
2337,0
2338,0
2339,0
2340,0
2341,0
2342,0
2343,0
2344,0
2345,0
2346,0
2347,0
2348,0
2349,0
2350,0
2351,0
2352,0
2353,0
2354,0
2355,0
2356,0
2357,0
2358,0
2359,0
2360,0
2361,0
2362,0
2363,0
2364,0
2365,0
2366,0
2367,0
2368,0
2369,0
2370,0
2371,0
2372,0
2373,0
2374,0
2375,0
2376,0
2377,0
2378,0
2379,0
2380,0
2381,0
2382,0
2383,0
2384,0
2385,0
2386,0
2387,0
2388,0
2389,0
2390,0
2391,0
2392,0
2393,0
2394,0
2395,0
2396,0
2397,0
2398,0
2399,0
2400,0
2401,0
2402,0
2403,0
2404,0
2405,0
2406,0
2407,0
2408,0
2409,0
2410,0
2411,0
2412,0
2413,0
2414,0
2415,0
2416,0
2417,0
2418,0
2419,0
2420,0
2421,0
2422,0
2423,0
2424,0
2425,0
2426,0
2427,0
2428,0
2429,0
2430,0
2431,0
2432,0
2433,0
2434,0
2435,0
2436,0
2437,0
2438,0
2439,0
2440,0
2441,0
2442,0
2443,0
2444,0
2445,0
2446,0
2447,0
2448,0
2449,0
2450,0
2451,0
2452,0
2453,0
2454,0
2455,0
2456,0
2457,0
2458,0
2459,0
2460,0
2461,0
2462,0
2463,0
2464,0
2465,0
2466,0
2467,0
2468,0
2469,0
2470,0
2471,0
2472,0
2473,0
2474,0
2475,0
2476,0
2477,0
2478,0
2479,0
2480,0
2481,0
2482,0
2483,0
2484,0
2485,0
2486,0
2487,0
2488,0
2489,0
2490,0
2491,0
2492,0
2493,0
2494,0
2495,0
2496,0
2497,0
2498,0
2499,0
2500,0
2501,0
2502,0
2503,0
2504,0
2505,0
2506,0
2507,0
2508,0
2509,0
2510,0
2511,0
2512,0
2513,0
2514,0
2515,0
2516,0
2517,0
2518,0
2519,0
2520,0
2521,0
2522,0
2523,0
2524,0
2525,0
2526,0
2527,0
2528,0
2529,0
2530,0
2531,0
2532,0
2533,0
2534,0
2535,0
2536,0
2537,0
2538,0
2539,0
2540,0
2541,0
2542,0
2543,0
2544,0
2545,0
2546,0
2547,0
2548,0
2549,0
2550,0
2551,0
2552,0
2553,0
2554,0
2555,0
2556,0
2557,0
2558,0
2559,0
2560,0
2561,0
2562,0
2563,0
2564,0
2565,0
2566,0
2567,0
2568,0
2569,0
2570,0
2571,0
2572,0
2573,0
2574,0
2575,0
2576,0
2577,0
2578,0
2579,0
2580,0
2581,0
2582,0
2583,0
2584,0
2585,0
2586,0
2587,0
2588,0
2589,0
2590,0
2591,0
2592,0
2593,0
2594,0
2595,0
2596,0
2597,0
2598,0
2599,0
2600,0
2601,0
2602,0
2603,0
2604,0
2605,0
2606,0
2607,0
2608,0
2609,0
2610,0
2611,0
2612,0
2613,0
2614,0
2615,0
2616,0
2617,0
2618,0
2619,0
2620,0
2621,0
2622,0
2623,0
2624,0
2625,0
2626,0
2627,0
2628,0
2629,0
2630,0
2631,0
2632,0
2633,0
2634,0
2635,0
2636,0
2637,0
2638,0
2639,0
2640,0
2641,0
2642,0
2643,0
2644,0
2645,0
2646,0
2647,0
2648,0
2649,0
2650,0
2651,0
2652,0
2653,0
2654,0
2655,0
2656,0
2657,0
2658,0
2659,0
2660,0
2661,0
2662,0
2663,0
2664,0
2665,0
2666,0
2667,0
2668,0
2669,0
2670,0
2671,0
2672,0
2673,0
2674,0
2675,0
2676,0
2677,0
2678,0
2679,0
2680,0
2681,0
2682,0
2683,0
2684,0
2685,0
2686,0
2687,0
2688,0
2689,0
2690,0
2691,0
2692,0
2693,0
2694,0
2695,0
2696,0
2697,0
2698,0
2699,0
2700,0
2701,0
2702,0
2703,0
2704,0
2705,0
2706,0
2707,0
2708,0
2709,0
2710,0
2711,0
2712,0
2713,0
2714,0
2715,0
2716,0
2717,0
2718,0
2719,0
2720,0
2721,0
2722,0
2723,0
2724,0
2725,0
2726,0
2727,0
2728,0
2729,0
2730,0
2731,0
2732,0
2733,0
2734,0
2735,0
2736,0
2737,0
2738,0
2739,0
2740,0
2741,0
2742,0
2743,0
2744,0
2745,0
2746,0
2747,0
2748,0
2749,0
2750,0
2751,0
2752,0
2753,0
2754,0
2755,0
2756,0
2757,0
2758,0
2759,0
2760,0
2761,0
2762,0
2763,0
2764,0
2765,0
2766,0
2767,0
2768,0
2769,0
2770,0
2771,0
2772,0
2773,0
2774,0
2775,0
2776,0
2777,0
2778,0
2779,0
2780,0
2781,0
2782,0
2783,0
2784,0
2785,0
2786,0
2787,0
2788,0
2789,0
2790,0
2791,0
2792,0
2793,0
2794,0
2795,0
2796,0
2797,0
2798,0
2799,0
2800,0
2801,0
2802,0
2803,0
2804,0
2805,0
2806,0
2807,0
2808,0
2809,0
2810,0
2811,0
2812,0
2813,0
2814,0
2815,0
2816,0
2817,0
2818,0
2819,0
2820,0
2821,0
2822,0
2823,0
2824,0
2825,0
2826,0
2827,0
2828,0
2829,0
2830,0
2831,0
2832,0
2833,0
2834,0
2835,0
2836,0
2837,0
2838,0
2839,0
2840,0
2841,0
2842,0
2843,0
2844,0
2845,0
2846,0
2847,0
2848,0
2849,0
2850,0
2851,0
2852,0
2853,0
2854,0
2855,0
2856,0
2857,0
2858,0
2859,0
2860,0
2861,0
2862,0
2863,0
2864,0
2865,0
2866,0
2867,0
2868,0
2869,0
2870,0
2871,0
2872,0
2873,0
2874,0
2875,0
2876,0
2877,0
2878,0
2879,0
2880,0
2881,0
2882,0
2883,0
2884,0
2885,0
2886,0
2887,0
2888,0
2889,0
2890,0
2891,0
2892,0
2893,0
2894,0
2895,0
2896,0
2897,0
2898,0
2899,0
2900,0
2901,0
2902,0
2903,0
2904,0
2905,0
2906,0
2907,0
2908,0
2909,0
2910,0
2911,0
2912,0
2913,0
2914,0
2915,0
2916,0
2917,0
2918,0
2919,0
2920,0
2921,0
2922,0
2923,0
2924,0
2925,0
2926,0
2927,0
2928,0
2929,0
2930,0
2931,0
2932,0
2933,0
2934,0
2935,0
2936,0
2937,0
2938,0
2939,0
2940,0
2941,0
2942,0
2943,0
2944,0
2945,0
2946,0
2947,0
2948,0
2949,0
2950,0
2951,0
2952,0
2953,0
2954,0
2955,0
2956,0
2957,0
2958,0
2959,0
2960,0
2961,0
2962,0
2963,0
2964,0
2965,0
2966,0
2967,0
2968,0
2969,0
2970,0
2971,0
2972,0
2973,0
2974,0
2975,0
2976,0
2977,0
2978,0
2979,0
2980,0
2981,0
2982,0
2983,0
2984,0
2985,0
2986,0
2987,0
2988,0
2989,0
2990,0
2991,0
2992,0
2993,0
2994,0
2995,0
2996,0
2997,0
2998,0
2999,0
3000,0
3001,0
3002,0
3003,0
3004,0
3005,0
3006,0
3007,0
3008,0
3009,0
3010,0
3011,0
3012,0
3013,0
3014,0
3015,0
3016,0
3017,0
3018,0
3019,0
3020,0
3021,0
3022,0
3023,0
3024,0
3025,0
3026,0
3027,0
3028,0
3029,0
3030,0
3031,0
3032,0
3033,0
3034,0
3035,0
3036,0
3037,0
3038,0
3039,0
3040,0
3041,0
3042,0
3043,0
3044,0
3045,0
3046,0
3047,0
3048,0
3049,0
3050,0
3051,0
3052,0
3053,0
3054,0
3055,0
3056,0
3057,0
3058,0
3059,0
3060,0
3061,0
3062,0
3063,0
3064,0
3065,0
3066,0
3067,0
3068,0
3069,0
3070,0
3071,0
3072,0
3073,0
3074,0
3075,0
3076,0
3077,0
3078,0
3079,0
3080,0
3081,0
3082,0
3083,0
3084,0
3085,0
3086,0
3087,0
3088,0
3089,0
3090,0
3091,0
3092,0
3093,0
3094,0
3095,0
3096,0
3097,0
3098,0
3099,0
3100,0
3101,0
3102,0
3103,0
3104,0
3105,0
3106,0
3107,0
3108,0
3109,0
3110,0
3111,0
3112,0
3113,0
3114,0
3115,0
3116,0
3117,0
3118,0
3119,0
3120,0
3121,0
3122,0
3123,0
3124,0
3125,0
3126,0
3127,0
3128,0
3129,0
3130,0
3131,0
3132,0
3133,0
3134,0
3135,0
3136,0
3137,0
3138,0
3139,0
3140,0
3141,0
3142,0
3143,0
3144,0
3145,0
3146,0
3147,0
3148,0
3149,0
3150,0
3151,0
3152,0
3153,0
3154,0
3155,0
3156,0
3157,0
3158,0
3159,0
3160,0
3161,0
3162,0
3163,0
3164,0
3165,0
3166,0
3167,0
3168,0
3169,0
3170,0
3171,0
3172,0
3173,0
3174,0
3175,0
3176,0
3177,0
3178,0
3179,0
3180,0
3181,0
3182,0
3183,0
3184,0
3185,0
3186,0
3187,0
3188,0
3189,0
3190,0
3191,0
3192,0
3193,0
3194,0
3195,0
3196,0
3197,0
3198,0
3199,0
3200,0
3201,0
3202,0
3203,0
3204,0
3205,0
3206,0
3207,0
3208,0
3209,0
3210,0
3211,0
3212,0
3213,0
3214,0
3215,0
3216,0
3217,0
3218,0
3219,0
3220,0
3221,0
3222,0
3223,0
3224,0
3225,0
3226,0
3227,0
3228,0
3229,0
3230,0
3231,0
3232,0
3233,0
3234,0
3235,0
3236,0
3237,0
3238,0
3239,0
3240,0
3241,0
3242,0
3243,0
3244,0
3245,0
3246,0
3247,0
3248,0
3249,0
3250,0
3251,0
3252,0
3253,0
3254,0
3255,0
3256,0
3257,0
3258,0
3259,0
3260,0
3261,0
3262,0
3263,0
3264,0
3265,0
3266,0
3267,0
3268,0
3269,0
3270,0
3271,0
3272,0
3273,0
3274,0
3275,0
3276,0
3277,0
3278,0
3279,0
3280,0
3281,0
3282,0
3283,0
3284,0
3285,0
3286,0
3287,0
3288,0
3289,0
3290,0
3291,0
3292,0
3293,0
3294,0
3295,0
3296,0
3297,0
3298,0
3299,0
3300,0
3301,0
3302,0
3303,0
3304,0
3305,0
3306,0
3307,0
3308,0
3309,0
3310,0
3311,0
3312,0
3313,0
3314,0
3315,0
3316,0
3317,0
3318,0
3319,0
3320,0
3321,0
3322,0
3323,0
3324,0
3325,0
3326,0
3327,0
3328,0
3329,0
3330,0
3331,0
3332,0
3333,0
3334,0
3335,0
3336,0
3337,0
3338,0
3339,0
3340,0
3341,0
3342,0
3343,0
3344,0
3345,0
3346,0
3347,0
3348,0
3349,0
3350,0
3351,0
3352,0
3353,0
3354,0
3355,0
3356,0
3357,0
3358,0
3359,0
3360,0
3361,0
3362,0
3363,0
3364,0
3365,0
3366,0
3367,0
3368,0
3369,0
3370,0
3371,0
3372,0
3373,0
3374,0
3375,0
3376,0
3377,0
3378,0
3379,0
3380,0
3381,0
3382,0
3383,0
3384,0
3385,0
3386,0
3387,0
3388,0
3389,0
3390,0
3391,0
3392,0
3393,0
3394,0
3395,0
3396,0
3397,0
3398,0
3399,0
3400,0
3401,0
3402,0
3403,0
3404,0
3405,0
3406,0
3407,0
3408,0
3409,0
3410,0
3411,0
3412,0
3413,0
3414,0
3415,0
3416,0
3417,0
3418,0
3419,0
3420,0
3421,0
3422,0
3423,0
3424,0
3425,0
3426,0
3427,0
3428,0
3429,0
3430,0
3431,0
3432,0
3433,0
3434,0
3435,0
3436,0
3437,0
3438,0
3439,0
3440,0
3441,0
3442,0
3443,0
3444,0
3445,0
3446,0
3447,0
3448,0
3449,0
3450,0
3451,0
3452,0
3453,0
3454,0
3455,0
3456,0
3457,0
3458,0
3459,0
3460,0
3461,0
3462,0
3463,0
3464,0
3465,0
3466,0
3467,0
3468,0
3469,0
3470,0
3471,0
3472,0
3473,0
3474,0
3475,0
3476,0
3477,0
3478,0
3479,0
3480,0
3481,0
3482,0
3483,0
3484,0
3485,0
3486,0
3487,0
3488,0
3489,0
3490,0
3491,0
3492,0
3493,0
3494,0
3495,0
3496,0
3497,0
3498,0
3499,0
3500,0
3501,0
3502,0
3503,0
3504,0
3505,0
3506,0
3507,0
3508,0
3509,0
3510,0
3511,0
3512,0
3513,0
3514,0
3515,0
3516,0
3517,0
3518,0
3519,0
3520,0
3521,0
3522,0
3523,0
3524,0
3525,0
3526,0
3527,0
3528,0
3529,0
3530,0
3531,0
3532,0
3533,0
3534,0
3535,0
3536,0
3537,0
3538,0
3539,0
3540,0
3541,0
3542,0
3543,0
3544,0
3545,0
3546,0
3547,0
3548,0
3549,0
3550,0
3551,0
3552,0
3553,0
3554,0
3555,0
3556,0
3557,0
3558,0
3559,0
3560,0
3561,0
3562,0
3563,0
3564,0
3565,0
3566,0
3567,0
3568,0
3569,0
3570,0
3571,0
3572,0
3573,0
3574,0
3575,0
3576,0
3577,0
3578,0
3579,0
3580,0
3581,0
3582,0
3583,0
3584,0
3585,0
3586,0
3587,0
3588,0
3589,0
3590,0
3591,0
3592,0
3593,0
3594,0
3595,0
3596,0
3597,0
3598,0
3599,0
3600,0
3601,0
3602,0
3603,0
3604,0
3605,0
3606,0
3607,0
3608,0
3609,0
3610,0
3611,0
3612,0
3613,0
3614,0
3615,0
3616,0
3617,0
3618,0
3619,0
3620,0
3621,0
3622,0
3623,0
3624,0
3625,0
3626,0
3627,0
3628,0
3629,0
3630,0
3631,0
3632,0
3633,0
3634,0
3635,0
3636,0
3637,0
3638,0
3639,0
3640,0
3641,0
3642,0
3643,0
3644,0
3645,0
3646,0
3647,0
3648,0
3649,0
3650,0
3651,0
3652,0
3653,0
3654,0
3655,0
3656,0
3657,0
3658,0
3659,0
3660,0
3661,0
3662,0
3663,0
3664,0
3665,0
3666,0
3667,0
3668,0
3669,0
3670,0
3671,0
3672,0
3673,0
3674,0
3675,0
3676,0
3677,0
3678,0
3679,0
3680,0
3681,0
3682,0
3683,0
3684,0
3685,0
3686,0
3687,0
3688,0
3689,0
3690,0
3691,0
3692,0
3693,0
3694,0
3695,0
3696,0
3697,0
3698,0
3699,0
3700,0
3701,0
3702,0
3703,0
3704,0
3705,0
3706,0
3707,0
3708,0
3709,0
3710,0
3711,0
3712,0
3713,0
3714,0
3715,0
3716,0
3717,0
3718,0
3719,0
3720,0
3721,0
3722,0
3723,0
3724,0
3725,0
3726,0
3727,0
3728,0
3729,0
3730,0
3731,0
3732,0
3733,0
3734,0
3735,0
3736,0
3737,0
3738,0
3739,0
3740,0
3741,0
3742,0
3743,0
3744,0
3745,0
3746,0
3747,0
3748,0
3749,0
3750,0
3751,0
3752,0
3753,0
3754,0
3755,0
3756,0
3757,0
3758,0
3759,0
3760,0
3761,0
3762,0
3763,0
3764,0
3765,0
3766,0
3767,0
3768,0
3769,0
3770,0
3771,0
3772,0
3773,0
3774,0
3775,0
3776,0
3777,0
3778,0
3779,0
3780,0
3781,0
3782,0
3783,0
3784,0
3785,0
3786,0
3787,0
3788,0
3789,0
3790,0
3791,0
3792,0
3793,0
3794,0
3795,0
3796,0
3797,0
3798,0
3799,0
3800,0
3801,0
3802,0
3803,0
3804,0
3805,0
3806,0
3807,0
3808,0
3809,0
3810,0
3811,0
3812,0
3813,0
3814,0
3815,0
3816,0
3817,0
3818,0
3819,0
3820,0
3821,0
3822,0
3823,0
3824,0
3825,0
3826,0
3827,0
3828,0
3829,0
3830,0
3831,0
3832,0
3833,0
3834,0
3835,0
3836,0
3837,0
3838,0
3839,0
3840,0
3841,0
3842,0
3843,0
3844,0
3845,0
3846,0
3847,0
3848,0
3849,0
3850,0
3851,0
3852,0
3853,0
3854,0
3855,0
3856,0
3857,0
3858,0
3859,0
3860,0
3861,0
3862,0
3863,0
3864,0
3865,0
3866,0
3867,0
3868,0
3869,0
3870,0
3871,0
3872,0
3873,0
3874,0
3875,0
3876,0
3877,0
3878,0
3879,0
3880,0
3881,0
3882,0
3883,0
3884,0
3885,0
3886,0
3887,0
3888,0
3889,0
3890,0
3891,0
3892,0
3893,0
3894,0
3895,0
3896,0
3897,0
3898,0
3899,0
3900,0
3901,0
3902,0
3903,0
3904,0
3905,0
3906,0
3907,0
3908,0
3909,0
3910,0
3911,0
3912,0
3913,0
3914,0
3915,0
3916,0
3917,0
3918,0
3919,0
3920,0
3921,0
3922,0
3923,0
3924,0
3925,0
3926,0
3927,0
3928,0
3929,0
3930,0
3931,0
3932,0
3933,0
3934,0
3935,0
3936,0
3937,0
3938,0
3939,0
3940,0
3941,0
3942,0
3943,0
3944,0
3945,0
3946,0
3947,0
3948,0
3949,0
3950,0
3951,0
3952,0
3953,0
3954,0
3955,0
3956,0
3957,0
3958,0
3959,0
3960,0
3961,0
3962,0
3963,0
3964,0
3965,0
3966,0
3967,0
3968,0
3969,0
3970,0
3971,0
3972,0
3973,0
3974,0
3975,0
3976,0
3977,0
3978,0
3979,0
3980,0
3981,0
3982,0
3983,0
3984,0
3985,0
3986,0
3987,0
3988,0
3989,0
3990,0
3991,0
3992,0
3993,0
3994,0
3995,0
3996,0
3997,0
3998,0
3999,0
4000,0
4001,0
4002,0
4003,0
4004,0
4005,0
4006,0
4007,0
4008,0
4009,0
4010,0
4011,0
4012,0
4013,0
4014,0
4015,0
4016,0
4017,0
4018,0
4019,0
4020,0
4021,0
4022,0
4023,0
4024,0
4025,0
4026,0
4027,0
4028,0
4029,0
4030,0
4031,0
4032,0
4033,0
4034,0
4035,0
4036,0
4037,0
4038,0
4039,0
4040,0
4041,0
4042,0
4043,0
4044,0
4045,0
4046,0
4047,0
4048,0
4049,0
4050,0
4051,0
4052,0
4053,0
4054,0
4055,0
4056,0
4057,0
4058,0
4059,0
4060,0
4061,0
4062,0
4063,0
4064,0
4065,0
4066,0
4067,0
4068,0
4069,0
4070,0
4071,0
4072,0
4073,0
4074,0
4075,0
4076,0
4077,0
4078,0
4079,0
4080,0
4081,0
4082,0
4083,0
4084,0
4085,0
4086,0
4087,0
4088,0
4089,0
4090,0
4091,0
4092,0
4093,0
4094,0
4095,0
4096,0
4097,0
4098,0
4099,0
4100,0
4101,0
4102,0
4103,0
4104,0
4105,0
4106,0
4107,0
4108,0
4109,0
4110,0
4111,0
4112,0
4113,0
4114,0
4115,0
4116,0
4117,0
4118,0
4119,0
4120,0
4121,0
4122,0
4123,0
4124,0
4125,0
4126,0
4127,0
4128,0
4129,0
4130,0
4131,0
4132,0
4133,0
4134,0
4135,0
4136,0
4137,0
4138,0
4139,0
4140,0
4141,0
4142,0
4143,0
4144,0
4145,0
4146,0
4147,0
4148,0
4149,0
4150,0
4151,0
4152,0
4153,0
4154,0
4155,0
4156,0
4157,0
4158,0
4159,0
4160,0
4161,0
4162,0
4163,0
4164,0
4165,0
4166,0
4167,0
4168,0
4169,0
4170,0
4171,0
4172,0
4173,0
4174,0
4175,0
4176,0
4177,0
4178,0
4179,0
4180,0
4181,0
4182,0
4183,0
4184,0
4185,0
4186,0
4187,0
4188,0
4189,0
4190,0
4191,0
4192,0
4193,0
4194,0
4195,0
4196,0
4197,0
4198,0
4199,0
4200,0
4201,0
4202,0
4203,0
4204,0
4205,0
4206,0
4207,0
4208,0
4209,0
4210,0
4211,0
4212,0
4213,0
4214,0
4215,0
4216,0
4217,0
4218,0
4219,0
4220,0
4221,0
4222,0
4223,0
4224,0
4225,0
4226,0
4227,0
4228,0
4229,0
4230,0
4231,0
4232,0
4233,0
4234,0
4235,0
4236,0
4237,0
4238,0
4239,0
4240,0
4241,0
4242,0
4243,0
4244,0
4245,0
4246,0
4247,0
4248,0
4249,0
4250,0
4251,0
4252,0
4253,0
4254,0
4255,0
4256,0
4257,0
4258,0
4259,0
4260,0
4261,0
4262,0
4263,0
4264,0
4265,0
4266,0
4267,0
4268,0
4269,0
4270,0
4271,0
4272,0
4273,0
4274,0
4275,0
4276,0
4277,0
4278,0
4279,0
4280,0
4281,0
4282,0
4283,0
4284,0
4285,0
4286,0
4287,0
4288,0
4289,0
4290,0
4291,0
4292,0
4293,0
4294,0
4295,0
4296,0
4297,0
4298,0
4299,0
4300,0
4301,0
4302,0
4303,0
4304,0
4305,0
4306,0
4307,0
4308,0
4309,0
4310,0
4311,0
4312,0
4313,0
4314,0
4315,0
4316,0
4317,0
4318,0
4319,0
4320,0
4321,0
4322,0
4323,0
4324,0
4325,0
4326,0
4327,0
4328,0
4329,0
4330,0
4331,0
4332,0
4333,0
4334,0
4335,0
4336,0
4337,0
4338,0
4339,0
4340,0
4341,0
4342,0
4343,0
4344,0
4345,0
4346,0
4347,0
4348,0
4349,0
4350,0
4351,0
4352,0
4353,0
4354,0
4355,0
4356,0
4357,0
4358,0
4359,0
4360,0
4361,0
4362,0
4363,0
4364,0
4365,0
4366,0
4367,0
4368,1
4369,1
4370,1
4371,1
4372,1
4373,1
4374,1
4375,1
4376,1
4377,1
4378,1
4379,1
4380,1
4381,1
4382,1
4383,1
4384,1
4385,1
4386,1
4387,1
4388,1
4389,1
4390,1
4391,1
4392,1
4393,1
4394,1
4395,1
4396,1
4397,1
4398,1
4399,1
4400,1
4401,1
4402,1
4403,1
4404,1
4405,1
4406,1
4407,1
4408,1
4409,1
4410,1
4411,1
4412,1
4413,1
4414,1
4415,1
4416,1
4417,1
4418,1
4419,1
4420,1
4421,1
4422,1
4423,1
4424,1
4425,1
4426,1
4427,1
4428,1
4429,1
4430,1
4431,1
4432,1
4433,1
4434,1
4435,1
4436,1
4437,1
4438,1
4439,1
4440,1
4441,1
4442,1
4443,1
4444,1
4445,1
4446,1
4447,1
4448,1
4449,1
4450,1
4451,1
4452,1
4453,1
4454,1
4455,1
4456,1
4457,1
4458,1
4459,1
4460,1
4461,1
4462,1
4463,1
4464,1
4465,1
4466,1
4467,1
4468,1
4469,1
4470,1
4471,1
4472,1
4473,1
4474,1
4475,1
4476,1
4477,1
4478,1
4479,1
4480,1
4481,1
4482,1
4483,1
4484,1
4485,1
4486,1
4487,1
4488,1
4489,1
4490,1
4491,1
4492,1
4493,1
4494,1
4495,1
4496,1
4497,1
4498,1
4499,1
4500,1
4501,1
4502,1
4503,1
4504,1
4505,1
4506,1
4507,1
4508,1
4509,1
4510,1
4511,1
4512,1
4513,1
4514,1
4515,1
4516,1
4517,1
4518,1
4519,1
4520,1
4521,1
4522,1
4523,1
4524,1
4525,1
4526,1
4527,1
4528,1
4529,1
4530,1
4531,1
4532,1
4533,1
4534,1
4535,1
4536,1
4537,1
4538,1
4539,1
4540,1
4541,1
4542,1
4543,1
4544,1
4545,1
4546,1
4547,1
4548,1
4549,1
4550,1
4551,1
4552,1
4553,1
4554,1
4555,1
4556,1
4557,1
4558,1
4559,1
4560,1
4561,1
4562,1
4563,1
4564,1
4565,1
4566,1
4567,1
4568,1
4569,1
4570,1
4571,1
4572,1
4573,1
4574,1
4575,1
4576,1
4577,1
4578,1
4579,1
4580,1
4581,1
4582,1
4583,1
4584,1
4585,1
4586,1
4587,1
4588,1
4589,1
4590,1
4591,1
4592,1
4593,1
4594,1
4595,1
4596,1
4597,1
4598,1
4599,1
4600,1
4601,1
4602,1
4603,1
4604,1
4605,1
4606,1
4607,1
4608,1
4609,1
4610,1
4611,1
4612,1
4613,1
4614,1
4615,1
4616,1
4617,1
4618,1
4619,1
4620,1
4621,1
4622,1
4623,1
4624,1
4625,1
4626,1
4627,1
4628,1
4629,1
4630,1
4631,1
4632,1
4633,1
4634,1
4635,1
4636,1
4637,1
4638,1
4639,1
4640,1
4641,1
4642,1
4643,1
4644,1
4645,1
4646,1
4647,1
4648,1
4649,1
4650,1
4651,1
4652,1
4653,1
4654,1
4655,1
4656,1
4657,1
4658,1
4659,1
4660,1
4661,1
4662,1
4663,1
4664,1
4665,1
4666,1
4667,1
4668,1
4669,1
4670,1
4671,1
4672,1
4673,1
4674,1
4675,1
4676,1
4677,1
4678,1
4679,1
4680,1
4681,1
4682,1
4683,1
4684,1
4685,1
4686,1
4687,1
4688,1
4689,1
4690,1
4691,1
4692,1
4693,1
4694,1
4695,1
4696,1
4697,1
4698,1
4699,1
4700,1
4701,1
4702,1
4703,1
4704,1
4705,1
4706,1
4707,1
4708,1
4709,1
4710,1
4711,1
4712,1
4713,1
4714,1
4715,1
4716,1
4717,1
4718,1
4719,1
4720,1
4721,1
4722,1
4723,1
4724,1
4725,1
4726,1
4727,1
4728,1
4729,1
4730,1
4731,1
4732,1
4733,1
4734,1
4735,1
4736,1
4737,1
4738,1
4739,1
4740,1
4741,1
4742,1
4743,1
4744,1
4745,1
4746,1
4747,1
4748,1
4749,1
4750,1
4751,1
4752,1
4753,1
4754,1
4755,1
4756,1
4757,1
4758,1
4759,1
4760,1
4761,1
4762,1
4763,1
4764,1
4765,1
4766,1
4767,1
4768,1
4769,1
4770,1
4771,1
4772,1
4773,1
4774,1
4775,1
4776,1
4777,1
4778,1
4779,1
4780,1
4781,1
4782,1
4783,1
4784,1
4785,1
4786,1
4787,1
4788,1
4789,1
4790,1
4791,1
4792,1
4793,1
4794,1
4795,1
4796,1
4797,1
4798,1
4799,1
4800,1
4801,1
4802,1
4803,1
4804,1
4805,1
4806,1
4807,1
4808,1
4809,1
4810,1
4811,1
4812,1
4813,1
4814,1
4815,1
4816,1
4817,1
4818,1
4819,1
4820,1
4821,1
4822,1
4823,1
4824,1
4825,1
4826,1
4827,1
4828,1
4829,1
4830,1
4831,1
4832,1
4833,1
4834,1
4835,1
4836,1
4837,1
4838,1
4839,1
4840,1
4841,1
4842,1
4843,1
4844,1
4845,1
4846,1
4847,1
4848,1
4849,1
4850,1
4851,1
4852,1
4853,1
4854,1
4855,1
4856,1
4857,1
4858,1
4859,1
4860,1
4861,1
4862,1
4863,1
4864,1
4865,1
4866,1
4867,1
4868,1
4869,1
4870,1
4871,1
4872,1
4873,1
4874,1
4875,1
4876,1
4877,1
4878,1
4879,1
4880,1
4881,1
4882,1
4883,1
4884,1
4885,1
4886,1
4887,1
4888,1
4889,1
4890,1
4891,1
4892,1
4893,1
4894,1
4895,1
4896,1
4897,1
4898,1
4899,1
4900,1
4901,1
4902,1
4903,1
4904,1
4905,1
4906,1
4907,1
4908,1
4909,1
4910,1
4911,1
4912,1
4913,1
4914,1
4915,1
4916,1
4917,1
4918,1
4919,1
4920,1
4921,1
4922,1
4923,1
4924,1
4925,1
4926,1
4927,1
4928,1
4929,1
4930,1
4931,1
4932,1
4933,1
4934,1
4935,1
4936,1
4937,1
4938,1
4939,1
4940,1
4941,1
4942,1
4943,1
4944,1
4945,1
4946,1
4947,1
4948,1
4949,1
4950,1
4951,1
4952,1
4953,1
4954,1
4955,1
4956,1
4957,1
4958,1
4959,1
4960,1
4961,1
4962,1
4963,1
4964,1
4965,1
4966,1
4967,1
4968,1
4969,1
4970,1
4971,1
4972,1
4973,1
4974,1
4975,1
4976,1
4977,1
4978,1
4979,1
4980,1
4981,1
4982,1
4983,1
4984,1
4985,1
4986,1
4987,1
4988,1
4989,1
4990,1
4991,1
4992,1
4993,1
4994,1
4995,1
4996,1
4997,1
4998,1
4999,1
5000,1
5001,1
5002,1
5003,1
5004,1
5005,1
5006,1
5007,1
5008,1
5009,1
5010,1
5011,1
5012,1
5013,1
5014,1
5015,1
5016,1
5017,1
5018,1
5019,1
5020,1
5021,1
5022,1
5023,1
5024,1
5025,1
5026,1
5027,1
5028,1
5029,1
5030,1
5031,1
5032,1
5033,1
5034,1
5035,1
5036,1
5037,1
5038,1
5039,1
5040,1
5041,1
5042,1
5043,1
5044,1
5045,1
5046,1
5047,1
5048,1
5049,1
5050,1
5051,1
5052,1
5053,1
5054,1
5055,1
5056,1
5057,1
5058,1
5059,1
5060,1
5061,1
5062,1
5063,1
5064,1
5065,1
5066,1
5067,1
5068,1
5069,1
5070,1
5071,1
5072,1
5073,1
5074,1
5075,1
5076,1
5077,1
5078,1
5079,1
5080,1
5081,1
5082,1
5083,1
5084,1
5085,1
5086,1
5087,1
5088,1
5089,1
5090,1
5091,1
5092,1
5093,1
5094,1
5095,1
5096,1
5097,1
5098,1
5099,1
5100,1
5101,1
5102,1
5103,1
5104,1
5105,1
5106,1
5107,1
5108,1
5109,1
5110,1
5111,1
5112,1
5113,1
5114,1
5115,1
5116,1
5117,1
5118,1
5119,1
5120,1
5121,1
5122,1
5123,1
5124,1
5125,1
5126,1
5127,1
5128,1
5129,1
5130,1
5131,1
5132,1
5133,1
5134,1
5135,1
5136,1
5137,1
5138,1
5139,1
5140,1
5141,1
5142,1
5143,1
5144,1
5145,1
5146,1
5147,1
5148,1
5149,1
5150,1
5151,1
5152,1
5153,1
5154,1
5155,1
5156,1
5157,1
5158,1
5159,1
5160,1
5161,1
5162,1
5163,1
5164,1
5165,1
5166,1
5167,1
5168,1
5169,1
5170,1
5171,1
5172,1
5173,1
5174,1
5175,1
5176,1
5177,1
5178,1
5179,1
5180,1
5181,1
5182,1
5183,1
5184,1
5185,1
5186,1
5187,1
5188,1
5189,1
5190,1
5191,1
5192,1
5193,1
5194,1
5195,1
5196,1
5197,1
5198,1
5199,1
5200,1
5201,1
5202,1
5203,1
5204,1
5205,1
5206,1
5207,1
5208,1
5209,1
5210,1
5211,1
5212,1
5213,1
5214,1
5215,1
5216,1
5217,1
5218,1
5219,1
5220,1
5221,1
5222,1
5223,1
5224,1
5225,1
5226,1
5227,1
5228,1
5229,1
5230,1
5231,1
5232,1
5233,1
5234,1
5235,1
5236,1
5237,1
5238,1
5239,1
5240,1
5241,1
5242,1
5243,1
5244,1
5245,1
5246,1
5247,1
5248,1
5249,1
5250,1
5251,1
5252,1
5253,1
5254,1
5255,1
5256,1
5257,1
5258,1
5259,1
5260,1
5261,1
5262,1
5263,1
5264,1
5265,1
5266,1
5267,1
5268,1
5269,1
5270,1
5271,1
5272,1
5273,1
5274,1
5275,1
5276,1
5277,1
5278,1
5279,1
5280,1
5281,1
5282,1
5283,1
5284,1
5285,1
5286,1
5287,1
5288,1
5289,1
5290,1
5291,1
5292,1
5293,1
5294,1
5295,1
5296,1
5297,1
5298,1
5299,1
5300,1
5301,1
5302,1
5303,1
5304,1
5305,1
5306,1
5307,1
5308,1
5309,1
5310,1
5311,1
5312,1
5313,1
5314,1
5315,1
5316,1
5317,1
5318,1
5319,1
5320,1
5321,1
5322,1
5323,1
5324,1
5325,1
5326,1
5327,1
5328,1
5329,1
5330,1
5331,1
5332,1
5333,1
5334,1
5335,1
5336,1
5337,1
5338,1
5339,1
5340,1
5341,1
5342,1
5343,1
5344,1
5345,1
5346,1
5347,1
5348,1
5349,1
5350,1
5351,1
5352,1
5353,1
5354,1
5355,1
5356,1
5357,1
5358,1
5359,1
5360,1
5361,1
5362,1
5363,1
5364,1
5365,1
5366,1
5367,1
5368,1
5369,1
5370,1
5371,1
5372,1
5373,1
5374,1
5375,1
5376,1
5377,1
5378,1
5379,1
5380,1
5381,1
5382,1
5383,1
5384,1
5385,1
5386,1
5387,1
5388,1
5389,1
5390,1
5391,1
5392,1
5393,1
5394,1
5395,1
5396,1
5397,1
5398,1
5399,1
5400,1
5401,1
5402,1
5403,1
5404,1
5405,1
5406,1
5407,1
5408,1
5409,1
5410,1
5411,1
5412,1
5413,1
5414,1
5415,1
5416,1
5417,1
5418,1
5419,1
5420,1
5421,1
5422,1
5423,1
5424,1
5425,1
5426,1
5427,1
5428,1
5429,1
5430,1
5431,1
5432,1
5433,1
5434,1
5435,1
5436,1
5437,1
5438,1
5439,1
5440,1
5441,1
5442,1
5443,1
5444,1
5445,1
5446,1
5447,1
5448,1
5449,1
5450,1
5451,1
5452,1
5453,1
5454,1
5455,1
5456,1
5457,1
5458,1
5459,1
5460,1
5461,1
5462,1
5463,1
5464,1
5465,1
5466,1
5467,1
5468,1
5469,1
5470,1
5471,1
5472,1
5473,1
5474,1
5475,1
5476,1
5477,1
5478,1
5479,1
5480,1
5481,1
5482,1
5483,1
5484,1
5485,1
5486,1
5487,1
5488,1
5489,1
5490,1
5491,1
5492,1
5493,1
5494,1
5495,1
5496,1
5497,1
5498,1
5499,1
5500,1
5501,1
5502,1
5503,1
5504,1
5505,1
5506,1
5507,1
5508,1
5509,1
5510,1
5511,1
5512,1
5513,1
5514,1
5515,1
5516,1
5517,1
5518,1
5519,1
5520,1
5521,1
5522,1
5523,1
5524,1
5525,1
5526,1
5527,1
5528,1
5529,1
5530,1
5531,1
5532,1
5533,1
5534,1
5535,1
5536,1
5537,1
5538,1
5539,1
5540,1
5541,1
5542,1
5543,1
5544,1
5545,1
5546,1
5547,1
5548,1
5549,1
5550,1
5551,1
5552,1
5553,1
5554,1
5555,1
5556,1
5557,1
5558,1
5559,1
5560,1
5561,1
5562,1
5563,1
5564,1
5565,1
5566,1
5567,1
5568,1
5569,1
5570,1
5571,1
5572,1
5573,1
5574,1
5575,1
5576,1
5577,1
5578,1
5579,1
5580,1
5581,1
5582,1
5583,1
5584,1
5585,1
5586,1
5587,1
5588,1
5589,1
5590,1
5591,1
5592,1
5593,1
5594,1
5595,1
5596,1
5597,1
5598,1
5599,1
5600,1
5601,1
5602,1
5603,1
5604,1
5605,1
5606,1
5607,1
5608,1
5609,1
5610,1
5611,1
5612,1
5613,1
5614,1
5615,1
5616,1
5617,1
5618,1
5619,1
5620,1
5621,1
5622,1
5623,1
5624,1
5625,1
5626,1
5627,1
5628,1
5629,1
5630,1
5631,1
5632,1
5633,1
5634,1
5635,1
5636,1
5637,1
5638,1
5639,1
5640,1
5641,1
5642,1
5643,1
5644,1
5645,1
5646,1
5647,1
5648,1
5649,1
5650,1
5651,1
5652,1
5653,1
5654,1
5655,1
5656,1
5657,1
5658,1
5659,1
5660,1
5661,1
5662,1
5663,1
5664,1
5665,1
5666,1
5667,1
5668,1
5669,1
5670,1
5671,1
5672,1
5673,1
5674,1
5675,1
5676,1
5677,1
5678,1
5679,1
5680,1
5681,1
5682,1
5683,1
5684,1
5685,1
5686,1
5687,1
5688,1
5689,1
5690,1
5691,1
5692,1
5693,1
5694,1
5695,1
5696,1
5697,1
5698,1
5699,1
5700,1
5701,1
5702,1
5703,1
5704,1
5705,1
5706,1
5707,1
5708,1
5709,1
5710,1
5711,1
5712,1
5713,1
5714,1
5715,1
5716,1
5717,1
5718,1
5719,1
5720,1
5721,1
5722,1
5723,1
5724,1
5725,1
5726,1
5727,1
5728,1
5729,1
5730,1
5731,1
5732,1
5733,1
5734,1
5735,1
5736,1
5737,1
5738,1
5739,1
5740,1
5741,1
5742,1
5743,1
5744,1
5745,1
5746,1
5747,1
5748,1
5749,1
5750,1
5751,1
5752,1
5753,1
5754,1
5755,1
5756,1
5757,1
5758,1
5759,1
5760,1
5761,1
5762,1
5763,1
5764,1
5765,1
5766,1
5767,1
5768,1
5769,1
5770,1
5771,1
5772,1
5773,1
5774,1
5775,1
5776,1
5777,1
5778,1
5779,1
5780,1
5781,1
5782,1
5783,1
5784,1
5785,1
5786,1
5787,1
5788,1
5789,1
5790,1
5791,1
5792,1
5793,1
5794,1
5795,1
5796,1
5797,1
5798,1
5799,1
5800,1
5801,1
5802,1
5803,1
5804,1
5805,1
5806,1
5807,1
5808,1
5809,1
5810,1
5811,1
5812,1
5813,1
5814,1
5815,1
5816,1
5817,1
5818,1
5819,1
5820,1
5821,1
5822,1
5823,1
5824,1
5825,1
5826,1
5827,1
5828,1
5829,1
5830,1
5831,1
5832,1
5833,1
5834,1
5835,1
5836,1
5837,1
5838,1
5839,1
5840,1
5841,1
5842,1
5843,1
5844,1
5845,1
5846,1
5847,1
5848,1
5849,1
5850,1
5851,1
5852,1
5853,1
5854,1
5855,1
5856,1
5857,1
5858,1
5859,1
5860,1
5861,1
5862,1
5863,1
5864,1
5865,1
5866,1
5867,1
5868,1
5869,1
5870,1
5871,1
5872,1
5873,1
5874,1
5875,1
5876,1
5877,1
5878,1
5879,1
5880,1
5881,1
5882,1
5883,1
5884,1
5885,1
5886,1
5887,1
5888,1
5889,1
5890,1
5891,1
5892,1
5893,1
5894,1
5895,1
5896,1
5897,1
5898,1
5899,1
5900,1
5901,1
5902,1
5903,1
5904,1
5905,1
5906,1
5907,1
5908,1
5909,1
5910,1
5911,1
5912,1
5913,1
5914,1
5915,1
5916,1
5917,1
5918,1
5919,1
5920,1
5921,1
5922,1
5923,1
5924,1
5925,1
5926,1
5927,1
5928,1
5929,1
5930,1
5931,1
5932,1
5933,1
5934,1
5935,1
5936,1
5937,1
5938,1
5939,1
5940,1
5941,1
5942,1
5943,1
5944,1
5945,1
5946,1
5947,1
5948,1
5949,1
5950,1
5951,1
5952,1
5953,1
5954,1
5955,1
5956,1
5957,1
5958,1
5959,1
5960,1
5961,1
5962,1
5963,1
5964,1
5965,1
5966,1
5967,1
5968,1
5969,1
5970,1
5971,1
5972,1
5973,1
5974,1
5975,1
5976,1
5977,1
5978,1
5979,1
5980,1
5981,1
5982,1
5983,1
5984,1
5985,1
5986,1
5987,1
5988,1
5989,1
5990,1
5991,1
5992,1
5993,1
5994,1
5995,1
5996,1
5997,1
5998,1
5999,1
6000,1
6001,1
6002,1
6003,1
6004,1
6005,1
6006,1
6007,1
6008,1
6009,1
6010,1
6011,1
6012,1
6013,1
6014,1
6015,1
6016,1
6017,1
6018,1
6019,1
6020,1
6021,1
6022,1
6023,1
6024,1
6025,1
6026,1
6027,1
6028,1
6029,1
6030,1
6031,1
6032,1
6033,1
6034,1
6035,1
6036,1
6037,1
6038,1
6039,1
6040,1
6041,1
6042,1
6043,1
6044,1
6045,1
6046,1
6047,1
6048,1
6049,1
6050,1
6051,1
6052,1
6053,1
6054,1
6055,1
6056,1
6057,1
6058,1
6059,1
6060,1
6061,1
6062,1
6063,1
6064,1
6065,1
6066,1
6067,1
6068,1
6069,1
6070,1
6071,1
6072,1
6073,1
6074,1
6075,1
6076,1
6077,1
6078,1
6079,1
6080,1
6081,1
6082,1
6083,1
6084,1
6085,1
6086,1
6087,1
6088,1
6089,1
6090,1
6091,1
6092,1
6093,1
6094,1
6095,1
6096,1
6097,1
6098,1
6099,1
6100,1
6101,1
6102,1
6103,1
6104,1
6105,1
6106,1
6107,1
6108,1
6109,1
6110,1
6111,1
6112,1
6113,1
6114,1
6115,1
6116,1
6117,1
6118,1
6119,1
6120,1
6121,1
6122,1
6123,1
6124,1
6125,1
6126,1
6127,1
6128,1
6129,1
6130,1
6131,1
6132,1
6133,1
6134,1
6135,1
6136,1
6137,1
6138,1
6139,1
6140,1
6141,1
6142,1
6143,1
6144,1
6145,1
6146,1
6147,1
6148,1
6149,1
6150,1
6151,1
6152,1
6153,1
6154,1
6155,1
6156,1
6157,1
6158,1
6159,1
6160,1
6161,1
6162,1
6163,1
6164,1
6165,1
6166,1
6167,1
6168,1
6169,1
6170,1
6171,1
6172,1
6173,1
6174,1
6175,1
6176,1
6177,1
6178,1
6179,1
6180,1
6181,1
6182,1
6183,1
6184,1
6185,1
6186,1
6187,1
6188,1
6189,1
6190,1
6191,1
6192,1
6193,1
6194,1
6195,1
6196,1
6197,1
6198,1
6199,1
6200,1
6201,1
6202,1
6203,1
6204,1
6205,1
6206,1
6207,1
6208,1
6209,1
6210,1
6211,1
6212,1
6213,1
6214,1
6215,1
6216,1
6217,1
6218,1
6219,1
6220,1
6221,1
6222,1
6223,1
6224,1
6225,1
6226,1
6227,1
6228,1
6229,1
6230,1
6231,1
6232,1
6233,1
6234,1
6235,1
6236,1
6237,1
6238,1
6239,1
6240,1
6241,1
6242,1
6243,1
6244,1
6245,1
6246,1
6247,1
6248,1
6249,1
6250,1
6251,1
6252,1
6253,1
6254,1
6255,1
6256,1
6257,1
6258,1
6259,1
6260,1
6261,1
6262,1
6263,1
6264,1
6265,1
6266,1
6267,1
6268,1
6269,1
6270,1
6271,1
6272,1
6273,1
6274,1
6275,1
6276,1
6277,1
6278,1
6279,1
6280,1
6281,1
6282,1
6283,1
6284,1
6285,1
6286,1
6287,1
6288,1
6289,1
6290,1
6291,1
6292,1
6293,1
6294,1
6295,1
6296,1
6297,1
6298,1
6299,1
6300,1
6301,1
6302,1
6303,1
6304,1
6305,1
6306,1
6307,1
6308,1
6309,1
6310,1
6311,1
6312,1
6313,1
6314,1
6315,1
6316,1
6317,1
6318,1
6319,1
6320,1
6321,1
6322,1
6323,1
6324,1
6325,1
6326,1
6327,1
6328,1
6329,1
6330,1
6331,1
6332,1
6333,1
6334,1
6335,1
6336,1
6337,1
6338,1
6339,1
6340,1
6341,1
6342,1
6343,1
6344,1
6345,1
6346,1
6347,1
6348,1
6349,1
6350,1
6351,1
6352,1
6353,1
6354,1
6355,1
6356,1
6357,1
6358,1
6359,1
6360,1
6361,1
6362,1
6363,1
6364,1
6365,1
6366,1
6367,1
6368,1
6369,1
6370,1
6371,1
6372,1
6373,1
6374,1
6375,1
6376,1
6377,1
6378,1
6379,1
6380,1
6381,1
6382,1
6383,1
6384,1
6385,1
6386,1
6387,1
6388,1
6389,1
6390,1
6391,1
6392,1
6393,1
6394,1
6395,1
6396,1
6397,1
6398,1
6399,1
6400,1
6401,1
6402,1
6403,1
6404,1
6405,1
6406,1
6407,1
6408,1
6409,1
6410,1
6411,1
6412,1
6413,1
6414,1
6415,1
6416,1
6417,1
6418,1
6419,1
6420,1
6421,1
6422,1
6423,1
6424,1
6425,1
6426,1
6427,1
6428,1
6429,1
6430,1
6431,1
6432,1
6433,1
6434,1
6435,1
6436,1
6437,1
6438,1
6439,1
6440,1
6441,1
6442,1
6443,1
6444,1
6445,1
6446,1
6447,1
6448,1
6449,1
6450,1
6451,1
6452,1
6453,1
6454,1
6455,1
6456,1
6457,1
6458,1
6459,1
6460,1
6461,1
6462,1
6463,1
6464,1
6465,1
6466,1
6467,1
6468,1
6469,1
6470,1
6471,1
6472,1
6473,1
6474,1
6475,1
6476,1
6477,1
6478,1
6479,1
6480,1
6481,1
6482,1
6483,1
6484,1
6485,1
6486,1
6487,1
6488,1
6489,1
6490,1
6491,1
6492,1
6493,1
6494,1
6495,1
6496,1
6497,1
6498,1
6499,1
6500,1
6501,1
6502,1
6503,1
6504,1
6505,1
6506,1
6507,1
6508,1
6509,1
6510,1
6511,1
6512,1
6513,1
6514,1
6515,1
6516,1
6517,1
6518,1
6519,1
6520,1
6521,1
6522,1
6523,1
6524,1
6525,1
6526,1
6527,1
6528,1
6529,1
6530,1
6531,1
6532,1
6533,1
6534,1
6535,1
6536,1
6537,1
6538,1
6539,1
6540,1
6541,1
6542,1
6543,1
6544,1
6545,1
6546,1
6547,1
6548,1
6549,1
6550,1
6551,1
6552,2
6553,2
6554,2
6555,2
6556,2
6557,2
6558,2
6559,2
6560,2
6561,2
6562,2
6563,2
6564,2
6565,2
6566,2
6567,2
6568,2
6569,2
6570,2
6571,2
6572,2
6573,2
6574,2
6575,2
6576,2
6577,2
6578,2
6579,2
6580,2
6581,2
6582,2
6583,2
6584,2
6585,2
6586,2
6587,2
6588,2
6589,2
6590,2
6591,2
6592,2
6593,2
6594,2
6595,2
6596,2
6597,2
6598,2
6599,2
6600,2
6601,2
6602,2
6603,2
6604,2
6605,2
6606,2
6607,2
6608,2
6609,2
6610,2
6611,2
6612,2
6613,2
6614,2
6615,2
6616,2
6617,2
6618,2
6619,2
6620,2
6621,2
6622,2
6623,2
6624,2
6625,2
6626,2
6627,2
6628,2
6629,2
6630,2
6631,2
6632,2
6633,2
6634,2
6635,2
6636,2
6637,2
6638,2
6639,2
6640,2
6641,2
6642,2
6643,2
6644,2
6645,2
6646,2
6647,2
6648,2
6649,2
6650,2
6651,2
6652,2
6653,2
6654,2
6655,2
6656,2
6657,2
6658,2
6659,2
6660,2
6661,2
6662,2
6663,2
6664,2
6665,2
6666,2
6667,2
6668,2
6669,2
6670,2
6671,2
6672,2
6673,2
6674,2
6675,2
6676,2
6677,2
6678,2
6679,2
6680,2
6681,2
6682,2
6683,2
6684,2
6685,2
6686,2
6687,2
6688,2
6689,2
6690,2
6691,2
6692,2
6693,2
6694,2
6695,2
6696,2
6697,2
6698,2
6699,2
6700,2
6701,2
6702,2
6703,2
6704,2
6705,2
6706,2
6707,2
6708,2
6709,2
6710,2
6711,2
6712,2
6713,2
6714,2
6715,2
6716,2
6717,2
6718,2
6719,2
6720,2
6721,2
6722,2
6723,2
6724,2
6725,2
6726,2
6727,2
6728,2
6729,2
6730,2
6731,2
6732,2
6733,2
6734,2
6735,2
6736,2
6737,2
6738,2
6739,2
6740,2
6741,2
6742,2
6743,2
6744,2
6745,2
6746,2
6747,2
6748,2
6749,2
6750,2
6751,2
6752,2
6753,2
6754,2
6755,2
6756,2
6757,2
6758,2
6759,2
6760,2
6761,2
6762,2
6763,2
6764,2
6765,2
6766,2
6767,2
6768,2
6769,2
6770,2
6771,2
6772,2
6773,2
6774,2
6775,2
6776,2
6777,2
6778,2
6779,2
6780,2
6781,2
6782,2
6783,2
6784,2
6785,2
6786,2
6787,2
6788,2
6789,2
6790,2
6791,2
6792,2
6793,2
6794,2
6795,2
6796,2
6797,2
6798,2
6799,2
6800,2
6801,2
6802,2
6803,2
6804,2
6805,2
6806,2
6807,2
6808,2
6809,2
6810,2
6811,2
6812,2
6813,2
6814,2
6815,2
6816,2
6817,2
6818,2
6819,2
6820,2
6821,2
6822,2
6823,2
6824,2
6825,2
6826,2
6827,2
6828,2
6829,2
6830,2
6831,2
6832,2
6833,2
6834,2
6835,2
6836,2
6837,2
6838,2
6839,2
6840,2
6841,2
6842,2
6843,2
6844,2
6845,2
6846,2
6847,2
6848,2
6849,2
6850,2
6851,2
6852,2
6853,2
6854,2
6855,2
6856,2
6857,2
6858,2
6859,2
6860,2
6861,2
6862,2
6863,2
6864,2
6865,2
6866,2
6867,2
6868,2
6869,2
6870,2
6871,2
6872,2
6873,2
6874,2
6875,2
6876,2
6877,2
6878,2
6879,2
6880,2
6881,2
6882,2
6883,2
6884,2
6885,2
6886,2
6887,2
6888,2
6889,2
6890,2
6891,2
6892,2
6893,2
6894,2
6895,2
6896,2
6897,2
6898,2
6899,2
6900,2
6901,2
6902,2
6903,2
6904,2
6905,2
6906,2
6907,2
6908,2
6909,2
6910,2
6911,2
6912,2
6913,2
6914,2
6915,2
6916,2
6917,2
6918,2
6919,2
6920,2
6921,2
6922,2
6923,2
6924,2
6925,2
6926,2
6927,2
6928,2
6929,2
6930,2
6931,2
6932,2
6933,2
6934,2
6935,2
6936,2
6937,2
6938,2
6939,2
6940,2
6941,2
6942,2
6943,2
6944,2
6945,2
6946,2
6947,2
6948,2
6949,2
6950,2
6951,2
6952,2
6953,2
6954,2
6955,2
6956,2
6957,2
6958,2
6959,2
6960,2
6961,2
6962,2
6963,2
6964,2
6965,2
6966,2
6967,2
6968,2
6969,2
6970,2
6971,2
6972,2
6973,2
6974,2
6975,2
6976,2
6977,2
6978,2
6979,2
6980,2
6981,2
6982,2
6983,2
6984,2
6985,2
6986,2
6987,2
6988,2
6989,2
6990,2
6991,2
6992,2
6993,2
6994,2
6995,2
6996,2
6997,2
6998,2
6999,2
7000,2
7001,2
7002,2
7003,2
7004,2
7005,2
7006,2
7007,2
7008,2
7009,2
7010,2
7011,2
7012,2
7013,2
7014,2
7015,2
7016,2
7017,2
7018,2
7019,2
7020,2
7021,2
7022,2
7023,2
7024,2
7025,2
7026,2
7027,2
7028,2
7029,2
7030,2
7031,2
7032,2
7033,2
7034,2
7035,2
7036,2
7037,2
7038,2
7039,2
7040,2
7041,2
7042,2
7043,2
7044,2
7045,2
7046,2
7047,2
7048,2
7049,2
7050,2
7051,2
7052,2
7053,2
7054,2
7055,2
7056,2
7057,2
7058,2
7059,2
7060,2
7061,2
7062,2
7063,2
7064,2
7065,2
7066,2
7067,2
7068,2
7069,2
7070,2
7071,2
7072,2
7073,2
7074,2
7075,2
7076,2
7077,2
7078,2
7079,2
7080,2
7081,2
7082,2
7083,2
7084,2
7085,2
7086,2
7087,2
7088,2
7089,2
7090,2
7091,2
7092,2
7093,2
7094,2
7095,2
7096,2
7097,2
7098,2
7099,2
7100,2
7101,2
7102,2
7103,2
7104,2
7105,2
7106,2
7107,2
7108,2
7109,2
7110,2
7111,2
7112,2
7113,2
7114,2
7115,2
7116,2
7117,2
7118,2
7119,2
7120,2
7121,2
7122,2
7123,2
7124,2
7125,2
7126,2
7127,2
7128,2
7129,2
7130,2
7131,2
7132,2
7133,2
7134,2
7135,2
7136,2
7137,2
7138,2
7139,2
7140,2
7141,2
7142,2
7143,2
7144,2
7145,2
7146,2
7147,2
7148,2
7149,2
7150,2
7151,2
7152,2
7153,2
7154,2
7155,2
7156,2
7157,2
7158,2
7159,2
7160,2
7161,2
7162,2
7163,2
7164,2
7165,2
7166,2
7167,2
7168,2
7169,2
7170,2
7171,2
7172,2
7173,2
7174,2
7175,2
7176,2
7177,2
7178,2
7179,2
7180,2
7181,2
7182,2
7183,2
7184,2
7185,2
7186,2
7187,2
7188,2
7189,2
7190,2
7191,2
7192,2
7193,2
7194,2
7195,2
7196,2
7197,2
7198,2
7199,2
7200,2
7201,2
7202,2
7203,2
7204,2
7205,2
7206,2
7207,2
7208,2
7209,2
7210,2
7211,2
7212,2
7213,2
7214,2
7215,2
7216,2
7217,2
7218,2
7219,2
7220,2
7221,2
7222,2
7223,2
7224,2
7225,2
7226,2
7227,2
7228,2
7229,2
7230,2
7231,2
7232,2
7233,2
7234,2
7235,2
7236,2
7237,2
7238,2
7239,2
7240,2
7241,2
7242,2
7243,2
7244,2
7245,2
7246,2
7247,2
7248,2
7249,2
7250,2
7251,2
7252,2
7253,2
7254,2
7255,2
7256,2
7257,2
7258,2
7259,2
7260,2
7261,2
7262,2
7263,2
7264,2
7265,2
7266,2
7267,2
7268,2
7269,2
7270,2
7271,2
7272,2
7273,2
7274,2
7275,2
7276,2
7277,2
7278,2
7279,2
7280,2
7281,2
7282,2
7283,2
7284,2
7285,2
7286,2
7287,2
7288,2
7289,2
7290,2
7291,2
7292,2
7293,2
7294,2
7295,2
7296,2
7297,2
7298,2
7299,2
7300,2
7301,2
7302,2
7303,2
7304,2
7305,2
7306,2
7307,2
7308,2
7309,2
7310,2
7311,2
7312,2
7313,2
7314,2
7315,2
7316,2
7317,2
7318,2
7319,2
7320,2
7321,2
7322,2
7323,2
7324,2
7325,2
7326,2
7327,2
7328,2
7329,2
7330,2
7331,2
7332,2
7333,2
7334,2
7335,2
7336,2
7337,2
7338,2
7339,2
7340,2
7341,2
7342,2
7343,2
7344,2
7345,2
7346,2
7347,2
7348,2
7349,2
7350,2
7351,2
7352,2
7353,2
7354,2
7355,2
7356,2
7357,2
7358,2
7359,2
7360,2
7361,2
7362,2
7363,2
7364,2
7365,2
7366,2
7367,2
7368,2
7369,2
7370,2
7371,2
7372,2
7373,2
7374,2
7375,2
7376,2
7377,2
7378,2
7379,2
7380,2
7381,2
7382,2
7383,2
7384,2
7385,2
7386,2
7387,2
7388,2
7389,2
7390,2
7391,2
7392,2
7393,2
7394,2
7395,2
7396,2
7397,2
7398,2
7399,2
7400,2
7401,2
7402,2
7403,2
7404,2
7405,2
7406,2
7407,2
7408,2
7409,2
7410,2
7411,2
7412,2
7413,2
7414,2
7415,2
7416,2
7417,2
7418,2
7419,2
7420,2
7421,2
7422,2
7423,2
7424,2
7425,2
7426,2
7427,2
7428,2
7429,2
7430,2
7431,2
7432,2
7433,2
7434,2
7435,2
7436,2
7437,2
7438,2
7439,2
7440,2
7441,2
7442,2
7443,2
7444,2
7445,2
7446,2
7447,2
7448,2
7449,2
7450,2
7451,2
7452,2
7453,2
7454,2
7455,2
7456,2
7457,2
7458,2
7459,2
7460,2
7461,2
7462,2
7463,2
7464,2
7465,2
7466,2
7467,2
7468,2
7469,2
7470,2
7471,2
7472,2
7473,2
7474,2
7475,2
7476,2
7477,2
7478,2
7479,2
7480,2
7481,2
7482,2
7483,2
7484,2
7485,2
7486,2
7487,2
7488,2
7489,2
7490,2
7491,2
7492,2
7493,2
7494,2
7495,2
7496,2
7497,2
7498,2
7499,2
7500,2
7501,2
7502,2
7503,2
7504,2
7505,2
7506,2
7507,2
7508,2
7509,2
7510,2
7511,2
7512,2
7513,2
7514,2
7515,2
7516,2
7517,2
7518,2
7519,2
7520,2
7521,2
7522,2
7523,2
7524,2
7525,2
7526,2
7527,2
7528,2
7529,2
7530,2
7531,2
7532,2
7533,2
7534,2
7535,2
7536,2
7537,2
7538,2
7539,2
7540,2
7541,2
7542,2
7543,2
7544,2
7545,2
7546,2
7547,2
7548,2
7549,2
7550,2
7551,2
7552,2
7553,2
7554,2
7555,2
7556,2
7557,2
7558,2
7559,2
7560,2
7561,2
7562,2
7563,2
7564,2
7565,2
7566,2
7567,2
7568,2
7569,2
7570,2
7571,2
7572,2
7573,2
7574,2
7575,2
7576,2
7577,2
7578,2
7579,2
7580,2
7581,2
7582,2
7583,2
7584,2
7585,2
7586,2
7587,2
7588,2
7589,2
7590,2
7591,2
7592,2
7593,2
7594,2
7595,2
7596,2
7597,2
7598,2
7599,2
7600,2
7601,2
7602,2
7603,2
7604,2
7605,2
7606,2
7607,2
7608,2
7609,2
7610,2
7611,2
7612,2
7613,2
7614,2
7615,2
7616,2
7617,2
7618,2
7619,2
7620,2
7621,2
7622,2
7623,2
7624,2
7625,2
7626,2
7627,2
7628,2
7629,2
7630,2
7631,2
7632,2
7633,2
7634,2
7635,2
7636,2
7637,2
7638,2
7639,2
7640,2
7641,2
7642,2
7643,2
7644,2
7645,2
7646,2
7647,2
7648,2
7649,2
7650,2
7651,2
7652,2
7653,2
7654,2
7655,2
7656,2
7657,2
7658,2
7659,2
7660,2
7661,2
7662,2
7663,2
7664,2
7665,2
7666,2
7667,2
7668,2
7669,2
7670,2
7671,2
7672,2
7673,2
7674,2
7675,2
7676,2
7677,2
7678,2
7679,2
7680,2
7681,2
7682,2
7683,2
7684,2
7685,2
7686,2
7687,2
7688,2
7689,2
7690,2
7691,2
7692,2
7693,2
7694,2
7695,2
7696,2
7697,2
7698,2
7699,2
7700,2
7701,2
7702,2
7703,2
7704,2
7705,2
7706,2
7707,2
7708,2
7709,2
7710,2
7711,2
7712,2
7713,2
7714,2
7715,2
7716,2
7717,2
7718,2
7719,2
7720,2
7721,2
7722,2
7723,2
7724,2
7725,2
7726,2
7727,2
7728,2
7729,2
7730,2
7731,2
7732,2
7733,2
7734,2
7735,2
7736,2
7737,2
7738,2
7739,2
7740,2
7741,2
7742,2
7743,2
7744,2
7745,2
7746,2
7747,2
7748,2
7749,2
7750,2
7751,2
7752,2
7753,2
7754,2
7755,2
7756,2
7757,2
7758,2
7759,2
7760,2
7761,2
7762,2
7763,2
7764,2
7765,2
7766,2
7767,2
7768,2
7769,2
7770,2
7771,2
7772,2
7773,2
7774,2
7775,2
7776,2
7777,2
7778,2
7779,2
7780,2
7781,2
7782,2
7783,2
7784,2
7785,2
7786,2
7787,2
7788,2
7789,2
7790,2
7791,2
7792,2
7793,2
7794,2
7795,2
7796,2
7797,2
7798,2
7799,2
7800,2
7801,2
7802,2
7803,2
7804,2
7805,2
7806,2
7807,2
7808,2
7809,2
7810,2
7811,2
7812,2
7813,2
7814,2
7815,2
7816,2
7817,2
7818,2
7819,2
7820,2
7821,2
7822,2
7823,2
7824,2
7825,2
7826,2
7827,2
7828,2
7829,2
7830,2
7831,2
7832,2
7833,2
7834,2
7835,2
7836,2
7837,2
7838,2
7839,2
7840,2
7841,2
7842,2
7843,2
7844,2
7845,2
7846,2
7847,2
7848,2
7849,2
7850,2
7851,2
7852,2
7853,2
7854,2
7855,2
7856,2
7857,2
7858,2
7859,2
7860,2
7861,2
7862,2
7863,2
7864,2
7865,2
7866,2
7867,2
7868,2
7869,2
7870,2
7871,2
7872,2
7873,2
7874,2
7875,2
7876,2
7877,2
7878,2
7879,2
7880,2
7881,2
7882,2
7883,2
7884,2
7885,2
7886,2
7887,2
7888,2
7889,2
7890,2
7891,2
7892,2
7893,2
7894,2
7895,2
7896,2
7897,2
7898,2
7899,2
7900,2
7901,2
7902,2
7903,2
7904,2
7905,2
7906,2
7907,2
7908,2
7909,2
7910,2
7911,2
7912,2
7913,2
7914,2
7915,2
7916,2
7917,2
7918,2
7919,2
7920,2
7921,2
7922,2
7923,2
7924,2
7925,2
7926,2
7927,2
7928,2
7929,2
7930,2
7931,2
7932,2
7933,2
7934,2
7935,2
7936,2
7937,2
7938,2
7939,2
7940,2
7941,2
7942,2
7943,2
7944,2
7945,2
7946,2
7947,2
7948,2
7949,2
7950,2
7951,2
7952,2
7953,2
7954,2
7955,2
7956,2
7957,2
7958,2
7959,2
7960,2
7961,2
7962,2
7963,2
7964,2
7965,2
7966,2
7967,2
7968,2
7969,2
7970,2
7971,2
7972,2
7973,2
7974,2
7975,2
7976,2
7977,2
7978,2
7979,2
7980,2
7981,2
7982,2
7983,2
7984,2
7985,2
7986,2
7987,2
7988,2
7989,2
7990,2
7991,2
7992,2
7993,2
7994,2
7995,2
7996,2
7997,2
7998,2
7999,2
8000,2
8001,2
8002,2
8003,2
8004,2
8005,2
8006,2
8007,2
8008,2
8009,2
8010,2
8011,2
8012,2
8013,2
8014,2
8015,2
8016,2
8017,2
8018,2
8019,2
8020,2
8021,2
8022,2
8023,2
8024,2
8025,2
8026,2
8027,2
8028,2
8029,2
8030,2
8031,2
8032,2
8033,2
8034,2
8035,2
8036,2
8037,2
8038,2
8039,2
8040,2
8041,2
8042,2
8043,2
8044,2
8045,2
8046,2
8047,2
8048,2
8049,2
8050,2
8051,2
8052,2
8053,2
8054,2
8055,2
8056,2
8057,2
8058,2
8059,2
8060,2
8061,2
8062,2
8063,2
8064,2
8065,2
8066,2
8067,2
8068,2
8069,2
8070,2
8071,2
8072,2
8073,2
8074,2
8075,2
8076,2
8077,2
8078,2
8079,2
8080,2
8081,2
8082,2
8083,2
8084,2
8085,2
8086,2
8087,2
8088,2
8089,2
8090,2
8091,2
8092,2
8093,2
8094,2
8095,2
8096,2
8097,2
8098,2
8099,2
8100,2
8101,2
8102,2
8103,2
8104,2
8105,2
8106,2
8107,2
8108,2
8109,2
8110,2
8111,2
8112,2
8113,2
8114,2
8115,2
8116,2
8117,2
8118,2
8119,2
8120,2
8121,2
8122,2
8123,2
8124,2
8125,2
8126,2
8127,2
8128,2
8129,2
8130,2
8131,2
8132,2
8133,2
8134,2
8135,2
8136,2
8137,2
8138,2
8139,2
8140,2
8141,2
8142,2
8143,2
8144,2
8145,2
8146,2
8147,2
8148,2
8149,2
8150,2
8151,2
8152,2
8153,2
8154,2
8155,2
8156,2
8157,2
8158,2
8159,2
8160,2
8161,2
8162,2
8163,2
8164,2
8165,2
8166,2
8167,2
8168,2
8169,2
8170,2
8171,2
8172,2
8173,2
8174,2
8175,2
8176,2
8177,2
8178,2
8179,2
8180,2
8181,2
8182,2
8183,2
8184,2
8185,2
8186,2
8187,2
8188,2
8189,2
8190,2
8191,2
8192,2
8193,2
8194,2
8195,2
8196,2
8197,2
8198,2
8199,2
8200,2
8201,2
8202,2
8203,2
8204,2
8205,2
8206,2
8207,2
8208,2
8209,2
8210,2
8211,2
8212,2
8213,2
8214,2
8215,2
8216,2
8217,2
8218,2
8219,2
8220,2
8221,2
8222,2
8223,2
8224,2
8225,2
8226,2
8227,2
8228,2
8229,2
8230,2
8231,2
8232,2
8233,2
8234,2
8235,2
8236,2
8237,2
8238,2
8239,2
8240,2
8241,2
8242,2
8243,2
8244,2
8245,2
8246,2
8247,2
8248,2
8249,2
8250,2
8251,2
8252,2
8253,2
8254,2
8255,2
8256,2
8257,2
8258,2
8259,2
8260,2
8261,2
8262,2
8263,2
8264,2
8265,2
8266,2
8267,2
8268,2
8269,2
8270,2
8271,2
8272,2
8273,2
8274,2
8275,2
8276,2
8277,2
8278,2
8279,2
8280,2
8281,2
8282,2
8283,2
8284,2
8285,2
8286,2
8287,2
8288,2
8289,2
8290,2
8291,2
8292,2
8293,2
8294,2
8295,2
8296,2
8297,2
8298,2
8299,2
8300,2
8301,2
8302,2
8303,2
8304,2
8305,2
8306,2
8307,2
8308,2
8309,2
8310,2
8311,2
8312,2
8313,2
8314,2
8315,2
8316,2
8317,2
8318,2
8319,2
8320,2
8321,2
8322,2
8323,2
8324,2
8325,2
8326,2
8327,2
8328,2
8329,2
8330,2
8331,2
8332,2
8333,2
8334,2
8335,2
8336,2
8337,2
8338,2
8339,2
8340,2
8341,2
8342,2
8343,2
8344,2
8345,2
8346,2
8347,2
8348,2
8349,2
8350,2
8351,2
8352,2
8353,2
8354,2
8355,2
8356,2
8357,2
8358,2
8359,2
8360,2
8361,2
8362,2
8363,2
8364,2
8365,2
8366,2
8367,2
8368,2
8369,2
8370,2
8371,2
8372,2
8373,2
8374,2
8375,2
8376,2
8377,2
8378,2
8379,2
8380,2
8381,2
8382,2
8383,2
8384,2
8385,2
8386,2
8387,2
8388,2
8389,2
8390,2
8391,2
8392,2
8393,2
8394,2
8395,2
8396,2
8397,2
8398,2
8399,2
8400,2
8401,2
8402,2
8403,2
8404,2
8405,2
8406,2
8407,2
8408,2
8409,2
8410,2
8411,2
8412,2
8413,2
8414,2
8415,2
8416,2
8417,2
8418,2
8419,2
8420,2
8421,2
8422,2
8423,2
8424,2
8425,2
8426,2
8427,2
8428,2
8429,2
8430,2
8431,2
8432,2
8433,2
8434,2
8435,2
8436,2
8437,2
8438,2
8439,2
8440,2
8441,2
8442,2
8443,2
8444,2
8445,2
8446,2
8447,2
8448,2
8449,2
8450,2
8451,2
8452,2
8453,2
8454,2
8455,2
8456,2
8457,2
8458,2
8459,2
8460,2
8461,2
8462,2
8463,2
8464,2
8465,2
8466,2
8467,2
8468,2
8469,2
8470,2
8471,2
8472,2
8473,2
8474,2
8475,2
8476,2
8477,2
8478,2
8479,2
8480,2
8481,2
8482,2
8483,2
8484,2
8485,2
8486,2
8487,2
8488,2
8489,2
8490,2
8491,2
8492,2
8493,2
8494,2
8495,2
8496,2
8497,2
8498,2
8499,2
8500,2
8501,2
8502,2
8503,2
8504,2
8505,2
8506,2
8507,2
8508,2
8509,2
8510,2
8511,2
8512,2
8513,2
8514,2
8515,2
8516,2
8517,2
8518,2
8519,2
8520,2
8521,2
8522,2
8523,2
8524,2
8525,2
8526,2
8527,2
8528,2
8529,2
8530,2
8531,2
8532,2
8533,2
8534,2
8535,2
8536,2
8537,2
8538,2
8539,2
8540,2
8541,2
8542,2
8543,2
8544,2
8545,2
8546,2
8547,2
8548,2
8549,2
8550,2
8551,2
8552,2
8553,2
8554,2
8555,2
8556,2
8557,2
8558,2
8559,2
8560,2
8561,2
8562,2
8563,2
8564,2
8565,2
8566,2
8567,2
8568,2
8569,2
8570,2
8571,2
8572,2
8573,2
8574,2
8575,2
8576,2
8577,2
8578,2
8579,2
8580,2
8581,2
8582,2
8583,2
8584,2
8585,2
8586,2
8587,2
8588,2
8589,2
8590,2
8591,2
8592,2
8593,2
8594,2
8595,2
8596,2
8597,2
8598,2
8599,2
8600,2
8601,2
8602,2
8603,2
8604,2
8605,2
8606,2
8607,2
8608,2
8609,2
8610,2
8611,2
8612,2
8613,2
8614,2
8615,2
8616,2
8617,2
8618,2
8619,2
8620,2
8621,2
8622,2
8623,2
8624,2
8625,2
8626,2
8627,2
8628,2
8629,2
8630,2
8631,2
8632,2
8633,2
8634,2
8635,2
8636,2
8637,2
8638,2
8639,2
8640,2
8641,2
8642,2
8643,2
8644,2
8645,2
8646,2
8647,2
8648,2
8649,2
8650,2
8651,2
8652,2
8653,2
8654,2
8655,2
8656,2
8657,2
8658,2
8659,2
8660,2
8661,2
8662,2
8663,2
8664,2
8665,2
8666,2
8667,2
8668,2
8669,2
8670,2
8671,2
8672,2
8673,2
8674,2
8675,2
8676,2
8677,2
8678,2
8679,2
8680,2
8681,2
8682,2
8683,2
8684,2
8685,2
8686,2
8687,2
8688,2
8689,2
8690,2
8691,2
8692,2
8693,2
8694,2
8695,2
8696,2
8697,2
8698,2
8699,2
8700,2
8701,2
8702,2
8703,2
8704,2
8705,2
8706,2
8707,2
8708,2
8709,2
8710,2
8711,2
8712,2
8713,2
8714,2
8715,2
8716,2
8717,2
8718,2
8719,2
8720,2
8721,2
8722,2
8723,2
8724,2
8725,2
8726,2
8727,2
8728,2
8729,2
8730,2
8731,2
8732,2
8733,2
8734,2
8735,2
8736,3
8737,3
8738,3
8739,3
8740,3
8741,3
8742,3
8743,3
8744,3
8745,3
8746,3
8747,3
8748,3
8749,3
8750,3
8751,3
8752,3
8753,3
8754,3
8755,3
8756,3
8757,3
8758,3
8759,3
8760,3
8761,3
8762,3
8763,3
8764,3
8765,3
8766,3
8767,3
8768,3
8769,3
8770,3
8771,3
8772,3
8773,3
8774,3
8775,3
8776,3
8777,3
8778,3
8779,3
8780,3
8781,3
8782,3
8783,3
8784,3
8785,3
8786,3
8787,3
8788,3
8789,3
8790,3
8791,3
8792,3
8793,3
8794,3
8795,3
8796,3
8797,3
8798,3
8799,3
8800,3
8801,3
8802,3
8803,3
8804,3
8805,3
8806,3
8807,3
8808,3
8809,3
8810,3
8811,3
8812,3
8813,3
8814,3
8815,3
8816,3
8817,3
8818,3
8819,3
8820,3
8821,3
8822,3
8823,3
8824,3
8825,3
8826,3
8827,3
8828,3
8829,3
8830,3
8831,3
8832,3
8833,3
8834,3
8835,3
8836,3
8837,3
8838,3
8839,3
8840,3
8841,3
8842,3
8843,3
8844,3
8845,3
8846,3
8847,3
8848,3
8849,3
8850,3
8851,3
8852,3
8853,3
8854,3
8855,3
8856,3
8857,3
8858,3
8859,3
8860,3
8861,3
8862,3
8863,3
8864,3
8865,3
8866,3
8867,3
8868,3
8869,3
8870,3
8871,3
8872,3
8873,3
8874,3
8875,3
8876,3
8877,3
8878,3
8879,3
8880,3
8881,3
8882,3
8883,3
8884,3
8885,3
8886,3
8887,3
8888,3
8889,3
8890,3
8891,3
8892,3
8893,3
8894,3
8895,3
8896,3
8897,3
8898,3
8899,3
8900,3
8901,3
8902,3
8903,3
8904,3
8905,3
8906,3
8907,3
8908,3
8909,3
8910,3
8911,3
8912,3
8913,3
8914,3
8915,3
8916,3
8917,3
8918,3
8919,3
8920,3
8921,3
8922,3
8923,3
8924,3
8925,3
8926,3
8927,3
8928,3
8929,3
8930,3
8931,3
8932,3
8933,3
8934,3
8935,3
8936,3
8937,3
8938,3
8939,3
8940,3
8941,3
8942,3
8943,3
8944,3
8945,3
8946,3
8947,3
8948,3
8949,3
8950,3
8951,3
8952,3
8953,3
8954,3
8955,3
8956,3
8957,3
8958,3
8959,3
8960,3
8961,3
8962,3
8963,3
8964,3
8965,3
8966,3
8967,3
8968,3
8969,3
8970,3
8971,3
8972,3
8973,3
8974,3
8975,3
8976,3
8977,3
8978,3
8979,3
8980,3
8981,3
8982,3
8983,3
8984,3
8985,3
8986,3
8987,3
8988,3
8989,3
8990,3
8991,3
8992,3
8993,3
8994,3
8995,3
8996,3
8997,3
8998,3
8999,3
9000,3
9001,3
9002,3
9003,3
9004,3
9005,3
9006,3
9007,3
9008,3
9009,3
9010,3
9011,3
9012,3
9013,3
9014,3
9015,3
9016,3
9017,3
9018,3
9019,3
9020,3
9021,3
9022,3
9023,3
9024,3
9025,3
9026,3
9027,3
9028,3
9029,3
9030,3
9031,3
9032,3
9033,3
9034,3
9035,3
9036,3
9037,3
9038,3
9039,3
9040,3
9041,3
9042,3
9043,3
9044,3
9045,3
9046,3
9047,3
9048,3
9049,3
9050,3
9051,3
9052,3
9053,3
9054,3
9055,3
9056,3
9057,3
9058,3
9059,3
9060,3
9061,3
9062,3
9063,3
9064,3
9065,3
9066,3
9067,3
9068,3
9069,3
9070,3
9071,3
9072,3
9073,3
9074,3
9075,3
9076,3
9077,3
9078,3
9079,3
9080,3
9081,3
9082,3
9083,3
9084,3
9085,3
9086,3
9087,3
9088,3
9089,3
9090,3
9091,3
9092,3
9093,3
9094,3
9095,3
9096,3
9097,3
9098,3
9099,3
9100,3
9101,3
9102,3
9103,3
9104,3
9105,3
9106,3
9107,3
9108,3
9109,3
9110,3
9111,3
9112,3
9113,3
9114,3
9115,3
9116,3
9117,3
9118,3
9119,3
9120,3
9121,3
9122,3
9123,3
9124,3
9125,3
9126,3
9127,3
9128,3
9129,3
9130,3
9131,3
9132,3
9133,3
9134,3
9135,3
9136,3
9137,3
9138,3
9139,3
9140,3
9141,3
9142,3
9143,3
9144,3
9145,3
9146,3
9147,3
9148,3
9149,3
9150,3
9151,3
9152,3
9153,3
9154,3
9155,3
9156,3
9157,3
9158,3
9159,3
9160,3
9161,3
9162,3
9163,3
9164,3
9165,3
9166,3
9167,3
9168,3
9169,3
9170,3
9171,3
9172,3
9173,3
9174,3
9175,3
9176,3
9177,3
9178,3
9179,3
9180,3
9181,3
9182,3
9183,3
9184,3
9185,3
9186,3
9187,3
9188,3
9189,3
9190,3
9191,3
9192,3
9193,3
9194,3
9195,3
9196,3
9197,3
9198,3
9199,3
9200,3
9201,3
9202,3
9203,3
9204,3
9205,3
9206,3
9207,3
9208,3
9209,3
9210,3
9211,3
9212,3
9213,3
9214,3
9215,3
9216,3
9217,3
9218,3
9219,3
9220,3
9221,3
9222,3
9223,3
9224,3
9225,3
9226,3
9227,3
9228,3
9229,3
9230,3
9231,3
9232,3
9233,3
9234,3
9235,3
9236,3
9237,3
9238,3
9239,3
9240,3
9241,3
9242,3
9243,3
9244,3
9245,3
9246,3
9247,3
9248,3
9249,3
9250,3
9251,3
9252,3
9253,3
9254,3
9255,3
9256,3
9257,3
9258,3
9259,3
9260,3
9261,3
9262,3
9263,3
9264,3
9265,3
9266,3
9267,3
9268,3
9269,3
9270,3
9271,3
9272,3
9273,3
9274,3
9275,3
9276,3
9277,3
9278,3
9279,3
9280,3
9281,3
9282,3
9283,3
9284,3
9285,3
9286,3
9287,3
9288,3
9289,3
9290,3
9291,3
9292,3
9293,3
9294,3
9295,3
9296,3
9297,3
9298,3
9299,3
9300,3
9301,3
9302,3
9303,3
9304,3
9305,3
9306,3
9307,3
9308,3
9309,3
9310,3
9311,3
9312,3
9313,3
9314,3
9315,3
9316,3
9317,3
9318,3
9319,3
9320,3
9321,3
9322,3
9323,3
9324,3
9325,3
9326,3
9327,3
9328,3
9329,3
9330,3
9331,3
9332,3
9333,3
9334,3
9335,3
9336,3
9337,3
9338,3
9339,3
9340,3
9341,3
9342,3
9343,3
9344,3
9345,3
9346,3
9347,3
9348,3
9349,3
9350,3
9351,3
9352,3
9353,3
9354,3
9355,3
9356,3
9357,3
9358,3
9359,3
9360,3
9361,3
9362,3
9363,3
9364,3
9365,3
9366,3
9367,3
9368,3
9369,3
9370,3
9371,3
9372,3
9373,3
9374,3
9375,3
9376,3
9377,3
9378,3
9379,3
9380,3
9381,3
9382,3
9383,3
9384,3
9385,3
9386,3
9387,3
9388,3
9389,3
9390,3
9391,3
9392,3
9393,3
9394,3
9395,3
9396,3
9397,3
9398,3
9399,3
9400,3
9401,3
9402,3
9403,3
9404,3
9405,3
9406,3
9407,3
9408,3
9409,3
9410,3
9411,3
9412,3
9413,3
9414,3
9415,3
9416,3
9417,3
9418,3
9419,3
9420,3
9421,3
9422,3
9423,3
9424,3
9425,3
9426,3
9427,3
9428,3
9429,3
9430,3
9431,3
9432,3
9433,3
9434,3
9435,3
9436,3
9437,3
9438,3
9439,3
9440,3
9441,3
9442,3
9443,3
9444,3
9445,3
9446,3
9447,3
9448,3
9449,3
9450,3
9451,3
9452,3
9453,3
9454,3
9455,3
9456,3
9457,3
9458,3
9459,3
9460,3
9461,3
9462,3
9463,3
9464,3
9465,3
9466,3
9467,3
9468,3
9469,3
9470,3
9471,3
9472,3
9473,3
9474,3
9475,3
9476,3
9477,3
9478,3
9479,3
9480,3
9481,3
9482,3
9483,3
9484,3
9485,3
9486,3
9487,3
9488,3
9489,3
9490,3
9491,3
9492,3
9493,3
9494,3
9495,3
9496,3
9497,3
9498,3
9499,3
9500,3
9501,3
9502,3
9503,3
9504,3
9505,3
9506,3
9507,3
9508,3
9509,3
9510,3
9511,3
9512,3
9513,3
9514,3
9515,3
9516,3
9517,3
9518,3
9519,3
9520,3
9521,3
9522,3
9523,3
9524,3
9525,3
9526,3
9527,3
9528,3
9529,3
9530,3
9531,3
9532,3
9533,3
9534,3
9535,3
9536,3
9537,3
9538,3
9539,3
9540,3
9541,3
9542,3
9543,3
9544,3
9545,3
9546,3
9547,3
9548,3
9549,3
9550,3
9551,3
9552,3
9553,3
9554,3
9555,3
9556,3
9557,3
9558,3
9559,3
9560,3
9561,3
9562,3
9563,3
9564,3
9565,3
9566,3
9567,3
9568,3
9569,3
9570,3
9571,3
9572,3
9573,3
9574,3
9575,3
9576,3
9577,3
9578,3
9579,3
9580,3
9581,3
9582,3
9583,3
9584,3
9585,3
9586,3
9587,3
9588,3
9589,3
9590,3
9591,3
9592,3
9593,3
9594,3
9595,3
9596,3
9597,3
9598,3
9599,3
9600,3
9601,3
9602,3
9603,3
9604,3
9605,3
9606,3
9607,3
9608,3
9609,3
9610,3
9611,3
9612,3
9613,3
9614,3
9615,3
9616,3
9617,3
9618,3
9619,3
9620,3
9621,3
9622,3
9623,3
9624,3
9625,3
9626,3
9627,3
9628,3
9629,3
9630,3
9631,3
9632,3
9633,3
9634,3
9635,3
9636,3
9637,3
9638,3
9639,3
9640,3
9641,3
9642,3
9643,3
9644,3
9645,3
9646,3
9647,3
9648,3
9649,3
9650,3
9651,3
9652,3
9653,3
9654,3
9655,3
9656,3
9657,3
9658,3
9659,3
9660,3
9661,3
9662,3
9663,3
9664,3
9665,3
9666,3
9667,3
9668,3
9669,3
9670,3
9671,3
9672,3
9673,3
9674,3
9675,3
9676,3
9677,3
9678,3
9679,3
9680,3
9681,3
9682,3
9683,3
9684,3
9685,3
9686,3
9687,3
9688,3
9689,3
9690,3
9691,3
9692,3
9693,3
9694,3
9695,3
9696,3
9697,3
9698,3
9699,3
9700,3
9701,3
9702,3
9703,3
9704,3
9705,3
9706,3
9707,3
9708,3
9709,3
9710,3
9711,3
9712,3
9713,3
9714,3
9715,3
9716,3
9717,3
9718,3
9719,3
9720,3
9721,3
9722,3
9723,3
9724,3
9725,3
9726,3
9727,3
9728,3
9729,3
9730,3
9731,3
9732,3
9733,3
9734,3
9735,3
9736,3
9737,3
9738,3
9739,3
9740,3
9741,3
9742,3
9743,3
9744,3
9745,3
9746,3
9747,3
9748,3
9749,3
9750,3
9751,3
9752,3
9753,3
9754,3
9755,3
9756,3
9757,3
9758,3
9759,3
9760,3
9761,3
9762,3
9763,3
9764,3
9765,3
9766,3
9767,3
9768,3
9769,3
9770,3
9771,3
9772,3
9773,3
9774,3
9775,3
9776,3
9777,3
9778,3
9779,3
9780,3
9781,3
9782,3
9783,3
9784,3
9785,3
9786,3
9787,3
9788,3
9789,3
9790,3
9791,3
9792,3
9793,3
9794,3
9795,3
9796,3
9797,3
9798,3
9799,3
9800,3
9801,3
9802,3
9803,3
9804,3
9805,3
9806,3
9807,3
9808,3
9809,3
9810,3
9811,3
9812,3
9813,3
9814,3
9815,3
9816,3
9817,3
9818,3
9819,3
9820,3
9821,3
9822,3
9823,3
9824,3
9825,3
9826,3
9827,3
9828,3
9829,3
9830,3
9831,3
9832,3
9833,3
9834,3
9835,3
9836,3
9837,3
9838,3
9839,3
9840,3
9841,3
9842,3
9843,3
9844,3
9845,3
9846,3
9847,3
9848,3
9849,3
9850,3
9851,3
9852,3
9853,3
9854,3
9855,3
9856,3
9857,3
9858,3
9859,3
9860,3
9861,3
9862,3
9863,3
9864,3
9865,3
9866,3
9867,3
9868,3
9869,3
9870,3
9871,3
9872,3
9873,3
9874,3
9875,3
9876,3
9877,3
9878,3
9879,3
9880,3
9881,3
9882,3
9883,3
9884,3
9885,3
9886,3
9887,3
9888,3
9889,3
9890,3
9891,3
9892,3
9893,3
9894,3
9895,3
9896,3
9897,3
9898,3
9899,3
9900,3
9901,3
9902,3
9903,3
9904,3
9905,3
9906,3
9907,3
9908,3
9909,3
9910,3
9911,3
9912,3
9913,3
9914,3
9915,3
9916,3
9917,3
9918,3
9919,3
9920,3
9921,3
9922,3
9923,3
9924,3
9925,3
9926,3
9927,3
9928,3
9929,3
9930,3
9931,3
9932,3
9933,3
9934,3
9935,3
9936,3
9937,3
9938,3
9939,3
9940,3
9941,3
9942,3
9943,3
9944,3
9945,3
9946,3
9947,3
9948,3
9949,3
9950,3
9951,3
9952,3
9953,3
9954,3
9955,3
9956,3
9957,3
9958,3
9959,3
9960,3
9961,3
9962,3
9963,3
9964,3
9965,3
9966,3
9967,3
9968,3
9969,3
9970,3
9971,3
9972,3
9973,3
9974,3
9975,3
9976,3
9977,3
9978,3
9979,3
9980,3
9981,3
9982,3
9983,3
9984,3
9985,3
9986,3
9987,3
9988,3
9989,3
9990,3
9991,3
9992,3
9993,3
9994,3
9995,3
9996,3
9997,3
9998,3
9999,3
10000,3
10001,3
10002,3
10003,3
10004,3
10005,3
10006,3
10007,3
10008,3
10009,3
10010,3
10011,3
10012,3
10013,3
10014,3
10015,3
10016,3
10017,3
10018,3
10019,3
10020,3
10021,3
10022,3
10023,3
10024,3
10025,3
10026,3
10027,3
10028,3
10029,3
10030,3
10031,3
10032,3
10033,3
10034,3
10035,3
10036,3
10037,3
10038,3
10039,3
10040,3
10041,3
10042,3
10043,3
10044,3
10045,3
10046,3
10047,3
10048,3
10049,3
10050,3
10051,3
10052,3
10053,3
10054,3
10055,3
10056,3
10057,3
10058,3
10059,3
10060,3
10061,3
10062,3
10063,3
10064,3
10065,3
10066,3
10067,3
10068,3
10069,3
10070,3
10071,3
10072,3
10073,3
10074,3
10075,3
10076,3
10077,3
10078,3
10079,3
10080,3
10081,3
10082,3
10083,3
10084,3
10085,3
10086,3
10087,3
10088,3
10089,3
10090,3
10091,3
10092,3
10093,3
10094,3
10095,3
10096,3
10097,3
10098,3
10099,3
10100,3
10101,3
10102,3
10103,3
10104,3
10105,3
10106,3
10107,3
10108,3
10109,3
10110,3
10111,3
10112,3
10113,3
10114,3
10115,3
10116,3
10117,3
10118,3
10119,3
10120,3
10121,3
10122,3
10123,3
10124,3
10125,3
10126,3
10127,3
10128,3
10129,3
10130,3
10131,3
10132,3
10133,3
10134,3
10135,3
10136,3
10137,3
10138,3
10139,3
10140,3
10141,3
10142,3
10143,3
10144,3
10145,3
10146,3
10147,3
10148,3
10149,3
10150,3
10151,3
10152,3
10153,3
10154,3
10155,3
10156,3
10157,3
10158,3
10159,3
10160,3
10161,3
10162,3
10163,3
10164,3
10165,3
10166,3
10167,3
10168,3
10169,3
10170,3
10171,3
10172,3
10173,3
10174,3
10175,3
10176,3
10177,3
10178,3
10179,3
10180,3
10181,3
10182,3
10183,3
10184,3
10185,3
10186,3
10187,3
10188,3
10189,3
10190,3
10191,3
10192,3
10193,3
10194,3
10195,3
10196,3
10197,3
10198,3
10199,3
10200,3
10201,3
10202,3
10203,3
10204,3
10205,3
10206,3
10207,3
10208,3
10209,3
10210,3
10211,3
10212,3
10213,3
10214,3
10215,3
10216,3
10217,3
10218,3
10219,3
10220,3
10221,3
10222,3
10223,3
10224,3
10225,3
10226,3
10227,3
10228,3
10229,3
10230,3
10231,3
10232,3
10233,3
10234,3
10235,3
10236,3
10237,3
10238,3
10239,3
10240,3
10241,3
10242,3
10243,3
10244,3
10245,3
10246,3
10247,3
10248,3
10249,3
10250,3
10251,3
10252,3
10253,3
10254,3
10255,3
10256,3
10257,3
10258,3
10259,3
10260,3
10261,3
10262,3
10263,3
10264,3
10265,3
10266,3
10267,3
10268,3
10269,3
10270,3
10271,3
10272,3
10273,3
10274,3
10275,3
10276,3
10277,3
10278,3
10279,3
10280,3
10281,3
10282,3
10283,3
10284,3
10285,3
10286,3
10287,3
10288,3
10289,3
10290,3
10291,3
10292,3
10293,3
10294,3
10295,3
10296,3
10297,3
10298,3
10299,3
10300,3
10301,3
10302,3
10303,3
10304,3
10305,3
10306,3
10307,3
10308,3
10309,3
10310,3
10311,3
10312,3
10313,3
10314,3
10315,3
10316,3
10317,3
10318,3
10319,3
10320,3
10321,3
10322,3
10323,3
10324,3
10325,3
10326,3
10327,3
10328,3
10329,3
10330,3
10331,3
10332,3
10333,3
10334,3
10335,3
10336,3
10337,3
10338,3
10339,3
10340,3
10341,3
10342,3
10343,3
10344,3
10345,3
10346,3
10347,3
10348,3
10349,3
10350,3
10351,3
10352,3
10353,3
10354,3
10355,3
10356,3
10357,3
10358,3
10359,3
10360,3
10361,3
10362,3
10363,3
10364,3
10365,3
10366,3
10367,3
10368,3
10369,3
10370,3
10371,3
10372,3
10373,3
10374,3
10375,3
10376,3
10377,3
10378,3
10379,3
10380,3
10381,3
10382,3
10383,3
10384,3
10385,3
10386,3
10387,3
10388,3
10389,3
10390,3
10391,3
10392,3
10393,3
10394,3
10395,3
10396,3
10397,3
10398,3
10399,3
10400,3
10401,3
10402,3
10403,3
10404,3
10405,3
10406,3
10407,3
10408,3
10409,3
10410,3
10411,3
10412,3
10413,3
10414,3
10415,3
10416,3
10417,3
10418,3
10419,3
10420,3
10421,3
10422,3
10423,3
10424,3
10425,3
10426,3
10427,3
10428,3
10429,3
10430,3
10431,3
10432,3
10433,3
10434,3
10435,3
10436,3
10437,3
10438,3
10439,3
10440,3
10441,3
10442,3
10443,3
10444,3
10445,3
10446,3
10447,3
10448,3
10449,3
10450,3
10451,3
10452,3
10453,3
10454,3
10455,3
10456,3
10457,3
10458,3
10459,3
10460,3
10461,3
10462,3
10463,3
10464,3
10465,3
10466,3
10467,3
10468,3
10469,3
10470,3
10471,3
10472,3
10473,3
10474,3
10475,3
10476,3
10477,3
10478,3
10479,3
10480,3
10481,3
10482,3
10483,3
10484,3
10485,3
10486,3
10487,3
10488,3
10489,3
10490,3
10491,3
10492,3
10493,3
10494,3
10495,3
10496,3
10497,3
10498,3
10499,3
10500,3
10501,3
10502,3
10503,3
10504,3
10505,3
10506,3
10507,3
10508,3
10509,3
10510,3
10511,3
10512,3
10513,3
10514,3
10515,3
10516,3
10517,3
10518,3
10519,3
10520,3
10521,3
10522,3
10523,3
10524,3
10525,3
10526,3
10527,3
10528,3
10529,3
10530,3
10531,3
10532,3
10533,3
10534,3
10535,3
10536,3
10537,3
10538,3
10539,3
10540,3
10541,3
10542,3
10543,3
10544,3
10545,3
10546,3
10547,3
10548,3
10549,3
10550,3
10551,3
10552,3
10553,3
10554,3
10555,3
10556,3
10557,3
10558,3
10559,3
10560,3
10561,3
10562,3
10563,3
10564,3
10565,3
10566,3
10567,3
10568,3
10569,3
10570,3
10571,3
10572,3
10573,3
10574,3
10575,3
10576,3
10577,3
10578,3
10579,3
10580,3
10581,3
10582,3
10583,3
10584,3
10585,3
10586,3
10587,3
10588,3
10589,3
10590,3
10591,3
10592,3
10593,3
10594,3
10595,3
10596,3
10597,3
10598,3
10599,3
10600,3
10601,3
10602,3
10603,3
10604,3
10605,3
10606,3
10607,3
10608,3
10609,3
10610,3
10611,3
10612,3
10613,3
10614,3
10615,3
10616,3
10617,3
10618,3
10619,3
10620,3
10621,3
10622,3
10623,3
10624,3
10625,3
10626,3
10627,3
10628,3
10629,3
10630,3
10631,3
10632,3
10633,3
10634,3
10635,3
10636,3
10637,3
10638,3
10639,3
10640,3
10641,3
10642,3
10643,3
10644,3
10645,3
10646,3
10647,3
10648,3
10649,3
10650,3
10651,3
10652,3
10653,3
10654,3
10655,3
10656,3
10657,3
10658,3
10659,3
10660,3
10661,3
10662,3
10663,3
10664,3
10665,3
10666,3
10667,3
10668,3
10669,3
10670,3
10671,3
10672,3
10673,3
10674,3
10675,3
10676,3
10677,3
10678,3
10679,3
10680,3
10681,3
10682,3
10683,3
10684,3
10685,3
10686,3
10687,3
10688,3
10689,3
10690,3
10691,3
10692,3
10693,3
10694,3
10695,3
10696,3
10697,3
10698,3
10699,3
10700,3
10701,3
10702,3
10703,3
10704,3
10705,3
10706,3
10707,3
10708,3
10709,3
10710,3
10711,3
10712,3
10713,3
10714,3
10715,3
10716,3
10717,3
10718,3
10719,3
10720,3
10721,3
10722,3
10723,3
10724,3
10725,3
10726,3
10727,3
10728,3
10729,3
10730,3
10731,3
10732,3
10733,3
10734,3
10735,3
10736,3
10737,3
10738,3
10739,3
10740,3
10741,3
10742,3
10743,3
10744,3
10745,3
10746,3
10747,3
10748,3
10749,3
10750,3
10751,3
10752,3
10753,3
10754,3
10755,3
10756,3
10757,3
10758,3
10759,3
10760,3
10761,3
10762,3
10763,3
10764,3
10765,3
10766,3
10767,3
10768,3
10769,3
10770,3
10771,3
10772,3
10773,3
10774,3
10775,3
10776,3
10777,3
10778,3
10779,3
10780,3
10781,3
10782,3
10783,3
10784,3
10785,3
10786,3
10787,3
10788,3
10789,3
10790,3
10791,3
10792,3
10793,3
10794,3
10795,3
10796,3
10797,3
10798,3
10799,3
10800,3
10801,3
10802,3
10803,3
10804,3
10805,3
10806,3
10807,3
10808,3
10809,3
10810,3
10811,3
10812,3
10813,3
10814,3
10815,3
10816,3
10817,3
10818,3
10819,3
10820,3
10821,3
10822,3
10823,3
10824,3
10825,3
10826,3
10827,3
10828,3
10829,3
10830,3
10831,3
10832,3
10833,3
10834,3
10835,3
10836,3
10837,3
10838,3
10839,3
10840,3
10841,3
10842,3
10843,3
10844,3
10845,3
10846,3
10847,3
10848,3
10849,3
10850,3
10851,3
10852,3
10853,3
10854,3
10855,3
10856,3
10857,3
10858,3
10859,3
10860,3
10861,3
10862,3
10863,3
10864,3
10865,3
10866,3
10867,3
10868,3
10869,3
10870,3
10871,3
10872,3
10873,3
10874,3
10875,3
10876,3
10877,3
10878,3
10879,3
10880,3
10881,3
10882,3
10883,3
10884,3
10885,3
10886,3
10887,3
10888,3
10889,3
10890,3
10891,3
10892,3
10893,3
10894,3
10895,3
10896,3
10897,3
10898,3
10899,3
10900,3
10901,3
10902,3
10903,3
10904,3
10905,3
10906,3
10907,3
10908,3
10909,3
10910,3
10911,3
10912,3
10913,3
10914,3
10915,3
10916,3
10917,3
10918,3
10919,3
10920,4
10921,4
10922,4
10923,4
10924,4
10925,4
10926,4
10927,4
10928,4
10929,4
10930,4
10931,4
10932,4
10933,4
10934,4
10935,4
10936,4
10937,4
10938,4
10939,4
10940,4
10941,4
10942,4
10943,4
10944,4
10945,4
10946,4
10947,4
10948,4
10949,4
10950,4
10951,4
10952,4
10953,4
10954,4
10955,4
10956,4
10957,4
10958,4
10959,4
10960,4
10961,4
10962,4
10963,4
10964,4
10965,4
10966,4
10967,4
10968,4
10969,4
10970,4
10971,4
10972,4
10973,4
10974,4
10975,4
10976,4
10977,4
10978,4
10979,4
10980,4
10981,4
10982,4
10983,4
10984,4
10985,4
10986,4
10987,4
10988,4
10989,4
10990,4
10991,4
10992,4
10993,4
10994,4
10995,4
10996,4
10997,4
10998,4
10999,4
11000,4
11001,4
11002,4
11003,4
11004,4
11005,4
11006,4
11007,4
11008,4
11009,4
11010,4
11011,4
11012,4
11013,4
11014,4
11015,4
11016,4
11017,4
11018,4
11019,4
11020,4
11021,4
11022,4
11023,4
11024,4
11025,4
11026,4
11027,4
11028,4
11029,4
11030,4
11031,4
11032,4
11033,4
11034,4
11035,4
11036,4
11037,4
11038,4
11039,4
11040,4
11041,4
11042,4
11043,4
11044,4
11045,4
11046,4
11047,4
11048,4
11049,4
11050,4
11051,4
11052,4
11053,4
11054,4
11055,4
11056,4
11057,4
11058,4
11059,4
11060,4
11061,4
11062,4
11063,4
11064,4
11065,4
11066,4
11067,4
11068,4
11069,4
11070,4
11071,4
11072,4
11073,4
11074,4
11075,4
11076,4
11077,4
11078,4
11079,4
11080,4
11081,4
11082,4
11083,4
11084,4
11085,4
11086,4
11087,4
11088,4
11089,4
11090,4
11091,4
11092,4
11093,4
11094,4
11095,4
11096,4
11097,4
11098,4
11099,4
11100,4
11101,4
11102,4
11103,4
11104,4
11105,4
11106,4
11107,4
11108,4
11109,4
11110,4
11111,4
11112,4
11113,4
11114,4
11115,4
11116,4
11117,4
11118,4
11119,4
11120,4
11121,4
11122,4
11123,4
11124,4
11125,4
11126,4
11127,4
11128,4
11129,4
11130,4
11131,4
11132,4
11133,4
11134,4
11135,4
11136,4
11137,4
11138,4
11139,4
11140,4
11141,4
11142,4
11143,4
11144,4
11145,4
11146,4
11147,4
11148,4
11149,4
11150,4
11151,4
11152,4
11153,4
11154,4
11155,4
11156,4
11157,4
11158,4
11159,4
11160,4
11161,4
11162,4
11163,4
11164,4
11165,4
11166,4
11167,4
11168,4
11169,4
11170,4
11171,4
11172,4
11173,4
11174,4
11175,4
11176,4
11177,4
11178,4
11179,4
11180,4
11181,4
11182,4
11183,4
11184,4
11185,4
11186,4
11187,4
11188,4
11189,4
11190,4
11191,4
11192,4
11193,4
11194,4
11195,4
11196,4
11197,4
11198,4
11199,4
11200,4
11201,4
11202,4
11203,4
11204,4
11205,4
11206,4
11207,4
11208,4
11209,4
11210,4
11211,4
11212,4
11213,4
11214,4
11215,4
11216,4
11217,4
11218,4
11219,4
11220,4
11221,4
11222,4
11223,4
11224,4
11225,4
11226,4
11227,4
11228,4
11229,4
11230,4
11231,4
11232,4
11233,4
11234,4
11235,4
11236,4
11237,4
11238,4
11239,4
11240,4
11241,4
11242,4
11243,4
11244,4
11245,4
11246,4
11247,4
11248,4
11249,4
11250,4
11251,4
11252,4
11253,4
11254,4
11255,4
11256,4
11257,4
11258,4
11259,4
11260,4
11261,4
11262,4
11263,4
11264,4
11265,4
11266,4
11267,4
11268,4
11269,4
11270,4
11271,4
11272,4
11273,4
11274,4
11275,4
11276,4
11277,4
11278,4
11279,4
11280,4
11281,4
11282,4
11283,4
11284,4
11285,4
11286,4
11287,4
11288,4
11289,4
11290,4
11291,4
11292,4
11293,4
11294,4
11295,4
11296,4
11297,4
11298,4
11299,4
11300,4
11301,4
11302,4
11303,4
11304,4
11305,4
11306,4
11307,4
11308,4
11309,4
11310,4
11311,4
11312,4
11313,4
11314,4
11315,4
11316,4
11317,4
11318,4
11319,4
11320,4
11321,4
11322,4
11323,4
11324,4
11325,4
11326,4
11327,4
11328,4
11329,4
11330,4
11331,4
11332,4
11333,4
11334,4
11335,4
11336,4
11337,4
11338,4
11339,4
11340,4
11341,4
11342,4
11343,4
11344,4
11345,4
11346,4
11347,4
11348,4
11349,4
11350,4
11351,4
11352,4
11353,4
11354,4
11355,4
11356,4
11357,4
11358,4
11359,4
11360,4
11361,4
11362,4
11363,4
11364,4
11365,4
11366,4
11367,4
11368,4
11369,4
11370,4
11371,4
11372,4
11373,4
11374,4
11375,4
11376,4
11377,4
11378,4
11379,4
11380,4
11381,4
11382,4
11383,4
11384,4
11385,4
11386,4
11387,4
11388,4
11389,4
11390,4
11391,4
11392,4
11393,4
11394,4
11395,4
11396,4
11397,4
11398,4
11399,4
11400,4
11401,4
11402,4
11403,4
11404,4
11405,4
11406,4
11407,4
11408,4
11409,4
11410,4
11411,4
11412,4
11413,4
11414,4
11415,4
11416,4
11417,4
11418,4
11419,4
11420,4
11421,4
11422,4
11423,4
11424,4
11425,4
11426,4
11427,4
11428,4
11429,4
11430,4
11431,4
11432,4
11433,4
11434,4
11435,4
11436,4
11437,4
11438,4
11439,4
11440,4
11441,4
11442,4
11443,4
11444,4
11445,4
11446,4
11447,4
11448,4
11449,4
11450,4
11451,4
11452,4
11453,4
11454,4
11455,4
11456,4
11457,4
11458,4
11459,4
11460,4
11461,4
11462,4
11463,4
11464,4
11465,4
11466,4
11467,4
11468,4
11469,4
11470,4
11471,4
11472,4
11473,4
11474,4
11475,4
11476,4
11477,4
11478,4
11479,4
11480,4
11481,4
11482,4
11483,4
11484,4
11485,4
11486,4
11487,4
11488,4
11489,4
11490,4
11491,4
11492,4
11493,4
11494,4
11495,4
11496,4
11497,4
11498,4
11499,4
11500,4
11501,4
11502,4
11503,4
11504,4
11505,4
11506,4
11507,4
11508,4
11509,4
11510,4
11511,4
11512,4
11513,4
11514,4
11515,4
11516,4
11517,4
11518,4
11519,4
11520,4
11521,4
11522,4
11523,4
11524,4
11525,4
11526,4
11527,4
11528,4
11529,4
11530,4
11531,4
11532,4
11533,4
11534,4
11535,4
11536,4
11537,4
11538,4
11539,4
11540,4
11541,4
11542,4
11543,4
11544,4
11545,4
11546,4
11547,4
11548,4
11549,4
11550,4
11551,4
11552,4
11553,4
11554,4
11555,4
11556,4
11557,4
11558,4
11559,4
11560,4
11561,4
11562,4
11563,4
11564,4
11565,4
11566,4
11567,4
11568,4
11569,4
11570,4
11571,4
11572,4
11573,4
11574,4
11575,4
11576,4
11577,4
11578,4
11579,4
11580,4
11581,4
11582,4
11583,4
11584,4
11585,4
11586,4
11587,4
11588,4
11589,4
11590,4
11591,4
11592,4
11593,4
11594,4
11595,4
11596,4
11597,4
11598,4
11599,4
11600,4
11601,4
11602,4
11603,4
11604,4
11605,4
11606,4
11607,4
11608,4
11609,4
11610,4
11611,4
11612,4
11613,4
11614,4
11615,4
11616,4
11617,4
11618,4
11619,4
11620,4
11621,4
11622,4
11623,4
11624,4
11625,4
11626,4
11627,4
11628,4
11629,4
11630,4
11631,4
11632,4
11633,4
11634,4
11635,4
11636,4
11637,4
11638,4
11639,4
11640,4
11641,4
11642,4
11643,4
11644,4
11645,4
11646,4
11647,4
11648,4
11649,4
11650,4
11651,4
11652,4
11653,4
11654,4
11655,4
11656,4
11657,4
11658,4
11659,4
11660,4
11661,4
11662,4
11663,4
11664,4
11665,4
11666,4
11667,4
11668,4
11669,4
11670,4
11671,4
11672,4
11673,4
11674,4
11675,4
11676,4
11677,4
11678,4
11679,4
11680,4
11681,4
11682,4
11683,4
11684,4
11685,4
11686,4
11687,4
11688,4
11689,4
11690,4
11691,4
11692,4
11693,4
11694,4
11695,4
11696,4
11697,4
11698,4
11699,4
11700,4
11701,4
11702,4
11703,4
11704,4
11705,4
11706,4
11707,4
11708,4
11709,4
11710,4
11711,4
11712,4
11713,4
11714,4
11715,4
11716,4
11717,4
11718,4
11719,4
11720,4
11721,4
11722,4
11723,4
11724,4
11725,4
11726,4
11727,4
11728,4
11729,4
11730,4
11731,4
11732,4
11733,4
11734,4
11735,4
11736,4
11737,4
11738,4
11739,4
11740,4
11741,4
11742,4
11743,4
11744,4
11745,4
11746,4
11747,4
11748,4
11749,4
11750,4
11751,4
11752,4
11753,4
11754,4
11755,4
11756,4
11757,4
11758,4
11759,4
11760,4
11761,4
11762,4
11763,4
11764,4
11765,4
11766,4
11767,4
11768,4
11769,4
11770,4
11771,4
11772,4
11773,4
11774,4
11775,4
11776,4
11777,4
11778,4
11779,4
11780,4
11781,4
11782,4
11783,4
11784,4
11785,4
11786,4
11787,4
11788,4
11789,4
11790,4
11791,4
11792,4
11793,4
11794,4
11795,4
11796,4
11797,4
11798,4
11799,4
11800,4
11801,4
11802,4
11803,4
11804,4
11805,4
11806,4
11807,4
11808,4
11809,4
11810,4
11811,4
11812,4
11813,4
11814,4
11815,4
11816,4
11817,4
11818,4
11819,4
11820,4
11821,4
11822,4
11823,4
11824,4
11825,4
11826,4
11827,4
11828,4
11829,4
11830,4
11831,4
11832,4
11833,4
11834,4
11835,4
11836,4
11837,4
11838,4
11839,4
11840,4
11841,4
11842,4
11843,4
11844,4
11845,4
11846,4
11847,4
11848,4
11849,4
11850,4
11851,4
11852,4
11853,4
11854,4
11855,4
11856,4
11857,4
11858,4
11859,4
11860,4
11861,4
11862,4
11863,4
11864,4
11865,4
11866,4
11867,4
11868,4
11869,4
11870,4
11871,4
11872,4
11873,4
11874,4
11875,4
11876,4
11877,4
11878,4
11879,4
11880,4
11881,4
11882,4
11883,4
11884,4
11885,4
11886,4
11887,4
11888,4
11889,4
11890,4
11891,4
11892,4
11893,4
11894,4
11895,4
11896,4
11897,4
11898,4
11899,4
11900,4
11901,4
11902,4
11903,4
11904,4
11905,4
11906,4
11907,4
11908,4
11909,4
11910,4
11911,4
11912,4
11913,4
11914,4
11915,4
11916,4
11917,4
11918,4
11919,4
11920,4
11921,4
11922,4
11923,4
11924,4
11925,4
11926,4
11927,4
11928,4
11929,4
11930,4
11931,4
11932,4
11933,4
11934,4
11935,4
11936,4
11937,4
11938,4
11939,4
11940,4
11941,4
11942,4
11943,4
11944,4
11945,4
11946,4
11947,4
11948,4
11949,4
11950,4
11951,4
11952,4
11953,4
11954,4
11955,4
11956,4
11957,4
11958,4
11959,4
11960,4
11961,4
11962,4
11963,4
11964,4
11965,4
11966,4
11967,4
11968,4
11969,4
11970,4
11971,4
11972,4
11973,4
11974,4
11975,4
11976,4
11977,4
11978,4
11979,4
11980,4
11981,4
11982,4
11983,4
11984,4
11985,4
11986,4
11987,4
11988,4
11989,4
11990,4
11991,4
11992,4
11993,4
11994,4
11995,4
11996,4
11997,4
11998,4
11999,4
12000,4
12001,4
12002,4
12003,4
12004,4
12005,4
12006,4
12007,4
12008,4
12009,4
12010,4
12011,4
12012,4
12013,4
12014,4
12015,4
12016,4
12017,4
12018,4
12019,4
12020,4
12021,4
12022,4
12023,4
12024,4
12025,4
12026,4
12027,4
12028,4
12029,4
12030,4
12031,4
12032,4
12033,4
12034,4
12035,4
12036,4
12037,4
12038,4
12039,4
12040,4
12041,4
12042,4
12043,4
12044,4
12045,4
12046,4
12047,4
12048,4
12049,4
12050,4
12051,4
12052,4
12053,4
12054,4
12055,4
12056,4
12057,4
12058,4
12059,4
12060,4
12061,4
12062,4
12063,4
12064,4
12065,4
12066,4
12067,4
12068,4
12069,4
12070,4
12071,4
12072,4
12073,4
12074,4
12075,4
12076,4
12077,4
12078,4
12079,4
12080,4
12081,4
12082,4
12083,4
12084,4
12085,4
12086,4
12087,4
12088,4
12089,4
12090,4
12091,4
12092,4
12093,4
12094,4
12095,4
12096,4
12097,4
12098,4
12099,4
12100,4
12101,4
12102,4
12103,4
12104,4
12105,4
12106,4
12107,4
12108,4
12109,4
12110,4
12111,4
12112,4
12113,4
12114,4
12115,4
12116,4
12117,4
12118,4
12119,4
12120,4
12121,4
12122,4
12123,4
12124,4
12125,4
12126,4
12127,4
12128,4
12129,4
12130,4
12131,4
12132,4
12133,4
12134,4
12135,4
12136,4
12137,4
12138,4
12139,4
12140,4
12141,4
12142,4
12143,4
12144,4
12145,4
12146,4
12147,4
12148,4
12149,4
12150,4
12151,4
12152,4
12153,4
12154,4
12155,4
12156,4
12157,4
12158,4
12159,4
12160,4
12161,4
12162,4
12163,4
12164,4
12165,4
12166,4
12167,4
12168,4
12169,4
12170,4
12171,4
12172,4
12173,4
12174,4
12175,4
12176,4
12177,4
12178,4
12179,4
12180,4
12181,4
12182,4
12183,4
12184,4
12185,4
12186,4
12187,4
12188,4
12189,4
12190,4
12191,4
12192,4
12193,4
12194,4
12195,4
12196,4
12197,4
12198,4
12199,4
12200,4
12201,4
12202,4
12203,4
12204,4
12205,4
12206,4
12207,4
12208,4
12209,4
12210,4
12211,4
12212,4
12213,4
12214,4
12215,4
12216,4
12217,4
12218,4
12219,4
12220,4
12221,4
12222,4
12223,4
12224,4
12225,4
12226,4
12227,4
12228,4
12229,4
12230,4
12231,4
12232,4
12233,4
12234,4
12235,4
12236,4
12237,4
12238,4
12239,4
12240,4
12241,4
12242,4
12243,4
12244,4
12245,4
12246,4
12247,4
12248,4
12249,4
12250,4
12251,4
12252,4
12253,4
12254,4
12255,4
12256,4
12257,4
12258,4
12259,4
12260,4
12261,4
12262,4
12263,4
12264,4
12265,4
12266,4
12267,4
12268,4
12269,4
12270,4
12271,4
12272,4
12273,4
12274,4
12275,4
12276,4
12277,4
12278,4
12279,4
12280,4
12281,4
12282,4
12283,4
12284,4
12285,4
12286,4
12287,4
12288,4
12289,4
12290,4
12291,4
12292,4
12293,4
12294,4
12295,4
12296,4
12297,4
12298,4
12299,4
12300,4
12301,4
12302,4
12303,4
12304,4
12305,4
12306,4
12307,4
12308,4
12309,4
12310,4
12311,4
12312,4
12313,4
12314,4
12315,4
12316,4
12317,4
12318,4
12319,4
12320,4
12321,4
12322,4
12323,4
12324,4
12325,4
12326,4
12327,4
12328,4
12329,4
12330,4
12331,4
12332,4
12333,4
12334,4
12335,4
12336,4
12337,4
12338,4
12339,4
12340,4
12341,4
12342,4
12343,4
12344,4
12345,4
12346,4
12347,4
12348,4
12349,4
12350,4
12351,4
12352,4
12353,4
12354,4
12355,4
12356,4
12357,4
12358,4
12359,4
12360,4
12361,4
12362,4
12363,4
12364,4
12365,4
12366,4
12367,4
12368,4
12369,4
12370,4
12371,4
12372,4
12373,4
12374,4
12375,4
12376,4
12377,4
12378,4
12379,4
12380,4
12381,4
12382,4
12383,4
12384,4
12385,4
12386,4
12387,4
12388,4
12389,4
12390,4
12391,4
12392,4
12393,4
12394,4
12395,4
12396,4
12397,4
12398,4
12399,4
12400,4
12401,4
12402,4
12403,4
12404,4
12405,4
12406,4
12407,4
12408,4
12409,4
12410,4
12411,4
12412,4
12413,4
12414,4
12415,4
12416,4
12417,4
12418,4
12419,4
12420,4
12421,4
12422,4
12423,4
12424,4
12425,4
12426,4
12427,4
12428,4
12429,4
12430,4
12431,4
12432,4
12433,4
12434,4
12435,4
12436,4
12437,4
12438,4
12439,4
12440,4
12441,4
12442,4
12443,4
12444,4
12445,4
12446,4
12447,4
12448,4
12449,4
12450,4
12451,4
12452,4
12453,4
12454,4
12455,4
12456,4
12457,4
12458,4
12459,4
12460,4
12461,4
12462,4
12463,4
12464,4
12465,4
12466,4
12467,4
12468,4
12469,4
12470,4
12471,4
12472,4
12473,4
12474,4
12475,4
12476,4
12477,4
12478,4
12479,4
12480,4
12481,4
12482,4
12483,4
12484,4
12485,4
12486,4
12487,4
12488,4
12489,4
12490,4
12491,4
12492,4
12493,4
12494,4
12495,4
12496,4
12497,4
12498,4
12499,4
12500,4
12501,4
12502,4
12503,4
12504,4
12505,4
12506,4
12507,4
12508,4
12509,4
12510,4
12511,4
12512,4
12513,4
12514,4
12515,4
12516,4
12517,4
12518,4
12519,4
12520,4
12521,4
12522,4
12523,4
12524,4
12525,4
12526,4
12527,4
12528,4
12529,4
12530,4
12531,4
12532,4
12533,4
12534,4
12535,4
12536,4
12537,4
12538,4
12539,4
12540,4
12541,4
12542,4
12543,4
12544,4
12545,4
12546,4
12547,4
12548,4
12549,4
12550,4
12551,4
12552,4
12553,4
12554,4
12555,4
12556,4
12557,4
12558,4
12559,4
12560,4
12561,4
12562,4
12563,4
12564,4
12565,4
12566,4
12567,4
12568,4
12569,4
12570,4
12571,4
12572,4
12573,4
12574,4
12575,4
12576,4
12577,4
12578,4
12579,4
12580,4
12581,4
12582,4
12583,4
12584,4
12585,4
12586,4
12587,4
12588,4
12589,4
12590,4
12591,4
12592,4
12593,4
12594,4
12595,4
12596,4
12597,4
12598,4
12599,4
12600,4
12601,4
12602,4
12603,4
12604,4
12605,4
12606,4
12607,4
12608,4
12609,4
12610,4
12611,4
12612,4
12613,4
12614,4
12615,4
12616,4
12617,4
12618,4
12619,4
12620,4
12621,4
12622,4
12623,4
12624,4
12625,4
12626,4
12627,4
12628,4
12629,4
12630,4
12631,4
12632,4
12633,4
12634,4
12635,4
12636,4
12637,4
12638,4
12639,4
12640,4
12641,4
12642,4
12643,4
12644,4
12645,4
12646,4
12647,4
12648,4
12649,4
12650,4
12651,4
12652,4
12653,4
12654,4
12655,4
12656,4
12657,4
12658,4
12659,4
12660,4
12661,4
12662,4
12663,4
12664,4
12665,4
12666,4
12667,4
12668,4
12669,4
12670,4
12671,4
12672,4
12673,4
12674,4
12675,4
12676,4
12677,4
12678,4
12679,4
12680,4
12681,4
12682,4
12683,4
12684,4
12685,4
12686,4
12687,4
12688,4
12689,4
12690,4
12691,4
12692,4
12693,4
12694,4
12695,4
12696,4
12697,4
12698,4
12699,4
12700,4
12701,4
12702,4
12703,4
12704,4
12705,4
12706,4
12707,4
12708,4
12709,4
12710,4
12711,4
12712,4
12713,4
12714,4
12715,4
12716,4
12717,4
12718,4
12719,4
12720,4
12721,4
12722,4
12723,4
12724,4
12725,4
12726,4
12727,4
12728,4
12729,4
12730,4
12731,4
12732,4
12733,4
12734,4
12735,4
12736,4
12737,4
12738,4
12739,4
12740,4
12741,4
12742,4
12743,4
12744,4
12745,4
12746,4
12747,4
12748,4
12749,4
12750,4
12751,4
12752,4
12753,4
12754,4
12755,4
12756,4
12757,4
12758,4
12759,4
12760,4
12761,4
12762,4
12763,4
12764,4
12765,4
12766,4
12767,4
12768,4
12769,4
12770,4
12771,4
12772,4
12773,4
12774,4
12775,4
12776,4
12777,4
12778,4
12779,4
12780,4
12781,4
12782,4
12783,4
12784,4
12785,4
12786,4
12787,4
12788,4
12789,4
12790,4
12791,4
12792,4
12793,4
12794,4
12795,4
12796,4
12797,4
12798,4
12799,4
12800,4
12801,4
12802,4
12803,4
12804,4
12805,4
12806,4
12807,4
12808,4
12809,4
12810,4
12811,4
12812,4
12813,4
12814,4
12815,4
12816,4
12817,4
12818,4
12819,4
12820,4
12821,4
12822,4
12823,4
12824,4
12825,4
12826,4
12827,4
12828,4
12829,4
12830,4
12831,4
12832,4
12833,4
12834,4
12835,4
12836,4
12837,4
12838,4
12839,4
12840,4
12841,4
12842,4
12843,4
12844,4
12845,4
12846,4
12847,4
12848,4
12849,4
12850,4
12851,4
12852,4
12853,4
12854,4
12855,4
12856,4
12857,4
12858,4
12859,4
12860,4
12861,4
12862,4
12863,4
12864,4
12865,4
12866,4
12867,4
12868,4
12869,4
12870,4
12871,4
12872,4
12873,4
12874,4
12875,4
12876,4
12877,4
12878,4
12879,4
12880,4
12881,4
12882,4
12883,4
12884,4
12885,4
12886,4
12887,4
12888,4
12889,4
12890,4
12891,4
12892,4
12893,4
12894,4
12895,4
12896,4
12897,4
12898,4
12899,4
12900,4
12901,4
12902,4
12903,4
12904,4
12905,4
12906,4
12907,4
12908,4
12909,4
12910,4
12911,4
12912,4
12913,4
12914,4
12915,4
12916,4
12917,4
12918,4
12919,4
12920,4
12921,4
12922,4
12923,4
12924,4
12925,4
12926,4
12927,4
12928,4
12929,4
12930,4
12931,4
12932,4
12933,4
12934,4
12935,4
12936,4
12937,4
12938,4
12939,4
12940,4
12941,4
12942,4
12943,4
12944,4
12945,4
12946,4
12947,4
12948,4
12949,4
12950,4
12951,4
12952,4
12953,4
12954,4
12955,4
12956,4
12957,4
12958,4
12959,4
12960,4
12961,4
12962,4
12963,4
12964,4
12965,4
12966,4
12967,4
12968,4
12969,4
12970,4
12971,4
12972,4
12973,4
12974,4
12975,4
12976,4
12977,4
12978,4
12979,4
12980,4
12981,4
12982,4
12983,4
12984,4
12985,4
12986,4
12987,4
12988,4
12989,4
12990,4
12991,4
12992,4
12993,4
12994,4
12995,4
12996,4
12997,4
12998,4
12999,4
13000,4
13001,4
13002,4
13003,4
13004,4
13005,4
13006,4
13007,4
13008,4
13009,4
13010,4
13011,4
13012,4
13013,4
13014,4
13015,4
13016,4
13017,4
13018,4
13019,4
13020,4
13021,4
13022,4
13023,4
13024,4
13025,4
13026,4
13027,4
13028,4
13029,4
13030,4
13031,4
13032,4
13033,4
13034,4
13035,4
13036,4
13037,4
13038,4
13039,4
13040,4
13041,4
13042,4
13043,4
13044,4
13045,4
13046,4
13047,4
13048,4
13049,4
13050,4
13051,4
13052,4
13053,4
13054,4
13055,4
13056,4
13057,4
13058,4
13059,4
13060,4
13061,4
13062,4
13063,4
13064,4
13065,4
13066,4
13067,4
13068,4
13069,4
13070,4
13071,4
13072,4
13073,4
13074,4
13075,4
13076,4
13077,4
13078,4
13079,4
13080,4
13081,4
13082,4
13083,4
13084,4
13085,4
13086,4
13087,4
13088,4
13089,4
13090,4
13091,4
13092,4
13093,4
13094,4
13095,4
13096,4
13097,4
13098,4
13099,4
13100,4
13101,4
13102,4
13103,4
