imd_rainfall_mm,imd_rainfall_mm_log1p,rain_intensity_class,cloudburst_flag,landslide_risk,block_id
4.0107502937316895,1.611585663111862,1,0,0,191
4.0107502937316895,1.611585663111862,1,0,0,191
4.0107502937316895,1.611585663111862,1,0,0,191
4.0107502937316895,1.611585663111862,1,0,0,191
4.0107502937316895,1.611585663111862,1,0,0,191
4.0107502937316895,1.611585663111862,1,0,0,191
4.0107502937316895,1.611585663111862,1,0,0,191
4.0107502937316895,1.611585663111862,1,0,0,191
4.0107502937316895,1.611585663111862,1,0,0,191
4.0107502937316895,1.611585663111862,1,0,0,191
4.0107502937316895,1.611585663111862,1,0,0,191
4.0107502937316895,1.611585663111862,1,0,0,191
4.0107502937316895,1.611585663111862,1,0,1,191
4.0107502937316895,1.611585663111862,1,0,1,191
4.0107502937316895,1.611585663111862,1,0,1,191
4.0107502937316895,1.611585663111862,1,0,1,191
4.0107502937316895,1.611585663111862,1,0,1,191
4.0107502937316895,1.611585663111862,1,0,1,191
4.0107502937316895,1.611585663111862,1,0,1,191
4.0107502937316895,1.611585663111862,1,0,1,191
4.0107502937316895,1.611585663111862,1,0,1,191
4.0107502937316895,1.611585663111862,1,0,1,191
4.0107502937316895,1.611585663111862,1,0,1,191
4.0107502937316895,1.611585663111862,1,0,1,191
0.0,0.0,0,0,0,276
0.0,0.0,0,0,0,276
0.0,0.0,0,0,0,276
0.0,0.0,0,0,0,276
0.0,0.0,0,0,0,276
0.0,0.0,0,0,0,276
0.0,0.0,0,0,0,276
0.0,0.0,0,0,0,276
0.0,0.0,0,0,0,276
0.0,0.0,0,0,0,276
0.0,0.0,0,0,0,276
0.0,0.0,0,0,0,276
0.0,0.0,0,0,0,276
0.0,0.0,0,0,0,276
0.0,0.0,0,0,0,276
0.0,0.0,0,0,0,276
0.0,0.0,0,0,0,276
0.0,0.0,0,0,0,276
0.0,0.0,0,0,0,276
0.0,0.0,0,0,0,276
0.0,0.0,0,0,0,276
0.0,0.0,0,0,0,276
0.0,0.0,0,0,0,276
0.0,0.0,0,0,0,276
0.0,0.0,0,0,0,324
0.0,0.0,0,0,0,324
0.0,0.0,0,0,0,324
0.0,0.0,0,0,0,324
0.0,0.0,0,0,0,324
0.0,0.0,0,0,0,324
0.0,0.0,0,0,0,324
0.0,0.0,0,0,0,324
0.0,0.0,0,0,0,324
0.0,0.0,0,0,0,324
0.0,0.0,0,0,0,324
0.0,0.0,0,0,0,324
0.0,0.0,0,0,0,324
0.0,0.0,0,0,0,324
0.0,0.0,0,0,0,324
0.0,0.0,0,0,0,324
0.0,0.0,0,0,0,324
0.0,0.0,0,0,0,324
0.0,0.0,0,0,0,324
0.0,0.0,0,0,0,324
0.0,0.0,0,0,0,324
0.0,0.0,0,0,0,324
0.0,0.0,0,0,0,324
0.0,0.0,0,0,0,324
0.0,0.0,0,0,0,330
0.0,0.0,0,0,0,330
0.0,0.0,0,0,0,330
0.0,0.0,0,0,0,330
0.0,0.0,0,0,0,330
0.0,0.0,0,0,0,330
0.0,0.0,0,0,0,330
0.0,0.0,0,0,0,330
0.0,0.0,0,0,0,330
0.0,0.0,0,0,0,330
0.0,0.0,0,0,0,330
0.0,0.0,0,0,0,330
0.0,0.0,0,0,0,330
0.0,0.0,0,0,0,330
0.0,0.0,0,0,0,330
0.0,0.0,0,0,0,330
0.0,0.0,0,0,0,330
0.0,0.0,0,0,0,330
0.0,0.0,0,0,0,330
0.0,0.0,0,0,0,330
0.0,0.0,0,0,0,330
0.0,0.0,0,0,0,330
0.0,0.0,0,0,0,330
0.0,0.0,0,0,0,330
0.0,0.0,0,0,0,350
0.0,0.0,0,0,0,350
0.0,0.0,0,0,0,350
0.0,0.0,0,0,0,350
0.0,0.0,0,0,0,350
0.0,0.0,0,0,0,350
0.0,0.0,0,0,0,350
0.0,0.0,0,0,0,350
0.0,0.0,0,0,0,350
0.0,0.0,0,0,0,350
0.0,0.0,0,0,0,350
0.0,0.0,0,0,0,350
0.0,0.0,0,0,0,350
0.0,0.0,0,0,0,350
0.0,0.0,0,0,0,350
0.0,0.0,0,0,0,350
0.0,0.0,0,0,0,350
0.0,0.0,0,0,0,350
0.0,0.0,0,0,0,350
0.0,0.0,0,0,0,350
0.0,0.0,0,0,0,350
0.0,0.0,0,0,0,350
0.0,0.0,0,0,0,350
0.0,0.0,0,0,0,350
0.0,0.0,0,0,0,502
0.0,0.0,0,0,0,502
0.0,0.0,0,0,0,502
0.0,0.0,0,0,0,502
0.0,0.0,0,0,0,502
0.0,0.0,0,0,0,502
0.0,0.0,0,0,0,502
0.0,0.0,0,0,0,502
0.0,0.0,0,0,0,502
0.0,0.0,0,0,0,502
0.0,0.0,0,0,0,502
0.0,0.0,0,0,0,502
0.0,0.0,0,0,0,502
0.0,0.0,0,0,0,502
0.0,0.0,0,0,0,502
0.0,0.0,0,0,0,502
0.0,0.0,0,0,0,502
0.0,0.0,0,0,0,502
0.0,0.0,0,0,0,502
0.0,0.0,0,0,0,502
0.0,0.0,0,0,0,502
0.0,0.0,0,0,0,502
0.0,0.0,0,0,0,502
0.0,0.0,0,0,0,502
0.0,0.0,0,0,0,633
0.0,0.0,0,0,0,633
0.0,0.0,0,0,0,633
0.0,0.0,0,0,0,633
0.0,0.0,0,0,0,633
0.0,0.0,0,0,0,633
0.0,0.0,0,0,0,633
0.0,0.0,0,0,0,633
0.0,0.0,0,0,0,633
0.0,0.0,0,0,0,633
0.0,0.0,0,0,0,633
0.0,0.0,0,0,0,633
0.0,0.0,0,0,0,633
0.0,0.0,0,0,0,633
0.0,0.0,0,0,0,633
0.0,0.0,0,0,0,633
0.0,0.0,0,0,0,633
0.0,0.0,0,0,0,633
0.0,0.0,0,0,0,633
0.0,0.0,0,0,0,633
0.0,0.0,0,0,0,633
0.0,0.0,0,0,0,633
0.0,0.0,0,0,0,633
0.0,0.0,0,0,0,633
0.0,0.0,0,0,0,662
0.0,0.0,0,0,0,662
0.0,0.0,0,0,0,662
0.0,0.0,0,0,0,662
0.0,0.0,0,0,0,662
0.0,0.0,0,0,0,662
0.0,0.0,0,0,0,662
0.0,0.0,0,0,0,662
0.0,0.0,0,0,0,662
0.0,0.0,0,0,0,662
0.0,0.0,0,0,0,662
0.0,0.0,0,0,0,662
0.0,0.0,0,0,0,662
0.0,0.0,0,0,0,662
0.0,0.0,0,0,0,662
0.0,0.0,0,0,0,662
0.0,0.0,0,0,0,662
0.0,0.0,0,0,0,662
0.0,0.0,0,0,0,662
0.0,0.0,0,0,0,662
0.0,0.0,0,0,0,662
0.0,0.0,0,0,0,662
0.0,0.0,0,0,0,662
0.0,0.0,0,0,0,662
0.0,0.0,0,0,0,792
0.0,0.0,0,0,0,792
0.0,0.0,0,0,0,792
0.0,0.0,0,0,0,792
0.0,0.0,0,0,0,792
0.0,0.0,0,0,0,792
0.0,0.0,0,0,0,792
0.0,0.0,0,0,0,792
0.0,0.0,0,0,0,792
0.0,0.0,0,0,0,792
0.0,0.0,0,0,0,792
0.0,0.0,0,0,0,792
0.0,0.0,0,0,0,792
0.0,0.0,0,0,0,792
0.0,0.0,0,0,0,792
0.0,0.0,0,0,0,792
0.0,0.0,0,0,0,792
0.0,0.0,0,0,0,792
0.0,0.0,0,0,0,792
0.0,0.0,0,0,0,792
0.0,0.0,0,0,0,792
0.0,0.0,0,0,0,792
0.0,0.0,0,0,0,792
0.0,0.0,0,0,0,792
0.0,0.0,0,0,0,864
0.0,0.0,0,0,0,864
0.0,0.0,0,0,0,864
0.0,0.0,0,0,0,864
0.0,0.0,0,0,0,864
0.0,0.0,0,0,0,864
0.0,0.0,0,0,0,864
0.0,0.0,0,0,0,864
0.0,0.0,0,0,0,864
0.0,0.0,0,0,0,864
0.0,0.0,0,0,0,864
0.0,0.0,0,0,0,864
0.0,0.0,0,0,0,864
0.0,0.0,0,0,0,864
0.0,0.0,0,0,0,864
0.0,0.0,0,0,0,864
0.0,0.0,0,0,0,864
0.0,0.0,0,0,0,864
0.0,0.0,0,0,0,864
0.0,0.0,0,0,0,864
0.0,0.0,0,0,0,864
0.0,0.0,0,0,0,864
0.0,0.0,0,0,0,864
0.0,0.0,0,0,0,864
0.8103179335594177,0.5935024837526252,0,0,0,903
0.8103179335594177,0.5935024837526252,0,0,0,903
0.8103179335594177,0.5935024837526252,0,0,0,903
0.8103179335594177,0.5935024837526252,0,0,0,903
0.8103179335594177,0.5935024837526252,0,0,0,903
0.8103179335594177,0.5935024837526252,0,0,0,903
0.8103179335594177,0.5935024837526252,0,0,0,903
0.8103179335594177,0.5935024837526252,0,0,0,903
0.8103179335594177,0.5935024837526252,0,0,0,903
0.8103179335594177,0.5935024837526252,0,0,0,903
0.8103179335594177,0.5935024837526252,0,0,0,903
0.8103179335594177,0.5935024837526252,0,0,0,903
0.8103179335594177,0.5935024837526252,0,0,0,903
0.8103179335594177,0.5935024837526252,0,0,0,903
0.8103179335594177,0.5935024837526252,0,0,0,903
0.8103179335594177,0.5935024837526252,0,0,0,903
0.8103179335594177,0.5935024837526252,0,0,0,903
0.8103179335594177,0.5935024837526252,0,0,0,903
0.8103179335594177,0.5935024837526252,0,0,0,903
0.8103179335594177,0.5935024837526252,0,0,0,903
0.8103179335594177,0.5935024837526252,0,0,0,903
0.8103179335594177,0.5935024837526252,0,0,0,903
0.8103179335594177,0.5935024837526252,0,0,0,903
0.8103179335594177,0.5935024837526252,0,0,0,903
128.3660888671875,4.862646283326157,4,1,0,952
128.3660888671875,4.862646283326157,4,1,0,952
128.3660888671875,4.862646283326157,4,1,0,952
128.3660888671875,4.862646283326157,4,1,0,952
128.3660888671875,4.862646283326157,4,1,0,952
128.3660888671875,4.862646283326157,4,1,0,952
128.3660888671875,4.862646283326157,4,1,0,952
128.3660888671875,4.862646283326157,4,1,0,952
128.3660888671875,4.862646283326157,4,1,0,952
128.3660888671875,4.862646283326157,4,1,0,952
128.3660888671875,4.862646283326157,4,1,0,952
128.3660888671875,4.862646283326157,4,1,0,952
128.3660888671875,4.862646283326157,4,1,0,952
128.3660888671875,4.862646283326157,4,1,0,952
128.3660888671875,4.862646283326157,4,1,0,952
128.3660888671875,4.862646283326157,4,1,0,952
128.3660888671875,4.862646283326157,4,1,0,952
128.3660888671875,4.862646283326157,4,1,0,952
128.3660888671875,4.862646283326157,4,1,0,952
128.3660888671875,4.862646283326157,4,1,0,952
128.3660888671875,4.862646283326157,4,1,1,952
128.3660888671875,4.862646283326157,4,1,1,952
128.3660888671875,4.862646283326157,4,1,1,952
128.3660888671875,4.862646283326157,4,1,1,952
155.31289672851562,5.051859746681898,4,1,1,953
155.31289672851562,5.051859746681898,4,1,1,953
155.31289672851562,5.051859746681898,4,1,1,953
155.31289672851562,5.051859746681898,4,1,1,953
155.31289672851562,5.051859746681898,4,1,1,953
155.31289672851562,5.051859746681898,4,1,1,953
155.31289672851562,5.051859746681898,4,1,1,953
155.31289672851562,5.051859746681898,4,1,1,953
155.31289672851562,5.051859746681898,4,1,1,953
155.31289672851562,5.051859746681898,4,1,1,953
155.31289672851562,5.051859746681898,4,1,1,953
155.31289672851562,5.051859746681898,4,1,1,953
155.31289672851562,5.051859746681898,4,1,1,953
155.31289672851562,5.051859746681898,4,1,1,953
155.31289672851562,5.051859746681898,4,1,1,953
155.31289672851562,5.051859746681898,4,1,1,953
155.31289672851562,5.051859746681898,4,1,1,953
155.31289672851562,5.051859746681898,4,1,1,953
155.31289672851562,5.051859746681898,4,1,1,953
155.31289672851562,5.051859746681898,4,1,1,953
155.31289672851562,5.051859746681898,4,1,1,953
155.31289672851562,5.051859746681898,4,1,1,953
155.31289672851562,5.051859746681898,4,1,1,953
155.31289672851562,5.051859746681898,4,1,1,953
2.882297992706299,1.356427244476217,1,0,0,1073
2.882297992706299,1.356427244476217,1,0,0,1073
2.882297992706299,1.356427244476217,1,0,0,1073
2.882297992706299,1.356427244476217,1,0,0,1073
2.882297992706299,1.356427244476217,1,0,0,1073
2.882297992706299,1.356427244476217,1,0,0,1073
2.882297992706299,1.356427244476217,1,0,0,1073
2.882297992706299,1.356427244476217,1,0,0,1073
2.882297992706299,1.356427244476217,1,0,0,1073
2.882297992706299,1.356427244476217,1,0,0,1073
2.882297992706299,1.356427244476217,1,0,0,1073
2.882297992706299,1.356427244476217,1,0,0,1073
2.882297992706299,1.356427244476217,1,0,0,1073
2.882297992706299,1.356427244476217,1,0,0,1073
2.882297992706299,1.356427244476217,1,0,0,1073
2.882297992706299,1.356427244476217,1,0,0,1073
2.882297992706299,1.356427244476217,1,0,0,1073
2.882297992706299,1.356427244476217,1,0,0,1073
2.882297992706299,1.356427244476217,1,0,0,1073
2.882297992706299,1.356427244476217,1,0,0,1073
2.882297992706299,1.356427244476217,1,0,0,1073
2.882297992706299,1.356427244476217,1,0,0,1073
2.882297992706299,1.356427244476217,1,0,0,1073
2.882297992706299,1.356427244476217,1,0,0,1073
0.0,0.0,0,0,0,1166
0.0,0.0,0,0,0,1166
0.0,0.0,0,0,0,1166
0.0,0.0,0,0,0,1166
0.0,0.0,0,0,0,1166
0.0,0.0,0,0,0,1166
0.0,0.0,0,0,0,1166
0.0,0.0,0,0,0,1166
0.0,0.0,0,0,0,1166
0.0,0.0,0,0,0,1166
0.0,0.0,0,0,0,1166
0.0,0.0,0,0,0,1166
0.0,0.0,0,0,0,1166
0.0,0.0,0,0,0,1166
0.0,0.0,0,0,0,1166
0.0,0.0,0,0,0,1166
0.0,0.0,0,0,0,1166
0.0,0.0,0,0,0,1166
0.0,0.0,0,0,0,1166
0.0,0.0,0,0,0,1166
0.0,0.0,0,0,0,1166
0.0,0.0,0,0,0,1166
0.0,0.0,0,0,0,1166
0.0,0.0,0,0,0,1166
0.0,0.0,0,0,0,1177
0.0,0.0,0,0,0,1177
0.0,0.0,0,0,0,1177
0.0,0.0,0,0,0,1177
0.0,0.0,0,0,0,1177
0.0,0.0,0,0,0,1177
0.0,0.0,0,0,0,1177
0.0,0.0,0,0,0,1177
0.0,0.0,0,0,0,1177
0.0,0.0,0,0,0,1177
0.0,0.0,0,0,0,1177
0.0,0.0,0,0,0,1177
0.0,0.0,0,0,0,1177
0.0,0.0,0,0,0,1177
0.0,0.0,0,0,0,1177
0.0,0.0,0,0,0,1177
0.0,0.0,0,0,0,1177
0.0,0.0,0,0,0,1177
0.0,0.0,0,0,0,1177
0.0,0.0,0,0,0,1177
0.0,0.0,0,0,0,1177
0.0,0.0,0,0,0,1177
0.0,0.0,0,0,0,1177
0.0,0.0,0,0,0,1177
6.223851203918457,1.9773882184383311,1,0,0,1201
6.223851203918457,1.9773882184383311,1,0,0,1201
6.223851203918457,1.9773882184383311,1,0,0,1201
6.223851203918457,1.9773882184383311,1,0,0,1201
6.223851203918457,1.9773882184383311,1,0,0,1201
6.223851203918457,1.9773882184383311,1,0,0,1201
6.223851203918457,1.9773882184383311,1,0,0,1201
6.223851203918457,1.9773882184383311,1,0,0,1201
6.223851203918457,1.9773882184383311,1,0,0,1201
6.223851203918457,1.9773882184383311,1,0,0,1201
6.223851203918457,1.9773882184383311,1,0,0,1201
6.223851203918457,1.9773882184383311,1,0,0,1201
6.223851203918457,1.9773882184383311,1,0,0,1201
6.223851203918457,1.9773882184383311,1,0,0,1201
6.223851203918457,1.9773882184383311,1,0,0,1201
6.223851203918457,1.9773882184383311,1,0,0,1201
6.223851203918457,1.9773882184383311,1,0,0,1201
6.223851203918457,1.9773882184383311,1,0,0,1201
6.223851203918457,1.9773882184383311,1,0,0,1201
6.223851203918457,1.9773882184383311,1,0,0,1201
6.223851203918457,1.9773882184383311,1,0,0,1201
6.223851203918457,1.9773882184383311,1,0,0,1201
6.223851203918457,1.9773882184383311,1,0,0,1201
6.223851203918457,1.9773882184383311,1,0,0,1201
0.0,0.0,0,0,0,1483
0.0,0.0,0,0,0,1483
0.0,0.0,0,0,0,1483
0.0,0.0,0,0,0,1483
0.0,0.0,0,0,0,1483
0.0,0.0,0,0,0,1483
0.0,0.0,0,0,0,1483
0.0,0.0,0,0,0,1483
0.0,0.0,0,0,0,1483
0.0,0.0,0,0,0,1483
0.0,0.0,0,0,0,1483
0.0,0.0,0,0,0,1483
0.0,0.0,0,0,0,1483
0.0,0.0,0,0,0,1483
0.0,0.0,0,0,0,1483
0.0,0.0,0,0,0,1483
0.0,0.0,0,0,0,1483
0.0,0.0,0,0,0,1483
0.0,0.0,0,0,0,1483
0.0,0.0,0,0,0,1483
0.0,0.0,0,0,0,1483
0.0,0.0,0,0,0,1483
0.0,0.0,0,0,0,1483
0.0,0.0,0,0,0,1483
0.0,0.0,0,0,0,1629
0.0,0.0,0,0,0,1629
0.0,0.0,0,0,0,1629
0.0,0.0,0,0,0,1629
0.0,0.0,0,0,0,1629
0.0,0.0,0,0,0,1629
0.0,0.0,0,0,0,1629
0.0,0.0,0,0,0,1629
0.0,0.0,0,0,0,1629
0.0,0.0,0,0,0,1629
0.0,0.0,0,0,0,1629
0.0,0.0,0,0,0,1629
0.0,0.0,0,0,0,1629
0.0,0.0,0,0,0,1629
0.0,0.0,0,0,0,1629
0.0,0.0,0,0,0,1629
0.0,0.0,0,0,0,1629
0.0,0.0,0,0,0,1629
0.0,0.0,0,0,0,1629
0.0,0.0,0,0,0,1629
0.0,0.0,0,0,0,1629
0.0,0.0,0,0,0,1629
0.0,0.0,0,0,0,1629
0.0,0.0,0,0,0,1629
118.01201629638672,4.779224465294227,4,1,0,1678
118.01201629638672,4.779224465294227,4,1,0,1678
118.01201629638672,4.779224465294227,4,1,0,1678
118.01201629638672,4.779224465294227,4,1,0,1678
118.01201629638672,4.779224465294227,4,1,0,1678
118.01201629638672,4.779224465294227,4,1,0,1678
118.01201629638672,4.779224465294227,4,1,0,1678
118.01201629638672,4.779224465294227,4,1,0,1678
118.01201629638672,4.779224465294227,4,1,0,1678
118.01201629638672,4.779224465294227,4,1,0,1678
118.01201629638672,4.779224465294227,4,1,0,1678
118.01201629638672,4.779224465294227,4,1,0,1678
118.01201629638672,4.779224465294227,4,1,0,1678
118.01201629638672,4.779224465294227,4,1,0,1678
118.01201629638672,4.779224465294227,4,1,0,1678
118.01201629638672,4.779224465294227,4,1,0,1678
118.01201629638672,4.779224465294227,4,1,0,1678
118.01201629638672,4.779224465294227,4,1,0,1678
118.01201629638672,4.779224465294227,4,1,0,1678
118.01201629638672,4.779224465294227,4,1,0,1678
118.01201629638672,4.779224465294227,4,1,0,1678
118.01201629638672,4.779224465294227,4,1,0,1678
118.01201629638672,4.779224465294227,4,1,0,1678
118.01201629638672,4.779224465294227,4,1,0,1678
0.0,0.0,0,0,0,1720
0.0,0.0,0,0,0,1720
0.0,0.0,0,0,0,1720
0.0,0.0,0,0,0,1720
0.0,0.0,0,0,0,1720
0.0,0.0,0,0,0,1720
0.0,0.0,0,0,0,1720
0.0,0.0,0,0,0,1720
0.0,0.0,0,0,0,1720
0.0,0.0,0,0,0,1720
0.0,0.0,0,0,0,1720
0.0,0.0,0,0,0,1720
0.0,0.0,0,0,0,1720
0.0,0.0,0,0,0,1720
0.0,0.0,0,0,0,1720
0.0,0.0,0,0,0,1720
0.0,0.0,0,0,0,1720
0.0,0.0,0,0,0,1720
0.0,0.0,0,0,0,1720
0.0,0.0,0,0,0,1720
0.0,0.0,0,0,0,1720
0.0,0.0,0,0,0,1720
0.0,0.0,0,0,0,1720
0.0,0.0,0,0,0,1720
0.0,0.0,0,0,0,1892
0.0,0.0,0,0,0,1892
0.0,0.0,0,0,0,1892
0.0,0.0,0,0,0,1892
0.0,0.0,0,0,0,1892
0.0,0.0,0,0,0,1892
0.0,0.0,0,0,0,1892
0.0,0.0,0,0,0,1892
0.0,0.0,0,0,0,1892
0.0,0.0,0,0,0,1892
0.0,0.0,0,0,0,1892
0.0,0.0,0,0,0,1892
0.0,0.0,0,0,0,1892
0.0,0.0,0,0,0,1892
0.0,0.0,0,0,0,1892
0.0,0.0,0,0,0,1892
0.0,0.0,0,0,0,1892
0.0,0.0,0,0,0,1892
0.0,0.0,0,0,0,1892
0.0,0.0,0,0,0,1892
0.0,0.0,0,0,0,1892
0.0,0.0,0,0,0,1892
0.0,0.0,0,0,0,1892
0.0,0.0,0,0,0,1892
0.2326486110687255,0.20916519659792296,0,0,0,1956
0.2326486110687255,0.20916519659792296,0,0,0,1956
0.2326486110687255,0.20916519659792296,0,0,0,1956
0.2326486110687255,0.20916519659792296,0,0,0,1956
0.2326486110687255,0.20916519659792296,0,0,0,1956
0.2326486110687255,0.20916519659792296,0,0,0,1956
0.2326486110687255,0.20916519659792296,0,0,0,1956
0.2326486110687255,0.20916519659792296,0,0,0,1956
0.2326486110687255,0.20916519659792296,0,0,0,1956
0.2326486110687255,0.20916519659792296,0,0,0,1956
0.2326486110687255,0.20916519659792296,0,0,0,1956
0.2326486110687255,0.20916519659792296,0,0,0,1956
0.2326486110687255,0.20916519659792296,0,0,0,1956
0.2326486110687255,0.20916519659792296,0,0,0,1956
0.2326486110687255,0.20916519659792296,0,0,0,1956
0.2326486110687255,0.20916519659792296,0,0,0,1956
0.2326486110687255,0.20916519659792296,0,0,0,1956
0.2326486110687255,0.20916519659792296,0,0,0,1956
0.2326486110687255,0.20916519659792296,0,0,0,1956
0.2326486110687255,0.20916519659792296,0,0,0,1956
0.2326486110687255,0.20916519659792296,0,0,0,1956
0.2326486110687255,0.20916519659792296,0,0,0,1956
0.2326486110687255,0.20916519659792296,0,0,0,1956
0.2326486110687255,0.20916519659792296,0,0,0,1956
1.0006046295166016,0.6934494496303474,0,0,0,2149
1.0006046295166016,0.6934494496303474,0,0,0,2149
1.0006046295166016,0.6934494496303474,0,0,0,2149
1.0006046295166016,0.6934494496303474,0,0,0,2149
1.0006046295166016,0.6934494496303474,0,0,0,2149
1.0006046295166016,0.6934494496303474,0,0,0,2149
1.0006046295166016,0.6934494496303474,0,0,0,2149
1.0006046295166016,0.6934494496303474,0,0,0,2149
1.0006046295166016,0.6934494496303474,0,0,0,2149
1.0006046295166016,0.6934494496303474,0,0,0,2149
1.0006046295166016,0.6934494496303474,0,0,0,2149
1.0006046295166016,0.6934494496303474,0,0,0,2149
1.0006046295166016,0.6934494496303474,0,0,0,2149
1.0006046295166016,0.6934494496303474,0,0,0,2149
1.0006046295166016,0.6934494496303474,0,0,0,2149
1.0006046295166016,0.6934494496303474,0,0,0,2149
1.0006046295166016,0.6934494496303474,0,0,0,2149
1.0006046295166016,0.6934494496303474,0,0,0,2149
1.0006046295166016,0.6934494496303474,0,0,0,2149
1.0006046295166016,0.6934494496303474,0,0,0,2149
1.0006046295166016,0.6934494496303474,0,0,0,2149
1.0006046295166016,0.6934494496303474,0,0,0,2149
1.0006046295166016,0.6934494496303474,0,0,0,2149
1.0006046295166016,0.6934494496303474,0,0,0,2149
0.0,0.0,0,0,0,2165
0.0,0.0,0,0,0,2165
0.0,0.0,0,0,0,2165
0.0,0.0,0,0,0,2165
0.0,0.0,0,0,0,2165
0.0,0.0,0,0,0,2165
0.0,0.0,0,0,0,2165
0.0,0.0,0,0,0,2165
0.0,0.0,0,0,0,2165
0.0,0.0,0,0,0,2165
0.0,0.0,0,0,0,2165
0.0,0.0,0,0,0,2165
0.0,0.0,0,0,0,2165
0.0,0.0,0,0,0,2165
0.0,0.0,0,0,0,2165
0.0,0.0,0,0,0,2165
0.0,0.0,0,0,0,2165
0.0,0.0,0,0,0,2165
0.0,0.0,0,0,0,2165
0.0,0.0,0,0,0,2165
0.0,0.0,0,0,0,2165
0.0,0.0,0,0,0,2165
0.0,0.0,0,0,0,2165
0.0,0.0,0,0,0,2165
0.0,0.0,0,0,0,2615
0.0,0.0,0,0,0,2615
0.0,0.0,0,0,0,2615
0.0,0.0,0,0,0,2615
0.0,0.0,0,0,0,2615
0.0,0.0,0,0,0,2615
0.0,0.0,0,0,0,2615
0.0,0.0,0,0,0,2615
0.0,0.0,0,0,0,2615
0.0,0.0,0,0,0,2615
0.0,0.0,0,0,0,2615
0.0,0.0,0,0,0,2615
0.0,0.0,0,0,0,2615
0.0,0.0,0,0,0,2615
0.0,0.0,0,0,0,2615
0.0,0.0,0,0,0,2615
0.0,0.0,0,0,0,2615
0.0,0.0,0,0,0,2615
0.0,0.0,0,0,0,2615
0.0,0.0,0,0,0,2615
0.0,0.0,0,0,0,2615
0.0,0.0,0,0,0,2615
0.0,0.0,0,0,0,2615
0.0,0.0,0,0,0,2615
0.0,0.0,0,0,0,2662
0.0,0.0,0,0,0,2662
0.0,0.0,0,0,0,2662
0.0,0.0,0,0,0,2662
0.0,0.0,0,0,0,2662
0.0,0.0,0,0,0,2662
0.0,0.0,0,0,0,2662
0.0,0.0,0,0,0,2662
0.0,0.0,0,0,0,2662
0.0,0.0,0,0,0,2662
0.0,0.0,0,0,0,2662
0.0,0.0,0,0,0,2662
0.0,0.0,0,0,0,2662
0.0,0.0,0,0,0,2662
0.0,0.0,0,0,0,2662
0.0,0.0,0,0,0,2662
0.0,0.0,0,0,0,2662
0.0,0.0,0,0,0,2662
0.0,0.0,0,0,0,2662
0.0,0.0,0,0,0,2662
0.0,0.0,0,0,0,2662
0.0,0.0,0,0,0,2662
0.0,0.0,0,0,0,2662
0.0,0.0,0,0,0,2662
0.0,0.0,0,0,0,2693
0.0,0.0,0,0,0,2693
0.0,0.0,0,0,0,2693
0.0,0.0,0,0,0,2693
0.0,0.0,0,0,0,2693
0.0,0.0,0,0,0,2693
0.0,0.0,0,0,0,2693
0.0,0.0,0,0,0,2693
0.0,0.0,0,0,0,2693
0.0,0.0,0,0,0,2693
0.0,0.0,0,0,0,2693
0.0,0.0,0,0,0,2693
0.0,0.0,0,0,0,2693
0.0,0.0,0,0,0,2693
0.0,0.0,0,0,0,2693
0.0,0.0,0,0,0,2693
0.0,0.0,0,0,0,2693
0.0,0.0,0,0,0,2693
0.0,0.0,0,0,0,2693
0.0,0.0,0,0,0,2693
0.0,0.0,0,0,0,2693
0.0,0.0,0,0,0,2693
0.0,0.0,0,0,0,2693
0.0,0.0,0,0,0,2693
10.980883598327637,2.483312346088292,1,0,0,2790
10.980883598327637,2.483312346088292,1,0,0,2790
10.980883598327637,2.483312346088292,1,0,0,2790
10.980883598327637,2.483312346088292,1,0,0,2790
10.980883598327637,2.483312346088292,1,0,0,2790
10.980883598327637,2.483312346088292,1,0,0,2790
10.980883598327637,2.483312346088292,1,0,0,2790
10.980883598327637,2.483312346088292,1,0,0,2790
10.980883598327637,2.483312346088292,1,0,0,2790
10.980883598327637,2.483312346088292,1,0,0,2790
10.980883598327637,2.483312346088292,1,0,0,2790
10.980883598327637,2.483312346088292,1,0,0,2790
10.980883598327637,2.483312346088292,1,0,0,2790
10.980883598327637,2.483312346088292,1,0,0,2790
10.980883598327637,2.483312346088292,1,0,0,2790
10.980883598327637,2.483312346088292,1,0,0,2790
10.980883598327637,2.483312346088292,1,0,0,2790
10.980883598327637,2.483312346088292,1,0,0,2790
10.980883598327637,2.483312346088292,1,0,0,2790
10.980883598327637,2.483312346088292,1,0,0,2790
10.980883598327637,2.483312346088292,1,0,0,2790
10.980883598327637,2.483312346088292,1,0,0,2790
10.980883598327637,2.483312346088292,1,0,0,2790
10.980883598327637,2.483312346088292,1,0,0,2790
0.0,0.0,0,0,0,2833
0.0,0.0,0,0,0,2833
0.0,0.0,0,0,0,2833
0.0,0.0,0,0,0,2833
0.0,0.0,0,0,0,2833
0.0,0.0,0,0,0,2833
0.0,0.0,0,0,0,2833
0.0,0.0,0,0,0,2833
0.0,0.0,0,0,0,2833
0.0,0.0,0,0,0,2833
0.0,0.0,0,0,0,2833
0.0,0.0,0,0,0,2833
0.0,0.0,0,0,0,2833
0.0,0.0,0,0,0,2833
0.0,0.0,0,0,0,2833
0.0,0.0,0,0,0,2833
0.0,0.0,0,0,0,2833
0.0,0.0,0,0,0,2833
0.0,0.0,0,0,0,2833
0.0,0.0,0,0,0,2833
0.0,0.0,0,0,0,2833
0.0,0.0,0,0,0,2833
0.0,0.0,0,0,0,2833
0.0,0.0,0,0,0,2833
0.0,0.0,0,0,0,2873
0.0,0.0,0,0,0,2873
0.0,0.0,0,0,0,2873
0.0,0.0,0,0,0,2873
0.0,0.0,0,0,0,2873
0.0,0.0,0,0,0,2873
0.0,0.0,0,0,0,2873
0.0,0.0,0,0,0,2873
0.0,0.0,0,0,0,2873
0.0,0.0,0,0,0,2873
0.0,0.0,0,0,0,2873
0.0,0.0,0,0,0,2873
0.0,0.0,0,0,0,2873
0.0,0.0,0,0,0,2873
0.0,0.0,0,0,0,2873
0.0,0.0,0,0,0,2873
0.0,0.0,0,0,0,2873
0.0,0.0,0,0,0,2873
0.0,0.0,0,0,0,2873
0.0,0.0,0,0,0,2873
0.0,0.0,0,0,0,2873
0.0,0.0,0,0,0,2873
0.0,0.0,0,0,0,2873
0.0,0.0,0,0,0,2873
6.056163787841797,1.9539015309976957,1,0,0,2968
6.056163787841797,1.9539015309976957,1,0,0,2968
6.056163787841797,1.9539015309976957,1,0,0,2968
6.056163787841797,1.9539015309976957,1,0,0,2968
6.056163787841797,1.9539015309976957,1,0,0,2968
6.056163787841797,1.9539015309976957,1,0,0,2968
6.056163787841797,1.9539015309976957,1,0,0,2968
6.056163787841797,1.9539015309976957,1,0,0,2968
6.056163787841797,1.9539015309976957,1,0,0,2968
6.056163787841797,1.9539015309976957,1,0,0,2968
6.056163787841797,1.9539015309976957,1,0,0,2968
6.056163787841797,1.9539015309976957,1,0,0,2968
6.056163787841797,1.9539015309976957,1,0,0,2968
6.056163787841797,1.9539015309976957,1,0,0,2968
6.056163787841797,1.9539015309976957,1,0,0,2968
6.056163787841797,1.9539015309976957,1,0,0,2968
6.056163787841797,1.9539015309976957,1,0,0,2968
6.056163787841797,1.9539015309976957,1,0,0,2968
6.056163787841797,1.9539015309976957,1,0,0,2968
6.056163787841797,1.9539015309976957,1,0,0,2968
6.056163787841797,1.9539015309976957,1,0,0,2968
6.056163787841797,1.9539015309976957,1,0,0,2968
6.056163787841797,1.9539015309976957,1,0,0,2968
6.056163787841797,1.9539015309976957,1,0,0,2968
0.0,0.0,0,0,0,3049
0.0,0.0,0,0,0,3049
0.0,0.0,0,0,0,3049
0.0,0.0,0,0,0,3049
0.0,0.0,0,0,0,3049
0.0,0.0,0,0,0,3049
0.0,0.0,0,0,0,3049
0.0,0.0,0,0,0,3049
0.0,0.0,0,0,0,3049
0.0,0.0,0,0,0,3049
0.0,0.0,0,0,0,3049
0.0,0.0,0,0,0,3049
0.0,0.0,0,0,0,3049
0.0,0.0,0,0,0,3049
0.0,0.0,0,0,0,3049
0.0,0.0,0,0,0,3049
0.0,0.0,0,0,0,3049
0.0,0.0,0,0,0,3049
0.0,0.0,0,0,0,3049
0.0,0.0,0,0,0,3049
0.0,0.0,0,0,0,3049
0.0,0.0,0,0,0,3049
0.0,0.0,0,0,0,3049
0.0,0.0,0,0,0,3049
0.0,0.0,0,0,0,3056
0.0,0.0,0,0,0,3056
0.0,0.0,0,0,0,3056
0.0,0.0,0,0,0,3056
0.0,0.0,0,0,0,3056
0.0,0.0,0,0,0,3056
0.0,0.0,0,0,0,3056
0.0,0.0,0,0,0,3056
0.0,0.0,0,0,0,3056
0.0,0.0,0,0,0,3056
0.0,0.0,0,0,0,3056
0.0,0.0,0,0,0,3056
0.0,0.0,0,0,0,3056
0.0,0.0,0,0,0,3056
0.0,0.0,0,0,0,3056
0.0,0.0,0,0,0,3056
0.0,0.0,0,0,0,3056
0.0,0.0,0,0,0,3056
0.0,0.0,0,0,0,3056
0.0,0.0,0,0,0,3056
0.0,0.0,0,0,0,3056
0.0,0.0,0,0,0,3056
0.0,0.0,0,0,0,3056
0.0,0.0,0,0,0,3056
0.4316812455654144,0.35884944988185885,0,0,0,3291
0.4316812455654144,0.35884944988185885,0,0,0,3291
0.4316812455654144,0.35884944988185885,0,0,0,3291
0.4316812455654144,0.35884944988185885,0,0,0,3291
0.4316812455654144,0.35884944988185885,0,0,0,3291
0.4316812455654144,0.35884944988185885,0,0,0,3291
0.4316812455654144,0.35884944988185885,0,0,0,3291
0.4316812455654144,0.35884944988185885,0,0,0,3291
0.4316812455654144,0.35884944988185885,0,0,0,3291
0.4316812455654144,0.35884944988185885,0,0,0,3291
0.4316812455654144,0.35884944988185885,0,0,0,3291
0.4316812455654144,0.35884944988185885,0,0,0,3291
0.4316812455654144,0.35884944988185885,0,0,0,3291
0.4316812455654144,0.35884944988185885,0,0,0,3291
0.4316812455654144,0.35884944988185885,0,0,0,3291
0.4316812455654144,0.35884944988185885,0,0,0,3291
0.4316812455654144,0.35884944988185885,0,0,0,3291
0.4316812455654144,0.35884944988185885,0,0,0,3291
0.4316812455654144,0.35884944988185885,0,0,0,3291
0.4316812455654144,0.35884944988185885,0,0,0,3291
0.4316812455654144,0.35884944988185885,0,0,0,3291
0.4316812455654144,0.35884944988185885,0,0,0,3291
0.4316812455654144,0.35884944988185885,0,0,0,3291
0.4316812455654144,0.35884944988185885,0,0,0,3291
9.218388557434082,2.3241888969456466,1,0,0,3439
9.218388557434082,2.3241888969456466,1,0,0,3439
9.218388557434082,2.3241888969456466,1,0,0,3439
9.218388557434082,2.3241888969456466,1,0,0,3439
9.218388557434082,2.3241888969456466,1,0,0,3439
9.218388557434082,2.3241888969456466,1,0,0,3439
9.218388557434082,2.3241888969456466,1,0,0,3439
9.218388557434082,2.3241888969456466,1,0,0,3439
9.218388557434082,2.3241888969456466,1,0,0,3439
9.218388557434082,2.3241888969456466,1,0,0,3439
9.218388557434082,2.3241888969456466,1,0,0,3439
9.218388557434082,2.3241888969456466,1,0,0,3439
9.218388557434082,2.3241888969456466,1,0,0,3439
9.218388557434082,2.3241888969456466,1,0,0,3439
9.218388557434082,2.3241888969456466,1,0,0,3439
9.218388557434082,2.3241888969456466,1,0,0,3439
9.218388557434082,2.3241888969456466,1,0,0,3439
9.218388557434082,2.3241888969456466,1,0,0,3439
9.218388557434082,2.3241888969456466,1,0,0,3439
9.218388557434082,2.3241888969456466,1,0,0,3439
9.218388557434082,2.3241888969456466,1,0,0,3439
9.218388557434082,2.3241888969456466,1,0,0,3439
9.218388557434082,2.3241888969456466,1,0,0,3439
9.218388557434082,2.3241888969456466,1,0,0,3439
118.14960479736328,4.780379886689593,4,1,0,3512
118.14960479736328,4.780379886689593,4,1,0,3512
118.14960479736328,4.780379886689593,4,1,0,3512
118.14960479736328,4.780379886689593,4,1,0,3512
118.14960479736328,4.780379886689593,4,1,0,3512
118.14960479736328,4.780379886689593,4,1,0,3512
118.14960479736328,4.780379886689593,4,1,0,3512
118.14960479736328,4.780379886689593,4,1,0,3512
118.14960479736328,4.780379886689593,4,1,0,3512
118.14960479736328,4.780379886689593,4,1,0,3512
118.14960479736328,4.780379886689593,4,1,0,3512
118.14960479736328,4.780379886689593,4,1,0,3512
118.14960479736328,4.780379886689593,4,1,0,3512
118.14960479736328,4.780379886689593,4,1,0,3512
118.14960479736328,4.780379886689593,4,1,0,3512
118.14960479736328,4.780379886689593,4,1,0,3512
118.14960479736328,4.780379886689593,4,1,0,3512
118.14960479736328,4.780379886689593,4,1,0,3512
118.14960479736328,4.780379886689593,4,1,0,3512
118.14960479736328,4.780379886689593,4,1,0,3512
118.14960479736328,4.780379886689593,4,1,0,3512
118.14960479736328,4.780379886689593,4,1,0,3512
118.14960479736328,4.780379886689593,4,1,0,3512
118.14960479736328,4.780379886689593,4,1,0,3512
0.7910379767417908,0.582795327064707,0,0,0,3542
0.7910379767417908,0.582795327064707,0,0,0,3542
0.7910379767417908,0.582795327064707,0,0,0,3542
0.7910379767417908,0.582795327064707,0,0,0,3542
0.7910379767417908,0.582795327064707,0,0,0,3542
0.7910379767417908,0.582795327064707,0,0,0,3542
0.7910379767417908,0.582795327064707,0,0,0,3542
0.7910379767417908,0.582795327064707,0,0,0,3542
0.7910379767417908,0.582795327064707,0,0,0,3542
0.7910379767417908,0.582795327064707,0,0,0,3542
0.7910379767417908,0.582795327064707,0,0,0,3542
0.7910379767417908,0.582795327064707,0,0,0,3542
0.7910379767417908,0.582795327064707,0,0,0,3542
0.7910379767417908,0.582795327064707,0,0,0,3542
0.7910379767417908,0.582795327064707,0,0,0,3542
0.7910379767417908,0.582795327064707,0,0,0,3542
0.7910379767417908,0.582795327064707,0,0,0,3542
0.7910379767417908,0.582795327064707,0,0,0,3542
0.7910379767417908,0.582795327064707,0,0,0,3542
0.7910379767417908,0.582795327064707,0,0,0,3542
0.7910379767417908,0.582795327064707,0,0,0,3542
0.7910379767417908,0.582795327064707,0,0,0,3542
0.7910379767417908,0.582795327064707,0,0,0,3542
0.7910379767417908,0.582795327064707,0,0,0,3542
6.087050437927246,1.95826923676727,1,0,0,3678
6.087050437927246,1.95826923676727,1,0,0,3678
6.087050437927246,1.95826923676727,1,0,0,3678
6.087050437927246,1.95826923676727,1,0,0,3678
6.087050437927246,1.95826923676727,1,0,0,3678
6.087050437927246,1.95826923676727,1,0,0,3678
6.087050437927246,1.95826923676727,1,0,0,3678
6.087050437927246,1.95826923676727,1,0,0,3678
6.087050437927246,1.95826923676727,1,0,0,3678
6.087050437927246,1.95826923676727,1,0,0,3678
6.087050437927246,1.95826923676727,1,0,0,3678
6.087050437927246,1.95826923676727,1,0,0,3678
6.087050437927246,1.95826923676727,1,0,0,3678
6.087050437927246,1.95826923676727,1,0,0,3678
6.087050437927246,1.95826923676727,1,0,0,3678
6.087050437927246,1.95826923676727,1,0,0,3678
6.087050437927246,1.95826923676727,1,0,0,3678
6.087050437927246,1.95826923676727,1,0,0,3678
6.087050437927246,1.95826923676727,1,0,0,3678
6.087050437927246,1.95826923676727,1,0,0,3678
6.087050437927246,1.95826923676727,1,0,0,3678
6.087050437927246,1.95826923676727,1,0,0,3678
6.087050437927246,1.95826923676727,1,0,0,3678
6.087050437927246,1.95826923676727,1,0,0,3678
0.0,0.0,0,0,0,3798
0.0,0.0,0,0,0,3798
0.0,0.0,0,0,0,3798
0.0,0.0,0,0,0,3798
0.0,0.0,0,0,0,3798
0.0,0.0,0,0,0,3798
0.0,0.0,0,0,0,3798
0.0,0.0,0,0,0,3798
0.0,0.0,0,0,0,3798
0.0,0.0,0,0,0,3798
0.0,0.0,0,0,0,3798
0.0,0.0,0,0,0,3798
0.0,0.0,0,0,0,3798
0.0,0.0,0,0,0,3798
0.0,0.0,0,0,0,3798
0.0,0.0,0,0,0,3798
0.0,0.0,0,0,0,3798
0.0,0.0,0,0,0,3798
0.0,0.0,0,0,0,3798
0.0,0.0,0,0,0,3798
0.0,0.0,0,0,0,3798
0.0,0.0,0,0,0,3798
0.0,0.0,0,0,0,3798
0.0,0.0,0,0,0,3798
0.0,0.0,0,0,0,3800
0.0,0.0,0,0,0,3800
0.0,0.0,0,0,0,3800
0.0,0.0,0,0,0,3800
0.0,0.0,0,0,0,3800
0.0,0.0,0,0,0,3800
0.0,0.0,0,0,0,3800
0.0,0.0,0,0,0,3800
0.0,0.0,0,0,0,3800
0.0,0.0,0,0,0,3800
0.0,0.0,0,0,0,3800
0.0,0.0,0,0,0,3800
0.0,0.0,0,0,0,3800
0.0,0.0,0,0,0,3800
0.0,0.0,0,0,0,3800
0.0,0.0,0,0,0,3800
0.0,0.0,0,0,0,3800
0.0,0.0,0,0,0,3800
0.0,0.0,0,0,0,3800
0.0,0.0,0,0,0,3800
0.0,0.0,0,0,0,3800
0.0,0.0,0,0,0,3800
0.0,0.0,0,0,0,3800
0.0,0.0,0,0,0,3800
0.0,0.0,0,0,0,3819
0.0,0.0,0,0,0,3819
0.0,0.0,0,0,0,3819
0.0,0.0,0,0,0,3819
0.0,0.0,0,0,0,3819
0.0,0.0,0,0,0,3819
0.0,0.0,0,0,0,3819
0.0,0.0,0,0,0,3819
0.0,0.0,0,0,0,3819
0.0,0.0,0,0,0,3819
0.0,0.0,0,0,0,3819
0.0,0.0,0,0,0,3819
0.0,0.0,0,0,0,3819
0.0,0.0,0,0,0,3819
0.0,0.0,0,0,0,3819
0.0,0.0,0,0,0,3819
0.0,0.0,0,0,0,3819
0.0,0.0,0,0,0,3819
0.0,0.0,0,0,0,3819
0.0,0.0,0,0,0,3819
0.0,0.0,0,0,0,3819
0.0,0.0,0,0,0,3819
0.0,0.0,0,0,0,3819
0.0,0.0,0,0,0,3819
0.2747062444686889,0.24271575556989364,0,0,0,3866
0.2747062444686889,0.24271575556989364,0,0,0,3866
0.2747062444686889,0.24271575556989364,0,0,0,3866
0.2747062444686889,0.24271575556989364,0,0,0,3866
0.2747062444686889,0.24271575556989364,0,0,0,3866
0.2747062444686889,0.24271575556989364,0,0,0,3866
0.2747062444686889,0.24271575556989364,0,0,0,3866
0.2747062444686889,0.24271575556989364,0,0,0,3866
0.2747062444686889,0.24271575556989364,0,0,0,3866
0.2747062444686889,0.24271575556989364,0,0,0,3866
0.2747062444686889,0.24271575556989364,0,0,0,3866
0.2747062444686889,0.24271575556989364,0,0,0,3866
0.2747062444686889,0.24271575556989364,0,0,0,3866
0.2747062444686889,0.24271575556989364,0,0,0,3866
0.2747062444686889,0.24271575556989364,0,0,0,3866
0.2747062444686889,0.24271575556989364,0,0,0,3866
0.2747062444686889,0.24271575556989364,0,0,0,3866
0.2747062444686889,0.24271575556989364,0,0,0,3866
0.2747062444686889,0.24271575556989364,0,0,0,3866
0.2747062444686889,0.24271575556989364,0,0,0,3866
0.2747062444686889,0.24271575556989364,0,0,0,3866
0.2747062444686889,0.24271575556989364,0,0,0,3866
0.2747062444686889,0.24271575556989364,0,0,0,3866
0.2747062444686889,0.24271575556989364,0,0,0,3866
0.0,0.0,0,0,0,3966
0.0,0.0,0,0,0,3966
0.0,0.0,0,0,0,3966
0.0,0.0,0,0,0,3966
0.0,0.0,0,0,0,3966
0.0,0.0,0,0,0,3966
0.0,0.0,0,0,0,3966
0.0,0.0,0,0,0,3966
0.0,0.0,0,0,0,3966
0.0,0.0,0,0,0,3966
0.0,0.0,0,0,0,3966
0.0,0.0,0,0,0,3966
0.0,0.0,0,0,0,3966
0.0,0.0,0,0,0,3966
0.0,0.0,0,0,0,3966
0.0,0.0,0,0,0,3966
0.0,0.0,0,0,0,3966
0.0,0.0,0,0,0,3966
0.0,0.0,0,0,0,3966
0.0,0.0,0,0,0,3966
0.0,0.0,0,0,0,3966
0.0,0.0,0,0,0,3966
0.0,0.0,0,0,0,3966
0.0,0.0,0,0,0,3966
0.0,0.0,0,0,0,3993
0.0,0.0,0,0,0,3993
0.0,0.0,0,0,0,3993
0.0,0.0,0,0,0,3993
0.0,0.0,0,0,0,3993
0.0,0.0,0,0,0,3993
0.0,0.0,0,0,0,3993
0.0,0.0,0,0,0,3993
0.0,0.0,0,0,0,3993
0.0,0.0,0,0,0,3993
0.0,0.0,0,0,0,3993
0.0,0.0,0,0,0,3993
0.0,0.0,0,0,0,3993
0.0,0.0,0,0,0,3993
0.0,0.0,0,0,0,3993
0.0,0.0,0,0,0,3993
0.0,0.0,0,0,0,3993
0.0,0.0,0,0,0,3993
0.0,0.0,0,0,0,3993
0.0,0.0,0,0,0,3993
0.0,0.0,0,0,0,3993
0.0,0.0,0,0,0,3993
0.0,0.0,0,0,0,3993
0.0,0.0,0,0,0,3993
0.0,0.0,0,0,0,4125
0.0,0.0,0,0,0,4125
0.0,0.0,0,0,0,4125
0.0,0.0,0,0,0,4125
0.0,0.0,0,0,0,4125
0.0,0.0,0,0,0,4125
0.0,0.0,0,0,0,4125
0.0,0.0,0,0,0,4125
0.0,0.0,0,0,0,4125
0.0,0.0,0,0,0,4125
0.0,0.0,0,0,0,4125
0.0,0.0,0,0,0,4125
0.0,0.0,0,0,0,4125
0.0,0.0,0,0,0,4125
0.0,0.0,0,0,0,4125
0.0,0.0,0,0,0,4125
0.0,0.0,0,0,0,4125
0.0,0.0,0,0,0,4125
0.0,0.0,0,0,0,4125
0.0,0.0,0,0,0,4125
0.0,0.0,0,0,0,4125
0.0,0.0,0,0,0,4125
0.0,0.0,0,0,0,4125
0.0,0.0,0,0,0,4125
0.0,0.0,0,0,0,4206
0.0,0.0,0,0,0,4206
0.0,0.0,0,0,0,4206
0.0,0.0,0,0,0,4206
0.0,0.0,0,0,0,4206
0.0,0.0,0,0,0,4206
0.0,0.0,0,0,0,4206
0.0,0.0,0,0,0,4206
0.0,0.0,0,0,0,4206
0.0,0.0,0,0,0,4206
0.0,0.0,0,0,0,4206
0.0,0.0,0,0,0,4206
0.0,0.0,0,0,0,4206
0.0,0.0,0,0,0,4206
0.0,0.0,0,0,0,4206
0.0,0.0,0,0,0,4206
0.0,0.0,0,0,0,4206
0.0,0.0,0,0,0,4206
0.0,0.0,0,0,0,4206
0.0,0.0,0,0,0,4206
0.0,0.0,0,0,0,4206
0.0,0.0,0,0,0,4206
0.0,0.0,0,0,0,4206
0.0,0.0,0,0,0,4206
0.0,0.0,0,0,0,4323
0.0,0.0,0,0,0,4323
0.0,0.0,0,0,0,4323
0.0,0.0,0,0,0,4323
0.0,0.0,0,0,0,4323
0.0,0.0,0,0,0,4323
0.0,0.0,0,0,0,4323
0.0,0.0,0,0,0,4323
0.0,0.0,0,0,0,4323
0.0,0.0,0,0,0,4323
0.0,0.0,0,0,0,4323
0.0,0.0,0,0,0,4323
0.0,0.0,0,0,0,4323
0.0,0.0,0,0,0,4323
0.0,0.0,0,0,0,4323
0.0,0.0,0,0,0,4323
0.0,0.0,0,0,0,4323
0.0,0.0,0,0,0,4323
0.0,0.0,0,0,0,4323
0.0,0.0,0,0,0,4323
0.0,0.0,0,0,0,4323
0.0,0.0,0,0,0,4323
0.0,0.0,0,0,0,4323
0.0,0.0,0,0,0,4323
26.69369125366211,3.3212046346783612,2,0,0,4586
26.69369125366211,3.3212046346783612,2,0,0,4586
26.69369125366211,3.3212046346783612,2,0,0,4586
26.69369125366211,3.3212046346783612,2,0,0,4586
26.69369125366211,3.3212046346783612,2,0,0,4586
26.69369125366211,3.3212046346783612,2,0,0,4586
26.69369125366211,3.3212046346783612,2,0,0,4586
26.69369125366211,3.3212046346783612,2,0,0,4586
26.69369125366211,3.3212046346783612,2,0,0,4586
26.69369125366211,3.3212046346783612,2,0,0,4586
26.69369125366211,3.3212046346783612,2,0,0,4586
26.69369125366211,3.3212046346783612,2,0,0,4586
26.69369125366211,3.3212046346783612,2,0,0,4586
26.69369125366211,3.3212046346783612,2,0,0,4586
26.69369125366211,3.3212046346783612,2,0,0,4586
26.69369125366211,3.3212046346783612,2,0,0,4586
26.69369125366211,3.3212046346783612,2,0,0,4586
26.69369125366211,3.3212046346783612,2,0,0,4586
26.69369125366211,3.3212046346783612,2,0,0,4586
26.69369125366211,3.3212046346783612,2,0,0,4586
26.69369125366211,3.3212046346783612,2,0,0,4586
26.69369125366211,3.3212046346783612,2,0,0,4586
26.69369125366211,3.3212046346783612,2,0,0,4586
26.69369125366211,3.3212046346783612,2,0,0,4586
0.0,0.0,0,0,0,4683
0.0,0.0,0,0,0,4683
0.0,0.0,0,0,0,4683
0.0,0.0,0,0,0,4683
0.0,0.0,0,0,0,4683
0.0,0.0,0,0,0,4683
0.0,0.0,0,0,0,4683
0.0,0.0,0,0,0,4683
0.0,0.0,0,0,0,4683
0.0,0.0,0,0,0,4683
0.0,0.0,0,0,0,4683
0.0,0.0,0,0,0,4683
0.0,0.0,0,0,0,4683
0.0,0.0,0,0,0,4683
0.0,0.0,0,0,0,4683
0.0,0.0,0,0,0,4683
0.0,0.0,0,0,0,4683
0.0,0.0,0,0,0,4683
0.0,0.0,0,0,0,4683
0.0,0.0,0,0,0,4683
0.0,0.0,0,0,0,4683
0.0,0.0,0,0,0,4683
0.0,0.0,0,0,0,4683
0.0,0.0,0,0,0,4683
0.0,0.0,0,0,0,4709
0.0,0.0,0,0,0,4709
0.0,0.0,0,0,0,4709
0.0,0.0,0,0,0,4709
0.0,0.0,0,0,0,4709
0.0,0.0,0,0,0,4709
0.0,0.0,0,0,0,4709
0.0,0.0,0,0,0,4709
0.0,0.0,0,0,0,4709
0.0,0.0,0,0,0,4709
0.0,0.0,0,0,0,4709
0.0,0.0,0,0,0,4709
0.0,0.0,0,0,0,4709
0.0,0.0,0,0,0,4709
0.0,0.0,0,0,0,4709
0.0,0.0,0,0,0,4709
0.0,0.0,0,0,0,4709
0.0,0.0,0,0,0,4709
0.0,0.0,0,0,0,4709
0.0,0.0,0,0,0,4709
0.0,0.0,0,0,0,4709
0.0,0.0,0,0,0,4709
0.0,0.0,0,0,0,4709
0.0,0.0,0,0,0,4709
0.0,0.0,0,0,0,4794
0.0,0.0,0,0,0,4794
0.0,0.0,0,0,0,4794
0.0,0.0,0,0,0,4794
0.0,0.0,0,0,0,4794
0.0,0.0,0,0,0,4794
0.0,0.0,0,0,0,4794
0.0,0.0,0,0,0,4794
0.0,0.0,0,0,0,4794
0.0,0.0,0,0,0,4794
0.0,0.0,0,0,0,4794
0.0,0.0,0,0,0,4794
0.0,0.0,0,0,0,4794
0.0,0.0,0,0,0,4794
0.0,0.0,0,0,0,4794
0.0,0.0,0,0,0,4794
0.0,0.0,0,0,0,4794
0.0,0.0,0,0,0,4794
0.0,0.0,0,0,0,4794
0.0,0.0,0,0,0,4794
0.0,0.0,0,0,0,4794
0.0,0.0,0,0,0,4794
0.0,0.0,0,0,0,4794
0.0,0.0,0,0,0,4794
0.0,0.0,0,0,0,4806
0.0,0.0,0,0,0,4806
0.0,0.0,0,0,0,4806
0.0,0.0,0,0,0,4806
0.0,0.0,0,0,0,4806
0.0,0.0,0,0,0,4806
0.0,0.0,0,0,0,4806
0.0,0.0,0,0,0,4806
0.0,0.0,0,0,0,4806
0.0,0.0,0,0,0,4806
0.0,0.0,0,0,0,4806
0.0,0.0,0,0,0,4806
0.0,0.0,0,0,0,4806
0.0,0.0,0,0,0,4806
0.0,0.0,0,0,0,4806
0.0,0.0,0,0,0,4806
0.0,0.0,0,0,0,4806
0.0,0.0,0,0,0,4806
0.0,0.0,0,0,0,4806
0.0,0.0,0,0,0,4806
0.0,0.0,0,0,0,4806
0.0,0.0,0,0,0,4806
0.0,0.0,0,0,0,4806
0.0,0.0,0,0,0,4806
24.069934844970703,3.2216693132426406,2,0,0,4845
24.069934844970703,3.2216693132426406,2,0,0,4845
24.069934844970703,3.2216693132426406,2,0,0,4845
24.069934844970703,3.2216693132426406,2,0,0,4845
24.069934844970703,3.2216693132426406,2,0,0,4845
24.069934844970703,3.2216693132426406,2,0,0,4845
24.069934844970703,3.2216693132426406,2,0,0,4845
24.069934844970703,3.2216693132426406,2,0,0,4845
24.069934844970703,3.2216693132426406,2,0,0,4845
24.069934844970703,3.2216693132426406,2,0,0,4845
24.069934844970703,3.2216693132426406,2,0,0,4845
24.069934844970703,3.2216693132426406,2,0,0,4845
24.069934844970703,3.2216693132426406,2,0,0,4845
24.069934844970703,3.2216693132426406,2,0,0,4845
24.069934844970703,3.2216693132426406,2,0,0,4845
24.069934844970703,3.2216693132426406,2,0,0,4845
24.069934844970703,3.2216693132426406,2,0,0,4845
24.069934844970703,3.2216693132426406,2,0,0,4845
24.069934844970703,3.2216693132426406,2,0,0,4845
24.069934844970703,3.2216693132426406,2,0,0,4845
24.069934844970703,3.2216693132426406,2,0,0,4845
24.069934844970703,3.2216693132426406,2,0,0,4845
24.069934844970703,3.2216693132426406,2,0,0,4845
24.069934844970703,3.2216693132426406,2,0,0,4845
0.0,0.0,0,0,0,4879
0.0,0.0,0,0,0,4879
0.0,0.0,0,0,0,4879
0.0,0.0,0,0,0,4879
0.0,0.0,0,0,0,4879
0.0,0.0,0,0,0,4879
0.0,0.0,0,0,0,4879
0.0,0.0,0,0,0,4879
0.0,0.0,0,0,0,4879
0.0,0.0,0,0,0,4879
0.0,0.0,0,0,0,4879
0.0,0.0,0,0,0,4879
0.0,0.0,0,0,0,4879
0.0,0.0,0,0,0,4879
0.0,0.0,0,0,0,4879
0.0,0.0,0,0,0,4879
0.0,0.0,0,0,0,4879
0.0,0.0,0,0,0,4879
0.0,0.0,0,0,0,4879
0.0,0.0,0,0,0,4879
0.0,0.0,0,0,0,4879
0.0,0.0,0,0,0,4879
0.0,0.0,0,0,0,4879
0.0,0.0,0,0,0,4879
110.54224395751952,4.714403388721385,3,1,0,4972
110.54224395751952,4.714403388721385,3,1,0,4972
110.54224395751952,4.714403388721385,3,1,0,4972
110.54224395751952,4.714403388721385,3,1,0,4972
110.54224395751952,4.714403388721385,3,1,0,4972
110.54224395751952,4.714403388721385,3,1,0,4972
110.54224395751952,4.714403388721385,3,1,0,4972
110.54224395751952,4.714403388721385,3,1,0,4972
110.54224395751952,4.714403388721385,3,1,0,4972
110.54224395751952,4.714403388721385,3,1,0,4972
110.54224395751952,4.714403388721385,3,1,0,4972
110.54224395751952,4.714403388721385,3,1,0,4972
110.54224395751952,4.714403388721385,3,1,0,4972
110.54224395751952,4.714403388721385,3,1,0,4972
110.54224395751952,4.714403388721385,3,1,0,4972
110.54224395751952,4.714403388721385,3,1,0,4972
110.54224395751952,4.714403388721385,3,1,0,4972
110.54224395751952,4.714403388721385,3,1,0,4972
110.54224395751952,4.714403388721385,3,1,0,4972
110.54224395751952,4.714403388721385,3,1,0,4972
110.54224395751952,4.714403388721385,3,1,0,4972
110.54224395751952,4.714403388721385,3,1,0,4972
110.54224395751952,4.714403388721385,3,1,0,4972
110.54224395751952,4.714403388721385,3,1,0,4972
101.44613647460938,4.62933716264741,3,1,1,5013
101.44613647460938,4.62933716264741,3,1,1,5013
101.44613647460938,4.62933716264741,3,1,1,5013
101.44613647460938,4.62933716264741,3,1,1,5013
101.44613647460938,4.62933716264741,3,1,1,5013
101.44613647460938,4.62933716264741,3,1,1,5013
101.44613647460938,4.62933716264741,3,1,1,5013
101.44613647460938,4.62933716264741,3,1,1,5013
101.44613647460938,4.62933716264741,3,1,1,5013
101.44613647460938,4.62933716264741,3,1,1,5013
101.44613647460938,4.62933716264741,3,1,1,5013
101.44613647460938,4.62933716264741,3,1,1,5013
101.44613647460938,4.62933716264741,3,1,1,5013
101.44613647460938,4.62933716264741,3,1,1,5013
101.44613647460938,4.62933716264741,3,1,1,5013
101.44613647460938,4.62933716264741,3,1,1,5013
101.44613647460938,4.62933716264741,3,1,1,5013
101.44613647460938,4.62933716264741,3,1,1,5013
101.44613647460938,4.62933716264741,3,1,1,5013
101.44613647460938,4.62933716264741,3,1,1,5013
101.44613647460938,4.62933716264741,3,1,0,5013
101.44613647460938,4.62933716264741,3,1,0,5013
101.44613647460938,4.62933716264741,3,1,0,5013
101.44613647460938,4.62933716264741,3,1,0,5013
0.0,0.0,0,0,0,5479
0.0,0.0,0,0,0,5479
0.0,0.0,0,0,0,5479
0.0,0.0,0,0,0,5479
0.0,0.0,0,0,0,5479
0.0,0.0,0,0,0,5479
0.0,0.0,0,0,0,5479
0.0,0.0,0,0,0,5479
0.0,0.0,0,0,0,5479
0.0,0.0,0,0,0,5479
0.0,0.0,0,0,0,5479
0.0,0.0,0,0,0,5479
0.0,0.0,0,0,0,5479
0.0,0.0,0,0,0,5479
0.0,0.0,0,0,0,5479
0.0,0.0,0,0,0,5479
0.0,0.0,0,0,0,5479
0.0,0.0,0,0,0,5479
0.0,0.0,0,0,0,5479
0.0,0.0,0,0,0,5479
0.0,0.0,0,0,0,5479
0.0,0.0,0,0,0,5479
0.0,0.0,0,0,0,5479
0.0,0.0,0,0,0,5479
0.0,0.0,0,0,0,5566
0.0,0.0,0,0,0,5566
0.0,0.0,0,0,0,5566
0.0,0.0,0,0,0,5566
0.0,0.0,0,0,0,5566
0.0,0.0,0,0,0,5566
0.0,0.0,0,0,0,5566
0.0,0.0,0,0,0,5566
0.0,0.0,0,0,0,5566
0.0,0.0,0,0,0,5566
0.0,0.0,0,0,0,5566
0.0,0.0,0,0,0,5566
0.0,0.0,0,0,0,5566
0.0,0.0,0,0,0,5566
0.0,0.0,0,0,0,5566
0.0,0.0,0,0,0,5566
0.0,0.0,0,0,0,5566
0.0,0.0,0,0,0,5566
0.0,0.0,0,0,0,5566
0.0,0.0,0,0,0,5566
0.0,0.0,0,0,0,5566
0.0,0.0,0,0,0,5566
0.0,0.0,0,0,0,5566
0.0,0.0,0,0,0,5566
0.0,0.0,0,0,0,5695
0.0,0.0,0,0,0,5695
0.0,0.0,0,0,0,5695
0.0,0.0,0,0,0,5695
0.0,0.0,0,0,0,5695
0.0,0.0,0,0,0,5695
0.0,0.0,0,0,0,5695
0.0,0.0,0,0,0,5695
0.0,0.0,0,0,0,5695
0.0,0.0,0,0,0,5695
0.0,0.0,0,0,0,5695
0.0,0.0,0,0,0,5695
0.0,0.0,0,0,0,5695
0.0,0.0,0,0,0,5695
0.0,0.0,0,0,0,5695
0.0,0.0,0,0,0,5695
0.0,0.0,0,0,0,5695
0.0,0.0,0,0,0,5695
0.0,0.0,0,0,0,5695
0.0,0.0,0,0,0,5695
0.0,0.0,0,0,0,5695
0.0,0.0,0,0,0,5695
0.0,0.0,0,0,0,5695
0.0,0.0,0,0,0,5695
0.0,0.0,0,0,0,5768
0.0,0.0,0,0,0,5768
0.0,0.0,0,0,0,5768
0.0,0.0,0,0,0,5768
0.0,0.0,0,0,0,5768
0.0,0.0,0,0,0,5768
0.0,0.0,0,0,0,5768
0.0,0.0,0,0,0,5768
0.0,0.0,0,0,0,5768
0.0,0.0,0,0,0,5768
0.0,0.0,0,0,0,5768
0.0,0.0,0,0,0,5768
0.0,0.0,0,0,0,5768
0.0,0.0,0,0,0,5768
0.0,0.0,0,0,0,5768
0.0,0.0,0,0,0,5768
0.0,0.0,0,0,0,5768
0.0,0.0,0,0,0,5768
0.0,0.0,0,0,0,5768
0.0,0.0,0,0,0,5768
0.0,0.0,0,0,0,5768
0.0,0.0,0,0,0,5768
0.0,0.0,0,0,0,5768
0.0,0.0,0,0,0,5768
0.0,0.0,0,0,0,5815
0.0,0.0,0,0,0,5815
0.0,0.0,0,0,0,5815
0.0,0.0,0,0,0,5815
0.0,0.0,0,0,0,5815
0.0,0.0,0,0,0,5815
0.0,0.0,0,0,0,5815
0.0,0.0,0,0,0,5815
0.0,0.0,0,0,0,5815
0.0,0.0,0,0,0,5815
0.0,0.0,0,0,0,5815
0.0,0.0,0,0,0,5815
0.0,0.0,0,0,0,5815
0.0,0.0,0,0,0,5815
0.0,0.0,0,0,0,5815
0.0,0.0,0,0,0,5815
0.0,0.0,0,0,0,5815
0.0,0.0,0,0,0,5815
0.0,0.0,0,0,0,5815
0.0,0.0,0,0,0,5815
0.0,0.0,0,0,0,5815
0.0,0.0,0,0,0,5815
0.0,0.0,0,0,0,5815
0.0,0.0,0,0,0,5815
0.0,0.0,0,0,0,5876
0.0,0.0,0,0,0,5876
0.0,0.0,0,0,0,5876
0.0,0.0,0,0,0,5876
0.0,0.0,0,0,0,5876
0.0,0.0,0,0,0,5876
0.0,0.0,0,0,0,5876
0.0,0.0,0,0,0,5876
0.0,0.0,0,0,0,5876
0.0,0.0,0,0,0,5876
0.0,0.0,0,0,0,5876
0.0,0.0,0,0,0,5876
0.0,0.0,0,0,0,5876
0.0,0.0,0,0,0,5876
0.0,0.0,0,0,0,5876
0.0,0.0,0,0,0,5876
0.0,0.0,0,0,0,5876
0.0,0.0,0,0,0,5876
0.0,0.0,0,0,0,5876
0.0,0.0,0,0,0,5876
0.0,0.0,0,0,0,5876
0.0,0.0,0,0,0,5876
0.0,0.0,0,0,0,5876
0.0,0.0,0,0,0,5876
6.198050022125244,1.9738101590804888,1,0,0,5970
6.198050022125244,1.9738101590804888,1,0,0,5970
6.198050022125244,1.9738101590804888,1,0,0,5970
6.198050022125244,1.9738101590804888,1,0,0,5970
6.198050022125244,1.9738101590804888,1,0,0,5970
6.198050022125244,1.9738101590804888,1,0,0,5970
6.198050022125244,1.9738101590804888,1,0,0,5970
6.198050022125244,1.9738101590804888,1,0,0,5970
6.198050022125244,1.9738101590804888,1,0,0,5970
6.198050022125244,1.9738101590804888,1,0,0,5970
6.198050022125244,1.9738101590804888,1,0,0,5970
6.198050022125244,1.9738101590804888,1,0,0,5970
6.198050022125244,1.9738101590804888,1,0,0,5970
6.198050022125244,1.9738101590804888,1,0,0,5970
6.198050022125244,1.9738101590804888,1,0,0,5970
6.198050022125244,1.9738101590804888,1,0,0,5970
6.198050022125244,1.9738101590804888,1,0,0,5970
6.198050022125244,1.9738101590804888,1,0,0,5970
6.198050022125244,1.9738101590804888,1,0,0,5970
6.198050022125244,1.9738101590804888,1,0,0,5970
6.198050022125244,1.9738101590804888,1,0,0,5970
6.198050022125244,1.9738101590804888,1,0,0,5970
6.198050022125244,1.9738101590804888,1,0,0,5970
6.198050022125244,1.9738101590804888,1,0,0,5970
0.0,0.0,0,0,0,5981
0.0,0.0,0,0,0,5981
0.0,0.0,0,0,0,5981
0.0,0.0,0,0,0,5981
0.0,0.0,0,0,0,5981
0.0,0.0,0,0,0,5981
0.0,0.0,0,0,0,5981
0.0,0.0,0,0,0,5981
0.0,0.0,0,0,0,5981
0.0,0.0,0,0,0,5981
0.0,0.0,0,0,0,5981
0.0,0.0,0,0,0,5981
0.0,0.0,0,0,0,5981
0.0,0.0,0,0,0,5981
0.0,0.0,0,0,0,5981
0.0,0.0,0,0,0,5981
0.0,0.0,0,0,0,5981
0.0,0.0,0,0,0,5981
0.0,0.0,0,0,0,5981
0.0,0.0,0,0,0,5981
0.0,0.0,0,0,0,5981
0.0,0.0,0,0,0,5981
0.0,0.0,0,0,0,5981
0.0,0.0,0,0,0,5981
0.0,0.0,0,0,0,6001
0.0,0.0,0,0,0,6001
0.0,0.0,0,0,0,6001
0.0,0.0,0,0,0,6001
0.0,0.0,0,0,0,6001
0.0,0.0,0,0,0,6001
0.0,0.0,0,0,0,6001
0.0,0.0,0,0,0,6001
0.0,0.0,0,0,0,6001
0.0,0.0,0,0,0,6001
0.0,0.0,0,0,0,6001
0.0,0.0,0,0,0,6001
0.0,0.0,0,0,0,6001
0.0,0.0,0,0,0,6001
0.0,0.0,0,0,0,6001
0.0,0.0,0,0,0,6001
0.0,0.0,0,0,0,6001
0.0,0.0,0,0,0,6001
0.0,0.0,0,0,0,6001
0.0,0.0,0,0,0,6001
0.0,0.0,0,0,0,6001
0.0,0.0,0,0,0,6001
0.0,0.0,0,0,0,6001
0.0,0.0,0,0,0,6001
0.0,0.0,0,0,0,6009
0.0,0.0,0,0,0,6009
0.0,0.0,0,0,0,6009
0.0,0.0,0,0,0,6009
0.0,0.0,0,0,0,6009
0.0,0.0,0,0,0,6009
0.0,0.0,0,0,0,6009
0.0,0.0,0,0,0,6009
0.0,0.0,0,0,0,6009
0.0,0.0,0,0,0,6009
0.0,0.0,0,0,0,6009
0.0,0.0,0,0,0,6009
0.0,0.0,0,0,0,6009
0.0,0.0,0,0,0,6009
0.0,0.0,0,0,0,6009
0.0,0.0,0,0,0,6009
0.0,0.0,0,0,0,6009
0.0,0.0,0,0,0,6009
0.0,0.0,0,0,0,6009
0.0,0.0,0,0,0,6009
0.0,0.0,0,0,0,6009
0.0,0.0,0,0,0,6009
0.0,0.0,0,0,0,6009
0.0,0.0,0,0,0,6009
4.4576921463012695,1.6970260165732178,1,0,0,6044
4.4576921463012695,1.6970260165732178,1,0,0,6044
4.4576921463012695,1.6970260165732178,1,0,0,6044
4.4576921463012695,1.6970260165732178,1,0,0,6044
4.4576921463012695,1.6970260165732178,1,0,0,6044
4.4576921463012695,1.6970260165732178,1,0,0,6044
4.4576921463012695,1.6970260165732178,1,0,0,6044
4.4576921463012695,1.6970260165732178,1,0,0,6044
4.4576921463012695,1.6970260165732178,1,0,0,6044
4.4576921463012695,1.6970260165732178,1,0,0,6044
4.4576921463012695,1.6970260165732178,1,0,0,6044
4.4576921463012695,1.6970260165732178,1,0,0,6044
4.4576921463012695,1.6970260165732178,1,0,0,6044
4.4576921463012695,1.6970260165732178,1,0,0,6044
4.4576921463012695,1.6970260165732178,1,0,0,6044
4.4576921463012695,1.6970260165732178,1,0,0,6044
4.4576921463012695,1.6970260165732178,1,0,0,6044
4.4576921463012695,1.6970260165732178,1,0,0,6044
4.4576921463012695,1.6970260165732178,1,0,0,6044
4.4576921463012695,1.6970260165732178,1,0,0,6044
4.4576921463012695,1.6970260165732178,1,0,0,6044
4.4576921463012695,1.6970260165732178,1,0,0,6044
4.4576921463012695,1.6970260165732178,1,0,0,6044
4.4576921463012695,1.6970260165732178,1,0,0,6044
0.0,0.0,0,0,0,6128
0.0,0.0,0,0,0,6128
0.0,0.0,0,0,0,6128
0.0,0.0,0,0,0,6128
0.0,0.0,0,0,0,6128
0.0,0.0,0,0,0,6128
0.0,0.0,0,0,0,6128
0.0,0.0,0,0,0,6128
0.0,0.0,0,0,0,6128
0.0,0.0,0,0,0,6128
0.0,0.0,0,0,0,6128
0.0,0.0,0,0,0,6128
0.0,0.0,0,0,0,6128
0.0,0.0,0,0,0,6128
0.0,0.0,0,0,0,6128
0.0,0.0,0,0,0,6128
0.0,0.0,0,0,0,6128
0.0,0.0,0,0,0,6128
0.0,0.0,0,0,0,6128
0.0,0.0,0,0,0,6128
0.0,0.0,0,0,0,6128
0.0,0.0,0,0,0,6128
0.0,0.0,0,0,0,6128
0.0,0.0,0,0,0,6128
0.0,0.0,0,0,0,6261
0.0,0.0,0,0,0,6261
0.0,0.0,0,0,0,6261
0.0,0.0,0,0,0,6261
0.0,0.0,0,0,0,6261
0.0,0.0,0,0,0,6261
0.0,0.0,0,0,0,6261
0.0,0.0,0,0,0,6261
0.0,0.0,0,0,0,6261
0.0,0.0,0,0,0,6261
0.0,0.0,0,0,0,6261
0.0,0.0,0,0,0,6261
0.0,0.0,0,0,0,6261
0.0,0.0,0,0,0,6261
0.0,0.0,0,0,0,6261
0.0,0.0,0,0,0,6261
0.0,0.0,0,0,0,6261
0.0,0.0,0,0,0,6261
0.0,0.0,0,0,0,6261
0.0,0.0,0,0,0,6261
0.0,0.0,0,0,0,6261
0.0,0.0,0,0,0,6261
0.0,0.0,0,0,0,6261
0.0,0.0,0,0,0,6261
0.0,0.0,0,0,0,6305
0.0,0.0,0,0,0,6305
0.0,0.0,0,0,0,6305
0.0,0.0,0,0,0,6305
0.0,0.0,0,0,0,6305
0.0,0.0,0,0,0,6305
0.0,0.0,0,0,0,6305
0.0,0.0,0,0,0,6305
0.0,0.0,0,0,0,6305
0.0,0.0,0,0,0,6305
0.0,0.0,0,0,0,6305
0.0,0.0,0,0,0,6305
0.0,0.0,0,0,0,6305
0.0,0.0,0,0,0,6305
0.0,0.0,0,0,0,6305
0.0,0.0,0,0,0,6305
0.0,0.0,0,0,0,6305
0.0,0.0,0,0,0,6305
0.0,0.0,0,0,0,6305
0.0,0.0,0,0,0,6305
0.0,0.0,0,0,0,6305
0.0,0.0,0,0,0,6305
0.0,0.0,0,0,0,6305
0.0,0.0,0,0,0,6305
9.289558410644531,2.331129634507667,1,0,0,6351
9.289558410644531,2.331129634507667,1,0,0,6351
9.289558410644531,2.331129634507667,1,0,0,6351
9.289558410644531,2.331129634507667,1,0,0,6351
9.289558410644531,2.331129634507667,1,0,0,6351
9.289558410644531,2.331129634507667,1,0,0,6351
9.289558410644531,2.331129634507667,1,0,0,6351
9.289558410644531,2.331129634507667,1,0,0,6351
9.289558410644531,2.331129634507667,1,0,0,6351
9.289558410644531,2.331129634507667,1,0,0,6351
9.289558410644531,2.331129634507667,1,0,0,6351
9.289558410644531,2.331129634507667,1,0,0,6351
9.289558410644531,2.331129634507667,1,0,0,6351
9.289558410644531,2.331129634507667,1,0,0,6351
9.289558410644531,2.331129634507667,1,0,0,6351
9.289558410644531,2.331129634507667,1,0,0,6351
9.289558410644531,2.331129634507667,1,0,0,6351
9.289558410644531,2.331129634507667,1,0,0,6351
9.289558410644531,2.331129634507667,1,0,0,6351
9.289558410644531,2.331129634507667,1,0,0,6351
9.289558410644531,2.331129634507667,1,0,0,6351
9.289558410644531,2.331129634507667,1,0,0,6351
9.289558410644531,2.331129634507667,1,0,0,6351
9.289558410644531,2.331129634507667,1,0,0,6351
16.43487548828125,2.8584725386212564,2,0,0,6393
16.43487548828125,2.8584725386212564,2,0,0,6393
16.43487548828125,2.8584725386212564,2,0,0,6393
16.43487548828125,2.8584725386212564,2,0,0,6393
16.43487548828125,2.8584725386212564,2,0,0,6393
16.43487548828125,2.8584725386212564,2,0,0,6393
16.43487548828125,2.8584725386212564,2,0,0,6393
16.43487548828125,2.8584725386212564,2,0,0,6393
16.43487548828125,2.8584725386212564,2,0,0,6393
16.43487548828125,2.8584725386212564,2,0,0,6393
16.43487548828125,2.8584725386212564,2,0,0,6393
16.43487548828125,2.8584725386212564,2,0,0,6393
16.43487548828125,2.8584725386212564,2,0,0,6393
16.43487548828125,2.8584725386212564,2,0,0,6393
16.43487548828125,2.8584725386212564,2,0,0,6393
16.43487548828125,2.8584725386212564,2,0,0,6393
16.43487548828125,2.8584725386212564,2,0,0,6393
16.43487548828125,2.8584725386212564,2,0,0,6393
16.43487548828125,2.8584725386212564,2,0,0,6393
16.43487548828125,2.8584725386212564,2,0,0,6393
16.43487548828125,2.8584725386212564,2,0,0,6393
16.43487548828125,2.8584725386212564,2,0,0,6393
16.43487548828125,2.8584725386212564,2,0,0,6393
16.43487548828125,2.8584725386212564,2,0,0,6393
100.07392120361328,4.615852142243195,3,1,0,6397
100.07392120361328,4.615852142243195,3,1,0,6397
100.07392120361328,4.615852142243195,3,1,0,6397
100.07392120361328,4.615852142243195,3,1,0,6397
100.07392120361328,4.615852142243195,3,1,0,6397
100.07392120361328,4.615852142243195,3,1,0,6397
100.07392120361328,4.615852142243195,3,1,0,6397
100.07392120361328,4.615852142243195,3,1,0,6397
100.07392120361328,4.615852142243195,3,1,0,6397
100.07392120361328,4.615852142243195,3,1,0,6397
100.07392120361328,4.615852142243195,3,1,0,6397
100.07392120361328,4.615852142243195,3,1,0,6397
100.07392120361328,4.615852142243195,3,1,0,6397
100.07392120361328,4.615852142243195,3,1,0,6397
100.07392120361328,4.615852142243195,3,1,0,6397
100.07392120361328,4.615852142243195,3,1,0,6397
100.07392120361328,4.615852142243195,3,1,0,6397
100.07392120361328,4.615852142243195,3,1,0,6397
100.07392120361328,4.615852142243195,3,1,0,6397
100.07392120361328,4.615852142243195,3,1,0,6397
100.07392120361328,4.615852142243195,3,1,0,6397
100.07392120361328,4.615852142243195,3,1,0,6397
100.07392120361328,4.615852142243195,3,1,0,6397
100.07392120361328,4.615852142243195,3,1,0,6397
38.672019958496094,3.680646152274428,2,0,0,6444
38.672019958496094,3.680646152274428,2,0,0,6444
38.672019958496094,3.680646152274428,2,0,0,6444
38.672019958496094,3.680646152274428,2,0,0,6444
38.672019958496094,3.680646152274428,2,0,0,6444
38.672019958496094,3.680646152274428,2,0,0,6444
38.672019958496094,3.680646152274428,2,0,0,6444
38.672019958496094,3.680646152274428,2,0,0,6444
38.672019958496094,3.680646152274428,2,0,0,6444
38.672019958496094,3.680646152274428,2,0,0,6444
38.672019958496094,3.680646152274428,2,0,0,6444
38.672019958496094,3.680646152274428,2,0,0,6444
38.672019958496094,3.680646152274428,2,0,0,6444
38.672019958496094,3.680646152274428,2,0,0,6444
38.672019958496094,3.680646152274428,2,0,0,6444
38.672019958496094,3.680646152274428,2,0,0,6444
38.672019958496094,3.680646152274428,2,0,0,6444
38.672019958496094,3.680646152274428,2,0,0,6444
38.672019958496094,3.680646152274428,2,0,0,6444
38.672019958496094,3.680646152274428,2,0,0,6444
38.672019958496094,3.680646152274428,2,0,0,6444
38.672019958496094,3.680646152274428,2,0,0,6444
38.672019958496094,3.680646152274428,2,0,0,6444
38.672019958496094,3.680646152274428,2,0,0,6444
30.54393196105957,3.4513812396195243,2,0,0,6476
30.54393196105957,3.4513812396195243,2,0,0,6476
30.54393196105957,3.4513812396195243,2,0,0,6476
30.54393196105957,3.4513812396195243,2,0,1,6476
30.54393196105957,3.4513812396195243,2,0,1,6476
30.54393196105957,3.4513812396195243,2,0,1,6476
30.54393196105957,3.4513812396195243,2,0,1,6476
30.54393196105957,3.4513812396195243,2,0,1,6476
30.54393196105957,3.4513812396195243,2,0,1,6476
30.54393196105957,3.4513812396195243,2,0,1,6476
30.54393196105957,3.4513812396195243,2,0,1,6476
30.54393196105957,3.4513812396195243,2,0,1,6476
30.54393196105957,3.4513812396195243,2,0,1,6476
30.54393196105957,3.4513812396195243,2,0,1,6476
30.54393196105957,3.4513812396195243,2,0,1,6476
30.54393196105957,3.4513812396195243,2,0,1,6476
30.54393196105957,3.4513812396195243,2,0,1,6476
30.54393196105957,3.4513812396195243,2,0,1,6476
30.54393196105957,3.4513812396195243,2,0,0,6476
30.54393196105957,3.4513812396195243,2,0,0,6476
30.54393196105957,3.4513812396195243,2,0,0,6476
30.54393196105957,3.4513812396195243,2,0,0,6476
30.54393196105957,3.4513812396195243,2,0,0,6476
30.54393196105957,3.4513812396195243,2,0,0,6476
0.0,0.0,0,0,0,6714
0.0,0.0,0,0,0,6714
0.0,0.0,0,0,0,6714
0.0,0.0,0,0,0,6714
0.0,0.0,0,0,0,6714
0.0,0.0,0,0,0,6714
0.0,0.0,0,0,0,6714
0.0,0.0,0,0,0,6714
0.0,0.0,0,0,0,6714
0.0,0.0,0,0,0,6714
0.0,0.0,0,0,0,6714
0.0,0.0,0,0,0,6714
0.0,0.0,0,0,0,6714
0.0,0.0,0,0,0,6714
0.0,0.0,0,0,0,6714
0.0,0.0,0,0,0,6714
0.0,0.0,0,0,0,6714
0.0,0.0,0,0,0,6714
0.0,0.0,0,0,0,6714
0.0,0.0,0,0,0,6714
0.0,0.0,0,0,0,6714
0.0,0.0,0,0,0,6714
0.0,0.0,0,0,0,6714
0.0,0.0,0,0,0,6714
